region,code,countryname,year,survname,ref_year,cpi_domain,cpi_domain_value,cpi2021_unadj,cpi2017_unadj,cpi2011_unadj,cpi2011,cpi2017,cpi2021,version,comparability,cur_adj,survey_coverage,cpi_replication,cpi_domain_var,comparable,cpi2005,cpi_data_level,ref_year_AM24,cpi2011_AM24,cpi2017_AM24,change_cpi2017,change_icp2017,change_cpi2011,change_icp2011,cpi_id
SSA,AGO,Angola,2000,HBS,2000.21,National,1,0.006580985,0.014172994,0.033848061,0.033848061,0.014172994,0.006580985,14-Dec-25,0,1,N,,,,,2,2000.21,0.033848061,0.014172986,0,0,0,0,CPI_v12_M_v01_A
SSA,AGO,Angola,2008,IBEP-MICS,2008.5,National,1,0.14063645,0.3028786,0.723337197,0.723337197,0.3028786,0.14063645,14-Dec-25,1,1,N,,,,,2,2008.5,0.723337197,0.302878429,0,0,0,0,CPI_v12_M_v01_A
SSA,AGO,Angola,2018,IDREA,2018.17,National,1,0.571606031,1.231026762,2.939948376,2.939948376,1.231026762,0.571606031,14-Dec-25,2,1,N,,,,,2,2018.17,2.939984674,1.231041268,1,0,1,0,CPI_v12_M_v01_A
ECA,ALB,Albania,1996,EWS,1996,National,1,0.37247661,0.399635231,0.444572454,0.444572454,0.399635231,0.37247661,14-Dec-25,0,1,N,,,,,2,1996,0.444572454,0.399635231,0,0,0,0,CPI_v12_M_v01_A
ECA,ALB,Albania,2002,LSMS,2002,National,1,0.653954785,0.701637002,0.780532996,0.780532996,0.701637002,0.653954785,14-Dec-25,1,1,N,,,,,2,2002,0.780532996,0.701637002,0,0,0,0,CPI_v12_M_v01_A
ECA,ALB,Albania,2005,LSMS,2005,National,1,0.702719969,0.753957831,0.838737073,0.838737073,0.753957831,0.702719969,14-Dec-25,1,1,N,,,,,2,2005,0.838737073,0.753957831,0,0,0,0,CPI_v12_M_v01_A
ECA,ALB,Albania,2008,LSMS,2008,National,1,0.764380298,0.820114038,0.912332254,0.912332254,0.820114038,0.764380298,14-Dec-25,1,1,N,,,,,2,2008,0.912332254,0.820114038,0,0,0,0,CPI_v12_M_v01_A
ECA,ALB,Albania,2012,LSMS,2012,National,1,0.854852363,0.91718275,1.020315916,1.020315916,0.91718275,0.854852363,14-Dec-25,1,1,N,,,,,2,2012,1.020315916,0.91718275,0,0,0,0,CPI_v12_M_v01_A
ECA,ALB,Albania,2014,HBS,2014,National,1,0.885584231,0.95015539,1.056996184,1.056996184,0.95015539,0.885584231,14-Dec-25,2,1,N,,,,,2,2014,1.056996184,0.95015539,0,0,0,0,CPI_v12_M_v01_A
ECA,ALB,Albania,2015,HBS,2015,National,1,0.902376435,0.968171975,1.077038655,1.077038655,0.968171975,0.902376435,14-Dec-25,2,1,N,,,,,2,2015,1.077038655,0.968171975,0,0,0,0,CPI_v12_M_v01_A
ECA,ALB,Albania,2016,HBS,2016,National,1,0.913885667,0.980520387,1.090775591,1.090775591,0.980520387,0.913885667,14-Dec-25,2,1,N,,,,,2,2016,1.090775591,0.980520387,0,0,0,0,CPI_v12_M_v01_A
ECA,ALB,Albania,2017,HBS,2017,National,1,0.932041474,1,1.112445601,1.112445601,1,0.932041474,14-Dec-25,2,1,N,,,,,2,2017,1.112445601,1,0,0,0,0,CPI_v12_M_v01_A
ECA,ALB,Albania,2017,SILC-C,2016,National,1,0.913885667,0.980520387,1.090775591,1.090775591,0.980520387,0.913885667,14-Dec-25,4,1,N,,,,,2,2016,1.090775591,0.980520387,0,0,0,0,CPI_v12_M_v01_A
ECA,ALB,Albania,2018,HBS,2018,National,1,0.95094379,1.020280552,1.135006612,1.135006612,1.020280552,0.95094379,14-Dec-25,3,1,N,,,,,2,2018,1.135006612,1.020280552,0,0,0,0,CPI_v12_M_v01_A
ECA,ALB,Albania,2018,SILC-C,2017,National,1,0.932041474,1,1.112445601,1.112445601,1,0.932041474,14-Dec-25,4,1,N,,,,,2,2017,1.112445601,1,0,0,0,0,CPI_v12_M_v01_A
ECA,ALB,Albania,2019,HBS,2019,National,1,0.964362462,1.034677628,1.151022575,1.151022575,1.034677628,0.964362462,14-Dec-25,3,1,N,,,,,2,2019,1.151022575,1.034677628,0,0,0,0,CPI_v12_M_v01_A
ECA,ALB,Albania,2019,SILC-C,2018,National,1,0.95094379,1.020280552,1.135006612,1.135006612,1.020280552,0.95094379,14-Dec-25,4,1,N,,,,,2,2018,1.135006612,1.020280552,0,0,0,0,CPI_v12_M_v01_A
ECA,ALB,Albania,2020,HBS,2020,National,1,0.979993712,1.051448609,1.16967938,1.16967938,1.051448609,0.979993712,14-Dec-25,3,1,N,,,,,2,2020,1.16967938,1.051448609,0,0,0,0,CPI_v12_M_v01_A
MNA,ARE,United Arab Emirates,2014,HIES,2013.42,National,1,0.922829019,0.915027112,1.027735577,1.027735577,0.915027112,0.922829019,14-Dec-25,0,1,N,,,,,2,2013.42,1.027735577,0.915027112,0,0,0,0,CPI_v12_M_v01_A
MNA,ARE,United Arab Emirates,2019,HIES,2018,National,1,1.039474412,1.030686345,1.157641136,1.157641136,1.030686345,1.039474412,14-Dec-25,0,1,N,,,,,2,2018,1.157641136,1.030686345,0,0,0,0,CPI_v12_M_v01_A
LAC,ARG,Argentina,1980,EPH,1980,National,1,1.26E-10,5.49E-10,2.66E-09,0.265634303,0.05489375,0.01263222,14-Dec-25,0,1.00E-08,U,,,,,2,1980,0.265634303,0.05489375,0,0,0,0,CPI_v12_M_v01_A
LAC,ARG,Argentina,1986,EPH,1986,National,1,3.24E-07,1.41E-06,6.81E-06,0.068085338,0.014069943,0.003237793,14-Dec-25,0,0.0001,U,,,,,2,1986,0.068085338,0.014069943,0,0,0,0,CPI_v12_M_v01_A
LAC,ARG,Argentina,1987,EPH,1987,National,1,7.49E-07,3.25E-06,1.57505E-05,0.157505008,0.03254866,0.007490139,14-Dec-25,0,0.0001,U,,,,,2,1987,0.157505008,0.03254866,0,0,0,0,CPI_v12_M_v01_A
LAC,ARG,Argentina,1991,EPH,1991,National,1,0.0075689,0.032890918,0.159161217,1591.612175,328.9091827,75.68900409,14-Dec-25,0,0.0001,U,,,,,2,1991,1591.612175,328.9091827,0,0,0,0,CPI_v12_M_v01_A
LAC,ARG,Argentina,1992,EPH,1992,National,1,0.008930438,0.038807526,0.187792054,0.187792054,0.038807526,0.008930438,14-Dec-25,1,1,U,,,,,2,1992,0.187792054,0.038807526,0,0,0,0,CPI_v12_M_v01_A
LAC,ARG,Argentina,1993,EPH,1993,National,1,0.009722701,0.042250333,0.204452012,0.204452012,0.042250333,0.009722701,14-Dec-25,1,1,U,,,,,2,1993,0.204452012,0.042250333,0,0,0,0,CPI_v12_M_v01_A
LAC,ARG,Argentina,1994,EPH,1994,National,1,0.010081784,0.04381074,0.212002921,0.212002921,0.04381074,0.010081784,14-Dec-25,1,1,U,,,,,2,1994,0.212002921,0.04381074,0,0,0,0,CPI_v12_M_v01_A
LAC,ARG,Argentina,1995,EPH,1995,National,1,0.010300472,0.044761058,0.216601569,0.216601569,0.044761058,0.010300472,14-Dec-25,1,1,U,,,,,2,1995,0.216601569,0.044761058,0,0,0,0,CPI_v12_M_v01_A
LAC,ARG,Argentina,1996,EPH,1996,National,1,0.010321555,0.044852673,0.217044898,0.217044898,0.044852673,0.010321555,14-Dec-25,1,1,U,,,,,2,1996,0.217044898,0.044852673,0,0,0,0,CPI_v12_M_v01_A
LAC,ARG,Argentina,1997,EPH,1997,National,1,0.010380482,0.045108742,0.218284032,0.218284032,0.045108742,0.010380482,14-Dec-25,1,1,U,,,,,2,1997,0.218284032,0.045108742,0,0,0,0,CPI_v12_M_v01_A
LAC,ARG,Argentina,1998,EPH,1998,National,1,0.010495306,0.045607713,0.220698587,0.220698587,0.045607713,0.010495306,14-Dec-25,2,1,U,,,,,2,1998,0.220698587,0.045607713,0,0,0,0,CPI_v12_M_v01_A
LAC,ARG,Argentina,1999,EPH,1999,National,1,0.010282301,0.044682094,0.216219458,0.216219458,0.044682094,0.010282301,14-Dec-25,2,1,U,,,,,2,1999,0.216219458,0.044682094,0,0,0,0,CPI_v12_M_v01_A
LAC,ARG,Argentina,2000,EPH,2000,National,1,0.010210462,0.044369917,0.214708812,0.214708812,0.044369917,0.010210462,14-Dec-25,2,1,U,,,,,2,2000,0.214708812,0.044369917,0,0,0,0,CPI_v12_M_v01_A
LAC,ARG,Argentina,2001,EPH,2001,National,1,0.010094974,0.043868061,0.212280298,0.212280298,0.043868061,0.010094974,14-Dec-25,2,1,U,,,,,2,2001,0.212280298,0.043868061,0,0,0,0,CPI_v12_M_v01_A
LAC,ARG,Argentina,2002,EPH,2002,National,1,0.013980291,0.060751838,0.293981957,0.293981957,0.060751838,0.013980291,14-Dec-25,2,1,U,,,,,2,2002,0.293981957,0.060751838,0,0,0,0,CPI_v12_M_v01_A
LAC,ARG,Argentina,2003,EPHC-S2,2003,National,1,0.014530158,0.063141302,0.305544724,0.305544724,0.063141302,0.014530158,14-Dec-25,3,1,U,,,,,2,2003,0.305544724,0.063141302,0,0,0,0,CPI_v12_M_v01_A
LAC,ARG,Argentina,2004,EPHC-S2,2004,National,1,0.015338319,0.066653196,0.322538999,0.322538999,0.066653196,0.015338319,14-Dec-25,3,1,U,,,,,2,2004,0.322538999,0.066653196,0,0,0,0,CPI_v12_M_v01_A
LAC,ARG,Argentina,2005,EPHC-S2,2005,National,1,0.01698997,0.0738305,0.357270421,0.357270421,0.0738305,0.01698997,14-Dec-25,3,1,U,,,,,2,2005,0.357270421,0.0738305,0,0,0,0,CPI_v12_M_v01_A
LAC,ARG,Argentina,2006,EPHC-S2,2006,National,1,0.018748285,0.081471318,0.394244821,0.394244821,0.081471318,0.018748285,14-Dec-25,3,1,U,,,,,2,2006,0.394244821,0.081471318,0,0,0,0,CPI_v12_M_v01_A
LAC,ARG,Argentina,2007,EPHC-S2,2007,National,1,0.022953762,0.099746367,0.482678927,0.482678927,0.099746367,0.022953762,14-Dec-25,3,1,U,,,,,2,2007,0.482678927,0.099746367,0,0,0,0,CPI_v12_M_v01_A
LAC,ARG,Argentina,2008,EPHC-S2,2008,National,1,0.028807117,0.125182322,0.605765114,0.605765114,0.125182322,0.028807117,14-Dec-25,3,1,U,,,,,2,2008,0.605765114,0.125182322,0,0,0,0,CPI_v12_M_v01_A
LAC,ARG,Argentina,2009,EPHC-S2,2009,National,1,0.032831074,0.142668568,0.690382152,0.690382152,0.142668568,0.032831074,14-Dec-25,3,1,U,,,,,2,2009,0.690382152,0.142668568,0,0,0,0,CPI_v12_M_v01_A
LAC,ARG,Argentina,2010,EPHC-S2,2010,National,1,0.040900783,0.177735765,0.860074521,0.860074521,0.177735765,0.040900783,14-Dec-25,3,1,U,,,,,2,2010,0.860074521,0.177735765,0,0,0,0,CPI_v12_M_v01_A
LAC,ARG,Argentina,2011,EPHC-S2,2011,National,1,0.049765855,0.216259244,1.046492054,1.046492054,0.216259244,0.049765855,14-Dec-25,3,1,U,,,,,2,2011,1.046492054,0.216259244,0,0,0,0,CPI_v12_M_v01_A
LAC,ARG,Argentina,2012,EPHC-S2,2012,National,1,0.062377051,0.271061629,1.311684231,1.311684231,0.271061629,0.062377051,14-Dec-25,3,1,U,,,,,2,2012,1.311684231,0.271061629,0,0,0,0,CPI_v12_M_v01_A
LAC,ARG,Argentina,2013,EPHC-S2,2013,National,1,0.079027408,0.343416331,1.661813174,1.661813174,0.343416331,0.079027408,14-Dec-25,3,1,U,,,,,2,2013,1.661813174,0.343416331,0,0,0,0,CPI_v12_M_v01_A
LAC,ARG,Argentina,2014,EPHC-S2,2014,National,1,0.110914429,0.481982484,2.332343486,2.332343486,0.481982484,0.110914429,14-Dec-25,3,1,U,,,,,2,2014,2.332343486,0.481982484,0,0,0,0,CPI_v12_M_v01_A
LAC,ARG,Argentina,2016,EPHC-S2,2016,National,1,0.196619395,0.854416376,4.134574463,4.134574463,0.854416376,0.196619395,14-Dec-25,3,1,U,,,,,2,2016,4.134574463,0.854416376,0,0,0,0,CPI_v12_M_v01_A
LAC,ARG,Argentina,2017,EPHC-S2,2017,National,1,0.24186266,1.051022544,5.085964047,5.085964047,1.051022544,0.24186266,14-Dec-25,3,1,U,,,,,2,2017,5.085964047,1.051022544,0,0,0,0,CPI_v12_M_v01_A
LAC,ARG,Argentina,2018,EPHC-S2,2018,National,1,0.342360493,1.487739353,7.199264088,7.199264088,1.487739353,0.342360493,14-Dec-25,3,1,U,,,,,2,2018,7.199264088,1.487739353,0,0,0,0,CPI_v12_M_v01_A
LAC,ARG,Argentina,2019,EPHC-S2,2019,National,1,0.524079354,2.277404942,11.02050543,11.02050543,2.277404942,0.524079354,14-Dec-25,3,1,U,,,,,2,2019,11.02050543,2.277404942,0,0,0,0,CPI_v12_M_v01_A
LAC,ARG,Argentina,2020,EPHC-S2,2020,National,1,0.72314238,3.1424402,15.20646532,15.20646532,3.1424402,0.72314238,14-Dec-25,3,1,U,,,,,2,2020,15.20646532,3.1424402,0,0,0,0,CPI_v12_M_v01_A
LAC,ARG,Argentina,2021,EPHC-S2,2021,National,1,1.096529004,4.765004677,23.05815665,23.05815665,4.765004677,1.096529004,14-Dec-25,3,1,U,,,,,2,2021,23.05815665,4.765004677,0,0,0,0,CPI_v12_M_v01_A
LAC,ARG,Argentina,2022,EPHC-S2,2022,National,1,2.029257403,8.818208163,42.67186267,42.67186267,8.818208163,2.029257403,14-Dec-25,3,1,U,,,,,2,2022,42.67186267,8.818208163,0,0,0,0,CPI_v12_M_v01_A
LAC,ARG,Argentina,2023,EPHC-S2,2023,National,1,5.100625353,22.16494372,107.2575536,107.2575536,22.16494372,5.100625353,14-Dec-25,3,1,U,,,,,2,,,,1,1,1,1,CPI_v12_M_v01_A
ECA,ARM,Armenia,1996,ILCS,1996,National,1,0.375090825,0.423187648,0.488278019,0.488278019,0.423187648,0.375090825,14-Dec-25,0,1,N,,,,,2,1996,0.488278019,0.423187648,0,0,0,0,CPI_v12_M_v01_A
ECA,ARM,Armenia,1999,ILCS,1999,National,1,0.467538719,0.527489871,0.608622937,0.608622937,0.527489871,0.467538719,14-Dec-25,1,1,N,,,,,2,1999,0.608622937,0.527489871,0,0,0,0,CPI_v12_M_v01_A
ECA,ARM,Armenia,2001,ILCS,2001,National,1,0.478433062,0.539781164,0.622804751,0.622804751,0.539781164,0.478433062,14-Dec-25,1,1,N,,,,,2,2001,0.622804751,0.539781164,0,0,0,0,CPI_v12_M_v01_A
ECA,ARM,Armenia,2002,ILCS,2002,National,1,0.483504683,0.545503104,0.629406781,0.629406781,0.545503104,0.483504683,14-Dec-25,1,1,N,,,,,2,2002,0.629406781,0.545503104,0,0,0,0,CPI_v12_M_v01_A
ECA,ARM,Armenia,2003,ILCS,2003,National,1,0.506333619,0.571259329,0.659124564,0.659124564,0.571259329,0.506333619,14-Dec-25,1,1,N,,,,,2,2003,0.659124564,0.571259329,0,0,0,0,CPI_v12_M_v01_A
ECA,ARM,Armenia,2004,ILCS,2004,National,1,0.541562639,0.611005666,0.704984273,0.704984273,0.611005666,0.541562639,14-Dec-25,1,1,N,,,,,2,2004,0.704984273,0.611005666,0,0,0,0,CPI_v12_M_v01_A
ECA,ARM,Armenia,2005,ILCS,2005,National,1,0.545034876,0.614923138,0.70950429,0.70950429,0.614923138,0.545034876,14-Dec-25,1,1,N,,,,,2,2005,0.70950429,0.614923138,0,0,0,0,CPI_v12_M_v01_A
ECA,ARM,Armenia,2006,ILCS,2006,National,1,0.560777349,0.632684224,0.729997203,0.729997203,0.632684224,0.560777349,14-Dec-25,1,1,N,,,,,2,2006,0.729997203,0.632684224,0,0,0,0,CPI_v12_M_v01_A
ECA,ARM,Armenia,2007,ILCS,2007,National,1,0.585522366,0.660602223,0.762209263,0.762209263,0.660602223,0.585522366,14-Dec-25,1,1,N,,,,,2,2007,0.762209263,0.660602223,0,0,0,0,CPI_v12_M_v01_A
ECA,ARM,Armenia,2008,ILCS,2008,National,1,0.637926375,0.719725848,0.830426675,0.830426675,0.719725848,0.637926375,14-Dec-25,1,1,N,,,,,2,2008,0.830426675,0.719725848,0,0,0,0,CPI_v12_M_v01_A
ECA,ARM,Armenia,2009,ILCS,2009,National,1,0.65965452,0.74424013,0.858711492,0.858711492,0.74424013,0.65965452,14-Dec-25,1,1,N,,,,,2,2009,0.858711492,0.74424013,0,0,0,0,CPI_v12_M_v01_A
ECA,ARM,Armenia,2010,ILCS,2010,National,1,0.713600583,0.805103543,0.928936289,0.928936289,0.805103543,0.713600583,14-Dec-25,1,1,N,,,,,2,2010,0.928936289,0.805103543,0,0,0,0,CPI_v12_M_v01_A
ECA,ARM,Armenia,2011,ILCS,2011,National,1,0.768191093,0.866694037,1,1,0.866694037,0.768191093,14-Dec-25,1,1,N,,,,,2,2011,1,0.866694037,0,0,0,0,CPI_v12_M_v01_A
ECA,ARM,Armenia,2012,ILCS,2012,National,1,0.787841568,0.888864237,1.025580192,1.025580192,0.888864237,0.787841568,14-Dec-25,1,1,N,,,,,2,2012,1.025580192,0.888864237,0,0,0,0,CPI_v12_M_v01_A
ECA,ARM,Armenia,2013,ILCS,2013,National,1,0.83345496,0.940326503,1.084957854,1.084957854,0.940326503,0.83345496,14-Dec-25,1,1,N,,,,,2,2013,1.084957854,0.940326503,0,0,0,0,CPI_v12_M_v01_A
ECA,ARM,Armenia,2014,ILCS,2014,National,1,0.858302821,0.968360534,1.117303791,1.117303791,0.968360534,0.858302821,14-Dec-25,1,1,N,,,,,2,2014,1.117303791,0.968360534,0,0,0,0,CPI_v12_M_v01_A
ECA,ARM,Armenia,2015,ILCS,2015,National,1,0.890332038,1.004496767,1.158998128,1.158998128,1.004496767,0.890332038,14-Dec-25,1,1,N,,,,,2,2015,1.158998128,1.004496767,0,0,0,0,CPI_v12_M_v01_A
ECA,ARM,Armenia,2016,ILCS,2016,National,1,0.877835263,0.990397565,1.142730332,1.142730332,0.990397565,0.877835263,14-Dec-25,1,1,N,,,,,2,2016,1.142730332,0.990397565,0,0,0,0,CPI_v12_M_v01_A
ECA,ARM,Armenia,2017,ILCS,2017,National,1,0.886346346,1,1.153809715,1.153809715,1,0.886346346,14-Dec-25,1,1,N,,,,,2,2017,1.153809715,1,0,0,0,0,CPI_v12_M_v01_A
ECA,ARM,Armenia,2018,ILCS,2018,National,1,0.908684365,1.02520236,1.182888442,1.182888442,1.02520236,0.908684365,14-Dec-25,1,1,N,,,,,2,2018,1.182888442,1.02520236,0,0,0,0,CPI_v12_M_v01_A
ECA,ARM,Armenia,2019,ILCS,2019,National,1,0.921800761,1.040000634,1.199962835,1.199962835,1.040000634,0.921800761,14-Dec-25,2,1,N,,,,,2,2019,1.199962835,1.040000634,0,0,0,0,CPI_v12_M_v01_A
ECA,ARM,Armenia,2020,ILCS,2020,National,1,0.932967757,1.052599541,1.214499576,1.214499576,1.052599541,0.932967757,14-Dec-25,2,1,N,,,,,2,2020,1.214499576,1.052599541,0,0,0,0,CPI_v12_M_v01_A
ECA,ARM,Armenia,2021,ILCS,2021,National,1,1,1.128227137,1.301759431,1.301759431,1.128227137,1,14-Dec-25,2,1,N,,,,,2,2021,1.301759431,1.128227137,0,0,0,0,CPI_v12_M_v01_A
ECA,ARM,Armenia,2022,ILCS,2022,National,1,1.086409086,1.225716213,1.414243274,1.414243274,1.225716213,1.086409086,14-Dec-25,2,1,N,,,,,2,2022,1.414243274,1.225716213,0,0,0,0,CPI_v12_M_v01_A
ECA,ARM,Armenia,2023,ILCS,2023,National,1,1.107924575,1.249990571,1.442251264,1.442251264,1.249990571,1.107924575,14-Dec-25,2,1,N,,,,,2,,,,1,1,1,1,CPI_v12_M_v01_A
EAP,AUS,Australia,1981,IHS-LIS,1981,National,1,0.24157421,0.259500787,0.2906069,0.2906069,0.259500787,0.24157421,14-Dec-25,0,1,N,,,,,2,1981,0.2906069,0.259500787,0,0,0,0,CPI_v12_M_v01_A
EAP,AUS,Australia,1985,IDS-LIS,1985,National,1,0.328448817,0.352822127,0.395114581,0.395114581,0.352822127,0.328448817,14-Dec-25,1,1,N,,,,,2,1985,0.395114581,0.352822127,0,0,0,0,CPI_v12_M_v01_A
EAP,AUS,Australia,1989,SIHCA-LIS,1989,National,1,0.44818924,0.481448167,0.539158902,0.539158902,0.481448167,0.44818924,14-Dec-25,2,1,N,,,,,2,1989,0.539158902,0.481448167,0,0,0,0,CPI_v12_M_v01_A
EAP,AUS,Australia,1995,SIH-LIS,1995,National,1,0.544274649,0.584663818,0.654746915,0.654746915,0.584663818,0.544274649,14-Dec-25,3,1,N,,,,,2,1995,0.654746915,0.584663818,0,0,0,0,CPI_v12_M_v01_A
EAP,AUS,Australia,2001,SIH-LIS,2001,National,1,0.624869165,0.671239038,0.751699824,0.751699824,0.671239038,0.624869165,14-Dec-25,3,1,N,,,,,2,2001,0.751699824,0.671239038,0,0,0,0,CPI_v12_M_v01_A
EAP,AUS,Australia,2003,SIH-LIS,2003,National,1,0.661084363,0.710141669,0.795265676,0.795265676,0.710141669,0.661084363,14-Dec-25,3,1,N,,,,,2,2003,0.795265676,0.710141669,0,0,0,0,CPI_v12_M_v01_A
EAP,AUS,Australia,2004,SIH-HES-LIS,2004,National,1,0.676575256,0.7267821,0.813900781,0.813900781,0.7267821,0.676575256,14-Dec-25,3,1,N,,,,,2,2004,0.813900781,0.7267821,0,0,0,0,CPI_v12_M_v01_A
EAP,AUS,Australia,2008,SIH-LIS,2008,National,1,0.768264601,0.825275467,0.924200453,0.924200453,0.825275467,0.768264601,14-Dec-25,3,1,N,,,,,2,2008,0.924200453,0.825275467,0,0,0,0,CPI_v12_M_v01_A
EAP,AUS,Australia,2010,SIH-HES-LIS,2010,National,1,0.804689135,0.864402968,0.968018131,0.968018131,0.864402968,0.804689135,14-Dec-25,3,1,N,,,,,2,2010,0.968018131,0.864402968,0,0,0,0,CPI_v12_M_v01_A
EAP,AUS,Australia,2014,SIH-LIS,2014,National,1,0.88821436,0.954126377,1.0684966,1.0684966,0.954126377,0.88821436,14-Dec-25,3,1,N,,,,,2,2014,1.0684966,0.954126377,0,0,0,0,CPI_v12_M_v01_A
EAP,AUS,Australia,2016,SIH-HES-LIS,2016,National,1,0.913125393,0.980885991,1.098463863,1.098463863,0.980885991,0.913125393,14-Dec-25,3,1,N,,,,,2,2016,1.098463863,0.980885991,0,0,0,0,CPI_v12_M_v01_A
EAP,AUS,Australia,2018,SIH-LIS,2018,National,1,0.948712581,1.019114009,1.141274238,1.141274238,1.019114009,0.948712581,14-Dec-25,3,1,N,,,,,2,2018,1.141274238,1.019114009,0,0,0,0,CPI_v12_M_v01_A
ECA,AUT,Austria,1994,ECHP-LIS,1994,National,1,0.612753704,0.661135053,0.72970973,10.04080588,9.09721833,8.431490971,14-Dec-25,1,0.072674419,N,,,,,2,1994,10.04080588,9.09721833,0,0,0,0,CPI_v12_M_v01_A
ECA,AUT,Austria,1995,ECHP-LIS,1995,National,1,0.62649998,0.675966697,0.746079751,10.26605737,9.301301746,8.620639722,14-Dec-25,1,0.072674419,N,,,,,2,1995,10.26605737,9.301301746,0,0,0,0,CPI_v12_M_v01_A
ECA,AUT,Austria,1996,ECHP-LIS,1996,National,1,0.638158979,0.688546258,0.759964098,10.45710599,9.474396516,8.781067551,14-Dec-25,1,0.072674419,N,,,,,2,1996,10.45710599,9.474396516,0,0,0,0,CPI_v12_M_v01_A
ECA,AUT,Austria,1997,ECHP-LIS,1997,National,1,0.646493198,0.697538524,0.769889065,10.59367354,9.598130093,8.895746401,14-Dec-25,1,0.072674419,N,,,,,2,1997,10.59367354,9.598130093,0,0,0,0,CPI_v12_M_v01_A
ECA,AUT,Austria,1998,ECHP-LIS,1998,National,1,0.652456924,0.70397313,0.776991086,10.69139734,9.686670269,8.977807276,14-Dec-25,1,0.072674419,N,,,,,2,1998,10.69139734,9.686670269,0,0,0,0,CPI_v12_M_v01_A
ECA,AUT,Austria,1999,ECHP-LIS,1999,National,1,0.656169312,0.707978638,0.781412056,10.75222989,9.741786061,9.028889738,14-Dec-25,1,0.072674419,N,,,,,2,1999,10.75222989,9.741786061,0,0,0,0,CPI_v12_M_v01_A
ECA,AUT,Austria,2000,ECHP-LIS,2000,National,1,0.671555586,0.72457977,0.799735101,11.00435499,9.970217635,9.240604867,14-Dec-25,1,0.072674419,N,,,,,2,2000,11.00435499,9.970217635,0,0,0,0,CPI_v12_M_v01_A
ECA,AUT,Austria,2003,EU-SILC,2003,National,1,0.711345272,0.76751114,0.847119426,0.847119426,0.76751114,0.711345272,14-Dec-25,2,1,N,,,,,2,2003,0.847119426,0.76751114,0,0,0,0,CPI_v12_M_v01_A
ECA,AUT,Austria,2004,EU-SILC,2004,National,1,0.726007565,0.783331127,0.864580304,0.864580304,0.783331127,0.726007565,14-Dec-25,2,1,N,,,,,2,2004,0.864580304,0.783331127,0,0,0,0,CPI_v12_M_v01_A
ECA,AUT,Austria,2005,EU-SILC,2005,National,1,0.742699511,0.801341023,0.884458234,0.884458234,0.801341023,0.742699511,14-Dec-25,2,1,N,,,,,2,2005,0.884458234,0.801341023,0,0,0,0,CPI_v12_M_v01_A
ECA,AUT,Austria,2006,EU-SILC,2006,National,1,0.753405834,0.812892689,0.897208069,0.897208069,0.812892689,0.753405834,14-Dec-25,2,1,N,,,,,2,2006,0.897208069,0.812892689,0,0,0,0,CPI_v12_M_v01_A
ECA,AUT,Austria,2007,EU-SILC,2007,National,1,0.769743853,0.830520713,0.916664518,0.916664518,0.830520713,0.769743853,14-Dec-25,2,1,N,,,,,2,2007,0.916664518,0.830520713,0,0,0,0,CPI_v12_M_v01_A
ECA,AUT,Austria,2008,EU-SILC,2008,National,1,0.794498463,0.857229878,0.946144029,0.946144029,0.857229878,0.794498463,14-Dec-25,2,1,N,,,,,2,2008,0.946144029,0.857229878,0,0,0,0,CPI_v12_M_v01_A
ECA,AUT,Austria,2009,EU-SILC,2009,National,1,0.798521049,0.861570077,0.950934405,0.950934405,0.861570077,0.798521049,14-Dec-25,2,1,N,,,,,2,2009,0.950934405,0.861570077,0,0,0,0,CPI_v12_M_v01_A
ECA,AUT,Austria,2010,EU-SILC,2010,National,1,0.813002533,0.877194978,0.968179962,0.968179962,0.877194978,0.813002533,14-Dec-25,2,1,N,,,,,2,2010,0.968179962,0.877194978,0,0,0,0,CPI_v12_M_v01_A
ECA,AUT,Austria,2011,EU-SILC,2011,National,1,0.839722535,0.906024719,1,1,0.906024719,0.839722535,14-Dec-25,2,1,N,,,,,2,2011,1,0.906024719,0,0,0,0,CPI_v12_M_v01_A
ECA,AUT,Austria,2012,EU-SILC,2012,National,1,0.860595298,0.928545538,1.024856738,1.024856738,0.928545538,0.860595298,14-Dec-25,2,1,N,,,,,2,2012,1.024856738,0.928545538,0,0,0,0,CPI_v12_M_v01_A
ECA,AUT,Austria,2013,EU-SILC,2013,National,1,0.877808521,0.947117869,1.04535544,1.04535544,0.947117869,0.877808521,14-Dec-25,2,1,N,,,,,2,2013,1.04535544,0.947117869,0,0,0,0,CPI_v12_M_v01_A
ECA,AUT,Austria,2014,EU-SILC,2014,National,1,0.891904505,0.962326834,1.062141919,1.062141919,0.962326834,0.891904505,14-Dec-25,2,1,N,,,,,2,2014,1.062141919,0.962326834,0,0,0,0,CPI_v12_M_v01_A
ECA,AUT,Austria,2015,EU-SILC,2015,National,1,0.899900986,0.970954695,1.071664685,1.071664685,0.970954695,0.899900986,14-Dec-25,2,1,N,,,,,2,2015,1.071664685,0.970954695,0,0,0,0,CPI_v12_M_v01_A
ECA,AUT,Austria,2016,EU-SILC,2016,National,1,0.907924387,0.979611601,1.081219508,1.081219508,0.979611601,0.907924387,14-Dec-25,2,1,N,,,,,2,2016,1.081219508,0.979611601,0,0,0,0,CPI_v12_M_v01_A
ECA,AUT,Austria,2017,EU-SILC,2017,National,1,0.926820778,1,1.103722646,1.103722646,1,0.926820778,14-Dec-25,2,1,N,,,,,2,2017,1.103722646,1,0,0,0,0,CPI_v12_M_v01_A
ECA,AUT,Austria,2018,EU-SILC,2018,National,1,0.945342153,1.019983772,1.125779188,1.125779188,1.019983772,0.945342153,14-Dec-25,2,1,N,,,,,2,2018,1.125779188,1.019983772,0,0,0,0,CPI_v12_M_v01_A
ECA,AUT,Austria,2019,EU-SILC,2019,National,1,0.959814395,1.035598702,1.143013739,1.143013739,1.035598702,0.959814395,14-Dec-25,2,1,N,,,,,2,2019,1.143013739,1.035598702,0,0,0,0,CPI_v12_M_v01_A
ECA,AUT,Austria,2020,EU-SILC,2020,National,1,0.973078161,1.049909739,1.158809155,1.158809155,1.049909739,0.973078161,14-Dec-25,2,1,N,,,,,2,2020,1.158809155,1.049909739,0,0,0,0,CPI_v12_M_v01_A
ECA,AUT,Austria,2021,EU-SILC,2021,National,1,1,1.078957252,1.190869553,1.190869553,1.078957252,1,14-Dec-25,2,1,N,,,,,2,2021,1.190869553,1.078957252,0,0,0,0,CPI_v12_M_v01_A
ECA,AUT,Austria,2022,EU-SILC,2022,National,1,1.085468665,1.171174288,1.292651584,1.292651584,1.171174288,1.085468665,14-Dec-25,2,1,N,,,,,2,,,,1,1,1,1,CPI_v12_M_v01_A
ECA,AZE,Azerbaijan,1995,SLC,1995,National,1,0.247794354,0.284977753,0.395023253,1975.116266,1424.888765,1238.971771,14-Dec-25,0,0.0002,N,,,,,2,1995,1975.116266,1424.888765,0,0,0,0,CPI_v12_M_v01_A
ECA,AZE,Azerbaijan,2001,HBS,2001,National,1,0.288782291,0.332116236,0.460364484,2301.822418,1660.581182,1443.911453,14-Dec-25,1,0.0002,N,,,,,2,2001,2301.822418,1660.581182,0,0,0,0,CPI_v12_M_v01_A
ECA,AZE,Azerbaijan,2002,HBS,2002,National,1,0.296784931,0.341319733,0.473121954,2365.60977,1706.598666,1483.924656,14-Dec-25,1,0.0002,N,,,,,2,2002,2365.60977,1706.598666,0,0,0,0,CPI_v12_M_v01_A
ECA,AZE,Azerbaijan,2003,HBS,2003,National,1,0.303414692,0.348944339,0.483690838,2418.45419,1744.721697,1517.073461,14-Dec-25,1,0.0002,N,,,,,2,2003,2418.45419,1744.721697,0,0,0,0,CPI_v12_M_v01_A
ECA,AZE,Azerbaijan,2004,HBS,2004,National,1,0.323770587,0.372354789,0.516141342,2580.706712,1861.773944,1618.852935,14-Dec-25,1,0.0002,N,,,,,2,2004,2580.706712,1861.773944,0,0,0,0,CPI_v12_M_v01_A
ECA,AZE,Azerbaijan,2005,HBS,2005,National,1,0.354886685,0.40814009,0.565745306,2828.72653,2040.70045,1774.433423,14-Dec-25,1,0.0002,N,,,,,2,2005,2828.72653,2040.70045,0,0,0,0,CPI_v12_M_v01_A
SSA,BDI,Burundi,1992,EDCM,1992,National,1,0.054891603,0.061637671,0.106120284,0.106120284,0.061637671,0.054891603,14-Dec-25,0,1,N,,,,,2,1992,0.106120284,0.061637671,0,0,0,0,CPI_v12_M_v01_A
SSA,BDI,Burundi,1998,EP,1998.5,National,1,0.156445791,0.175672666,0.30245194,0.30245194,0.175672666,0.156445791,14-Dec-25,1,1,N,,,,,2,1998.5,0.30245194,0.175672666,0,0,0,0,CPI_v12_M_v01_A
SSA,BDI,Burundi,2006,QUIBB,2006,National,1,0.297237442,0.33376733,0.574640202,0.574640202,0.33376733,0.297237442,14-Dec-25,1,1,N,,,,,2,2006,0.574640202,0.33376733,0,0,0,0,CPI_v12_M_v01_A
SSA,BDI,Burundi,2013,ECVMB,2013.5,National,1,0.674245868,0.757109338,1.303499246,1.303499246,0.757109338,0.674245868,14-Dec-25,1,1,N,,,,,2,2013.5,1.303499246,0.757109338,0,0,0,0,CPI_v12_M_v01_A
SSA,BDI,Burundi,2020,EICVMB,2020.15,National,1,0.934099991,1.048899013,1.805867403,1.805867403,1.048899013,0.934099991,14-Dec-25,2,1,N,,,,,2,2020.15,1.805867403,1.048899013,0,0,0,0,CPI_v12_M_v01_A
ECA,BEL,Belgium,1985,SEP-LIS,1985,National,1,0.495301517,0.529136503,0.578184394,23.32395845,21.34536653,19.98046318,14-Dec-25,0,0.024789291,N,,,,,2,1985,23.32395845,21.34536653,0,0,0,0,CPI_v12_M_v01_A
ECA,BEL,Belgium,1988,SEP-LIS,1988,National,1,0.515421064,0.550630455,0.60167071,24.27139645,22.21243254,20.79208571,14-Dec-25,0,0.024789291,N,,,,,2,1988,24.27139645,22.21243254,0,0,0,0,CPI_v12_M_v01_A
ECA,BEL,Belgium,1992,SEP-LIS,1992,National,1,0.581214665,0.620918541,0.678474096,27.36964502,25.04785396,23.44619958,14-Dec-25,0,0.024789291,N,,,,,2,1992,27.36964502,25.04785396,0,0,0,0,CPI_v12_M_v01_A
ECA,BEL,Belgium,1995,PSBH-ECHP-LIS,1995,National,1,0.62039852,0.66277912,0.724214908,29.21482938,26.7365097,25.0268763,14-Dec-25,1,0.024789291,N,,,,,2,1995,29.21482938,26.7365097,0,0,0,0,CPI_v12_M_v01_A
ECA,BEL,Belgium,1997,SEP-LIS,1997,National,1,0.643595216,0.687560426,0.751293297,30.30717162,27.73618759,25.962631,14-Dec-25,0,0.024789291,N,,,,,2,1997,30.30717162,27.73618759,0,0,0,0,CPI_v12_M_v01_A
ECA,BEL,Belgium,2000,PSBH-ECHP-LIS,2000,National,1,0.673703928,0.719725922,0.786440348,31.72500366,29.03374369,27.17721646,14-Dec-25,1,0.024789291,N,,,,,2,2000,31.72500366,29.03374369,0,0,0,0,CPI_v12_M_v01_A
ECA,BEL,Belgium,2003,EU-SILC,2003,National,1,0.712846687,0.761542597,0.832133188,0.832133188,0.761542597,0.712846687,14-Dec-25,2,1,N,,,,,2,2003,0.832133188,0.761542597,0,0,0,0,CPI_v12_M_v01_A
ECA,BEL,Belgium,2004,EU-SILC,2004,National,1,0.727797104,0.777514305,0.849585381,0.849585381,0.777514305,0.727797104,14-Dec-25,2,1,N,,,,,2,2004,0.849585381,0.777514305,0,0,0,0,CPI_v12_M_v01_A
ECA,BEL,Belgium,2005,EU-SILC,2005,National,1,0.748040255,0.799140304,0.873215984,0.873215984,0.799140304,0.748040255,14-Dec-25,2,1,N,,,,,2,2005,0.873215984,0.799140304,0,0,0,0,CPI_v12_M_v01_A
ECA,BEL,Belgium,2006,EU-SILC,2006,National,1,0.761439251,0.813454611,0.888857144,0.888857144,0.813454611,0.761439251,14-Dec-25,2,1,N,,,,,2,2006,0.888857144,0.813454611,0,0,0,0,CPI_v12_M_v01_A
ECA,BEL,Belgium,2007,EU-SILC,2007,National,1,0.775320667,0.828284293,0.905061452,0.905061452,0.828284293,0.775320667,14-Dec-25,2,1,N,,,,,2,2007,0.905061452,0.828284293,0,0,0,0,CPI_v12_M_v01_A
ECA,BEL,Belgium,2008,EU-SILC,2008,National,1,0.810128273,0.865469673,0.945693701,0.945693701,0.865469673,0.810128273,14-Dec-25,2,1,N,,,,,2,2008,0.945693701,0.865469673,0,0,0,0,CPI_v12_M_v01_A
ECA,BEL,Belgium,2009,EU-SILC,2009,National,1,0.809697744,0.865009733,0.945191128,0.945191128,0.865009733,0.809697744,14-Dec-25,2,1,N,,,,,2,2009,0.945191128,0.865009733,0,0,0,0,CPI_v12_M_v01_A
ECA,BEL,Belgium,2010,EU-SILC,2010,National,1,0.827424444,0.883947378,0.965884182,0.965884182,0.883947378,0.827424444,14-Dec-25,2,1,N,,,,,2,2010,0.965884182,0.883947378,0,0,0,0,CPI_v12_M_v01_A
ECA,BEL,Belgium,2011,EU-SILC,2011,National,1,0.85664975,0.91516912,1,1,0.91516912,0.85664975,14-Dec-25,2,1,N,,,,,2,2011,1,0.91516912,0,0,0,0,CPI_v12_M_v01_A
ECA,BEL,Belgium,2012,EU-SILC,2012,National,1,0.880975734,0.941156857,1.02839665,1.02839665,0.941156857,0.880975734,14-Dec-25,2,1,N,,,,,2,2012,1.02839665,0.941156857,0,0,0,0,CPI_v12_M_v01_A
ECA,BEL,Belgium,2013,EU-SILC,2013,National,1,0.890781829,0.951632826,1.039843681,1.039843681,0.951632826,0.890781829,14-Dec-25,2,1,N,,,,,2,2013,1.039843681,0.951632826,0,0,0,0,CPI_v12_M_v01_A
ECA,BEL,Belgium,2014,EU-SILC,2014,National,1,0.893810496,0.954868387,1.043379159,1.043379159,0.954868387,0.893810496,14-Dec-25,2,1,N,,,,,2,2014,1.043379159,0.954868387,0,0,0,0,CPI_v12_M_v01_A
ECA,BEL,Belgium,2015,EU-SILC,2015,National,1,0.898828626,0.960229314,1.049237013,1.049237013,0.960229314,0.898828626,14-Dec-25,2,1,N,,,,,2,2015,1.049237013,0.960229314,0,0,0,0,CPI_v12_M_v01_A
ECA,BEL,Belgium,2016,EU-SILC,2016,National,1,0.916570161,0.979182807,1.069947385,1.069947385,0.979182807,0.916570161,14-Dec-25,2,1,N,,,,,2,2016,1.069947385,0.979182807,0,0,0,0,CPI_v12_M_v01_A
ECA,BEL,Belgium,2017,EU-SILC,2017,National,1,0.936056223,1,1.092694211,1.092694211,1,0.936056223,14-Dec-25,2,1,N,,,,,2,2017,1.092694211,1,0,0,0,0,CPI_v12_M_v01_A
ECA,BEL,Belgium,2018,EU-SILC,2018,National,1,0.955274941,1.020531585,1.115128955,1.115128955,1.020531585,0.955274941,14-Dec-25,2,1,N,,,,,2,2018,1.115128955,1.020531585,0,0,0,0,CPI_v12_M_v01_A
ECA,BEL,Belgium,2019,EU-SILC,2019,National,1,0.969000559,1.035194826,1.131151393,1.131151393,1.035194826,0.969000559,14-Dec-25,2,1,N,,,,,2,2019,1.131151393,1.035194826,0,0,0,0,CPI_v12_M_v01_A
ECA,BEL,Belgium,2020,EU-SILC,2020,National,1,0.976178847,1.042863476,1.139530884,1.139530884,1.042863476,0.976178847,14-Dec-25,2,1,N,,,,,2,2020,1.139530884,1.042863476,0,0,0,0,CPI_v12_M_v01_A
ECA,BEL,Belgium,2021,EU-SILC,2021,National,1,1,1.068311897,1.167338226,1.167338226,1.068311897,1,14-Dec-25,2,1,N,,,,,2,2021,1.167338226,1.068311897,0,0,0,0,CPI_v12_M_v01_A
ECA,BEL,Belgium,2022,EU-SILC,2022,National,1,1.095975163,1.170843305,1.279373702,1.279373702,1.170843305,1.095975163,14-Dec-25,2,1,N,,,,,2,,,,1,1,1,1,CPI_v12_M_v01_A
SSA,BEN,Benin,2003,QUIBB,2003,National,1,0.708224261,0.754592991,0.800213421,0.800213421,0.754592991,0.708224261,14-Dec-25,0,1,N,,,,,2,2003,0.800213421,0.741799567,1,0,0,0,CPI_v12_M_v01_A
SSA,BEN,Benin,2011,EMICOV,2011.33,National,1,0.904743057,0.96397823,1.022257463,1.022257463,0.96397823,0.904743057,14-Dec-25,1,1,N,,,,,2,2011.33,1.022257463,0.947634873,1,0,0,0,CPI_v12_M_v01_A
SSA,BEN,Benin,2015,EMICOV,2015,National,1,0.945647392,1.007560645,1.068474741,1.068474741,1.007560645,0.945647392,14-Dec-25,1,1,N,,,,,2,2015,1.068474741,0.990478389,1,0,0,0,CPI_v12_M_v01_A
SSA,BEN,Benin,2018,EHCVM,2018.5,National,1,0.95207521,1.014409304,1.07573745,1.07573745,1.014409304,0.95207521,14-Dec-25,2,1,N,,,,,2,2018.5,1.07573745,0.997210936,1,0,0,0,CPI_v12_M_v01_A
SSA,BEN,Benin,2021,EHCVM,2021.75,National,1,1.010198942,1.076338503,1.141410702,1.141410702,1.076338503,1.010198942,14-Dec-25,2,1,N,,,,,2,2021.75,1.141410702,1.058090182,1,0,0,0,CPI_v12_M_v01_A
SSA,BFA,Burkina Faso,1994,EP-I,1994.25,National,1,0.551571793,0.574687955,0.614237015,0.614237015,0.574687955,0.551571793,14-Dec-25,0,1,N,,,,,2,1994.25,0.614237015,0.574687955,0,0,0,0,CPI_v12_M_v01_A
SSA,BFA,Burkina Faso,1998,EP-II,1998,National,1,0.663773327,0.691591812,0.739185999,0.739185999,0.691591812,0.663773327,14-Dec-25,1,1,N,,,,,2,1998,0.739185999,0.691591812,0,0,0,0,CPI_v12_M_v01_A
SSA,BFA,Burkina Faso,2003,ECVM,2003,National,1,0.716684687,0.746720667,0.798108728,0.798108728,0.746720667,0.716684687,14-Dec-25,1,1,N,,,,,2,2003,0.798108728,0.746720667,0,0,0,0,CPI_v12_M_v01_A
SSA,BFA,Burkina Faso,2009,ECVM,2009,National,1,0.880591988,0.91749726,0.98063788,0.98063788,0.91749726,0.880591988,14-Dec-25,2,1,N,,,,,2,2009,0.98063788,0.91749726,0,0,0,0,CPI_v12_M_v01_A
SSA,BFA,Burkina Faso,2014,EMC,2014,National,1,0.934821888,0.973999914,1.041028952,1.041028952,0.973999914,0.934821888,14-Dec-25,3,1,N,,,,,2,2014,1.041028952,0.973999914,0,0,0,0,CPI_v12_M_v01_A
SSA,BFA,Burkina Faso,2018,EHCVM,2018.5,National,1,0.993809366,1.035459535,1.10671812,1.10671812,1.035459535,0.993809366,14-Dec-25,4,1,N,,,,,2,2018.5,1.10671812,1.035459535,0,0,0,0,CPI_v12_M_v01_A
SSA,BFA,Burkina Faso,2021,EHCVM,2021.67,National,1,1.02687768,1.069913729,1.143543395,1.143543395,1.069913729,1.02687768,14-Dec-25,4,1,N,,,,,2,2021.67,1.143543395,1.069913729,0,0,0,0,CPI_v12_M_v01_A
,BGD,Bangladesh,1983,HHES,1983.5,National,1,,,,0.165626705,0.12058942,0.096999064,14-Dec-25,0,1,N,-9,,0,,2,1983.5,0.165626705,0.120589413,0,0,0,0,CPI_v12_M_v01_A
,BGD,Bangladesh,1985,HHES,1985.5,National,1,,,,0.201503232,0.146710396,0.118010104,14-Dec-25,0,1,N,-9,,0,,2,1985.5,0.201503232,0.146710381,0,0,0,0,CPI_v12_M_v01_A
,BGD,Bangladesh,1988,HHES,1988.5,National,1,,,,0.257017672,0.187129319,0.150522068,14-Dec-25,0,1,N,-9,,0,,2,1988.5,0.257017672,0.187129304,0,0,0,0,CPI_v12_M_v01_A
,BGD,Bangladesh,1991,HHES,1991.5,National,1,,,,0.304042876,0.221367404,0.178062305,14-Dec-25,1,1,N,-9,,1,,2,1991.5,0.304042846,0.221367389,0,0,0,0,CPI_v12_M_v01_A
,BGD,Bangladesh,1995,HHES,1995.5,National,1,,,,0.352906913,0.256944329,0.206679463,14-Dec-25,1,1,N,-9,,1,,2,1995.5,0.352906883,0.256944299,0,0,0,0,CPI_v12_M_v01_A
,BGD,Bangladesh,2000,HIES,2000,National,1,,,,0.392155439,0.285520375,0.229665324,14-Dec-25,2,1,N,-9,,2,,2,2000,0.392155409,0.285520345,0,0,0,0,CPI_v12_M_v01_A
,BGD,Bangladesh,2005,HIES,2005,National,1,,,,0.49357608,0.359362692,0.289062202,14-Dec-25,2,1,N,-9,,2,,2,2005,0.49357608,0.359362662,0,0,0,0,CPI_v12_M_v01_A
,BGD,Bangladesh,2010,HIES,2010,National,1,,,,0.917062879,0.667694747,0.537076712,14-Dec-25,2,1,N,-9,,2,,2,2010,0.917062879,0.667694747,0,0,0,0,CPI_v12_M_v01_A
,BGD,Bangladesh,2016,HIES,2016,National,1,,,,1.299384475,0.946055293,0.760982811,14-Dec-25,2,1,N,-9,,2,,2,2016,1.299384475,0.946055293,0,0,0,0,CPI_v12_M_v01_A
,BGD,Bangladesh,2022,HIES,2022,National,1,,,,1.838934422,1.338890672,1.076969624,14-Dec-25,3,1,N,-9,,3,,2,2022,1.838934302,1.338890553,0,0,0,0,CPI_v12_M_v01_A
ECA,BGR,Bulgaria,1989,HBS,1989,National,1,0.000237448,0.000264357,0.000273784,0.273783526,0.264357144,0.237447739,14-Dec-25,0,0.001,N,,,,,2,1989,0.273783526,0.264357144,0,0,0,0,CPI_v12_M_v01_A
ECA,BGR,Bulgaria,1992,HBS,1992,National,1,0.002465575,0.002744993,0.002842873,2.842872856,2.744992587,2.465574695,14-Dec-25,1,0.001,N,,,,,2,1992,2.842872856,2.744992587,0,0,0,0,CPI_v12_M_v01_A
ECA,BGR,Bulgaria,1994,HBS,1994,National,1,0.008356857,0.00930392,0.009635677,9.635676944,9.303920058,8.356856759,14-Dec-25,0,0.001,N,,,,,2,1994,9.635676944,9.303920058,0,0,0,0,CPI_v12_M_v01_A
ECA,BGR,Bulgaria,1995,IHS,1995,National,1,1.35434E-05,1.50783E-05,1.56159E-05,0.015615937,0.01507828,0.013543434,14-Dec-25,3,0.001,N,,,,,2,1995,0.015615937,0.01507828,0,0,0,0,CPI_v12_M_v01_A
ECA,BGR,Bulgaria,1997,IHS,1997,National,1,0.347665786,0.387065948,0.40086785,0.40086785,0.387065948,0.347665786,14-Dec-25,2,1,N,,,,,2,1997,0.40086785,0.387065948,0,0,0,0,CPI_v12_M_v01_A
ECA,BGR,Bulgaria,2001,IHS,2001,National,1,0.501221914,0.558024237,0.577922128,0.577922128,0.558024237,0.501221914,14-Dec-25,3,1,N,,,,,2,2001,0.577922128,0.558024237,0,0,0,0,CPI_v12_M_v01_A
ECA,BGR,Bulgaria,2003,MTHS,2003,National,1,0.542799495,0.604313709,0.625862178,0.625862178,0.604313709,0.542799495,14-Dec-25,4,1,N,,,,,2,2003,0.625862178,0.604313709,0,0,0,0,CPI_v12_M_v01_A
ECA,BGR,Bulgaria,2006,EU-SILC,2006,National,1,0.649145181,0.722711307,0.748481568,0.748481568,0.722711307,0.649145181,14-Dec-25,5,1,N,,,,,2,2006,0.748481568,0.722711307,0,0,0,0,CPI_v12_M_v01_A
ECA,BGR,Bulgaria,2007,EU-SILC,2007,National,1,0.703689868,0.783437417,0.811373035,0.811373035,0.783437417,0.703689868,14-Dec-25,5,1,N,,,,,2,2007,0.811373035,0.783437417,0,0,0,0,CPI_v12_M_v01_A
ECA,BGR,Bulgaria,2007,MTHS,2007,National,1,0.703689868,0.783437417,0.811373035,0.811373035,0.783437417,0.703689868,14-Dec-25,4,1,N,,,,,2,2007,0.811373035,0.783437417,0,0,0,0,CPI_v12_M_v01_A
ECA,BGR,Bulgaria,2008,EU-SILC,2008,National,1,0.790586514,0.880181859,0.911567167,0.911567167,0.880181859,0.790586514,14-Dec-25,5,1,N,,,,,2,2008,0.911567167,0.880181859,0,0,0,0,CPI_v12_M_v01_A
ECA,BGR,Bulgaria,2009,EU-SILC,2009,National,1,0.812352975,0.904415063,0.936664473,0.936664473,0.904415063,0.812352975,14-Dec-25,5,1,N,,,,,2,2009,0.936664473,0.904415063,0,0,0,0,CPI_v12_M_v01_A
ECA,BGR,Bulgaria,2010,EU-SILC,2010,National,1,0.832166189,0.926473664,0.959509633,0.959509633,0.926473664,0.832166189,14-Dec-25,5,1,N,,,,,2,2010,0.959509633,0.926473664,0,0,0,0,CPI_v12_M_v01_A
ECA,BGR,Bulgaria,2011,EU-SILC,2011,National,1,0.867282787,0.965569945,1,1,0.965569945,0.867282787,14-Dec-25,5,1,N,,,,,2,2011,1,0.965569945,0,0,0,0,CPI_v12_M_v01_A
ECA,BGR,Bulgaria,2012,EU-SILC,2012,National,1,0.892907236,0.994098353,1.029545667,1.029545667,0.994098353,0.892907236,14-Dec-25,5,1,N,,,,,2,2012,1.029545667,0.994098353,0,0,0,0,CPI_v12_M_v01_A
ECA,BGR,Bulgaria,2013,EU-SILC,2013,National,1,0.900854946,1.002946759,1.038709587,1.038709587,1.002946759,0.900854946,14-Dec-25,5,1,N,,,,,2,2013,1.038709587,1.002946759,0,0,0,0,CPI_v12_M_v01_A
ECA,BGR,Bulgaria,2014,EU-SILC,2014,National,1,0.888079196,0.988723163,1.02397881,1.02397881,0.988723163,0.888079196,14-Dec-25,5,1,N,,,,,2,2014,1.02397881,0.988723163,0,0,0,0,CPI_v12_M_v01_A
ECA,BGR,Bulgaria,2015,EU-SILC,2015,National,1,0.887149968,0.987688627,1.022907385,1.022907385,0.987688627,0.887149968,14-Dec-25,6,1,N,,,,,2,2015,1.022907385,0.987688627,0,0,0,0,CPI_v12_M_v01_A
ECA,BGR,Bulgaria,2016,EU-SILC,2016,National,1,0.880064759,0.979800468,1.014737951,1.014737951,0.979800468,0.880064759,14-Dec-25,6,1,N,,,,,2,2016,1.014737951,0.979800468,0,0,0,0,CPI_v12_M_v01_A
ECA,BGR,Bulgaria,2017,EU-SILC,2017,National,1,0.898208143,1,1.035657753,1.035657753,1,0.898208143,14-Dec-25,6,1,N,,,,,2,2017,1.035657753,1,0,0,0,0,CPI_v12_M_v01_A
ECA,BGR,Bulgaria,2018,EU-SILC,2018,National,1,0.923488607,1.02814544,1.064806797,1.064806797,1.02814544,0.923488607,14-Dec-25,6,1,N,,,,,2,2018,1.064806797,1.02814544,0,0,0,0,CPI_v12_M_v01_A
ECA,BGR,Bulgaria,2019,EU-SILC,2019,National,1,0.952151206,1.060056306,1.097855532,1.097855532,1.060056306,0.952151206,14-Dec-25,6,1,N,,,,,2,2019,1.097855532,1.060056306,0,0,0,0,CPI_v12_M_v01_A
ECA,BGR,Bulgaria,2020,EU-SILC,2020,National,1,0.968075324,1.077785067,1.116216461,1.116216461,1.077785067,0.968075324,14-Dec-25,6,1,N,,,,,2,2020,1.116216461,1.077785067,0,0,0,0,CPI_v12_M_v01_A
ECA,BGR,Bulgaria,2021,EU-SILC,2021,National,1,1,1.113327693,1.153026457,1.153026457,1.113327693,1,14-Dec-25,6,1,N,,,,,2,2021,1.153026457,1.113327693,0,0,0,0,CPI_v12_M_v01_A
ECA,BGR,Bulgaria,2022,EU-SILC,2022,National,1,1.153252617,1.283948076,1.32973078,1.32973078,1.283948076,1.153252617,14-Dec-25,6,1,N,,,,,2,,,,1,1,1,1,CPI_v12_M_v01_A
ECA,BIH,Bosnia and Herzegovina,2001,LSMS,2001,National,1,0.766736611,0.789179266,0.783035007,0.783035007,0.789179266,0.766736611,14-Dec-25,0,1,N,,,,,2,2001,0.783035007,0.789275315,1,0,0,0,CPI_v12_M_v01_A
ECA,BIH,Bosnia and Herzegovina,2004,LSMS,2004,National,1,0.775519266,0.798218992,0.792004353,0.792004353,0.798218992,0.775519266,14-Dec-25,0,1,N,,,,,2,2004,0.792004353,0.798316142,1,0,0,0,CPI_v12_M_v01_A
ECA,BIH,Bosnia and Herzegovina,2007,HBS,2007,National,1,0.865304283,0.890632049,0.883697916,0.883697916,0.890632049,0.865304283,14-Dec-25,1,1,N,,,,,2,2007,0.883697916,0.890740446,1,0,0,0,CPI_v12_M_v01_A
ECA,BIH,Bosnia and Herzegovina,2011,HBS,2011,National,1,0.97918561,1.007846723,1,1,1.007846723,0.97918561,14-Dec-25,1,1,N,,,,,2,2011,1,1.007969386,1,0,0,0,CPI_v12_M_v01_A
ECA,BLR,Belarus,1993,FBS,1993,National,1,3.18E-06,4.07E-06,1.21873E-05,1.21873E-05,4.07E-06,3.18E-06,14-Dec-25,0,1,N,,,,,2,1993,1.21873E-05,4.07E-06,0,0,0,0,CPI_v12_M_v01_A
ECA,BLR,Belarus,1995,FBS,1995,National,1,0.000597309,0.000764229,0.002289391,0.002289391,0.000764229,0.000597309,14-Dec-25,0,1,N,,,,,2,1995,0.002289391,0.000764229,0,0,0,0,CPI_v12_M_v01_A
ECA,BLR,Belarus,1998,HHS,1998,National,1,0.002585053,0.003307454,0.009908095,0.009908095,0.003307454,0.002585053,14-Dec-25,1,1,N,,,,,2,1998,0.009908095,0.003307454,0,0,0,0,CPI_v12_M_v01_A
ECA,BLR,Belarus,1999,HHS,1999,National,1,0.010176805,0.013020743,0.039006068,0.039006068,0.013020743,0.010176805,14-Dec-25,1,1,N,,,,,2,1999,0.039006068,0.013020743,0,0,0,0,CPI_v12_M_v01_A
ECA,BLR,Belarus,2000,HHS,2000,National,1,0.027336955,0.034976347,0.104778186,0.104778186,0.034976347,0.027336955,14-Dec-25,1,1,N,,,,,2,2000,0.104778186,0.034976347,0,0,0,0,CPI_v12_M_v01_A
ECA,BLR,Belarus,2001,HHS,2001,National,1,0.044049385,0.056359115,0.168834264,0.168834264,0.056359115,0.044049385,14-Dec-25,1,1,N,,,,,2,2001,0.168834264,0.056359115,0,0,0,0,CPI_v12_M_v01_A
ECA,BLR,Belarus,2002,HHS,2002,National,1,0.062786917,0.080332905,0.240652232,0.240652232,0.080332905,0.062786917,14-Dec-25,1,1,N,,,,,2,2002,0.240652232,0.080332905,0,0,0,0,CPI_v12_M_v01_A
ECA,BLR,Belarus,2003,HHS,2003,National,1,0.080617042,0.103145711,0.308992256,0.308992256,0.103145711,0.080617042,14-Dec-25,1,1,N,,,,,2,2003,0.308992256,0.103145711,0,0,0,0,CPI_v12_M_v01_A
ECA,BLR,Belarus,2004,HHS,2004,National,1,0.095215372,0.121823587,0.364945326,0.364945326,0.121823587,0.095215372,14-Dec-25,1,1,N,,,,,2,2004,0.364945326,0.121823587,0,0,0,0,CPI_v12_M_v01_A
ECA,BLR,Belarus,2005,HHS,2005,National,1,0.105030648,0.13438177,0.40256571,0.40256571,0.13438177,0.105030648,14-Dec-25,1,1,N,,,,,2,2005,0.40256571,0.13438177,0,0,0,0,CPI_v12_M_v01_A
ECA,BLR,Belarus,2006,HHS,2006,National,1,0.112379775,0.143784632,0.430733741,0.430733741,0.143784632,0.112379775,14-Dec-25,1,1,N,,,,,2,2006,0.430733741,0.143784632,0,0,0,0,CPI_v12_M_v01_A
ECA,BLR,Belarus,2007,HHS,2007,National,1,0.121849753,0.155901024,0.467030658,0.467030658,0.155901024,0.121849753,14-Dec-25,1,1,N,,,,,2,2007,0.467030658,0.155901024,0,0,0,0,CPI_v12_M_v01_A
ECA,BLR,Belarus,2008,HHS,2008,National,1,0.139929668,0.179033424,0.536328087,0.536328087,0.179033424,0.139929668,14-Dec-25,1,1,N,,,,,2,2008,0.536328087,0.179033424,0,0,0,0,CPI_v12_M_v01_A
ECA,BLR,Belarus,2009,HHS,2009,National,1,0.158044476,0.202210468,0.605759253,0.605759253,0.202210468,0.158044476,14-Dec-25,1,1,N,,,,,2,2009,0.605759253,0.202210468,0,0,0,0,CPI_v12_M_v01_A
ECA,BLR,Belarus,2010,HHS,2010,National,1,0.170270398,0.21785296,0.65261926,0.65261926,0.21785296,0.170270398,14-Dec-25,1,1,N,,,,,2,2010,0.65261926,0.21785296,0,0,0,0,CPI_v12_M_v01_A
ECA,BLR,Belarus,2011,HHS,2011,National,1,0.260903115,0.333813255,1,1,0.333813255,0.260903115,14-Dec-25,1,1,N,,,,,2,2011,1,0.333813255,0,0,0,0,CPI_v12_M_v01_A
ECA,BLR,Belarus,2012,HHS,2012,National,1,0.415409237,0.531496566,1.592197308,1.592197308,0.531496566,0.415409237,14-Dec-25,1,1,N,,,,,2,2012,1.592197308,0.531496566,0,0,0,0,CPI_v12_M_v01_A
ECA,BLR,Belarus,2013,HHS,2013,National,1,0.491480089,0.62882564,1.883764742,1.883764742,0.62882564,0.491480089,14-Dec-25,1,1,N,,,,,2,2013,1.883764742,0.62882564,0,0,0,0,CPI_v12_M_v01_A
ECA,BLR,Belarus,2014,HHS,2014,National,1,0.580534084,0.742766036,2.225094493,2.225094493,0.742766036,0.580534084,14-Dec-25,1,1,N,,,,,2,2014,2.225094493,0.742766036,0,0,0,0,CPI_v12_M_v01_A
ECA,BLR,Belarus,2015,HHS,2015,National,1,0.65910638,0.84329559,2.526249562,2.526249562,0.84329559,0.65910638,14-Dec-25,1,1,N,,,,,2,2015,2.526249562,0.84329559,0,0,0,0,CPI_v12_M_v01_A
ECA,BLR,Belarus,2016,HHS,2016,National,1,0.737122054,0.943112973,2.825271191,2.825271191,0.943112973,0.737122054,14-Dec-25,1,1,N,,,,,2,2016,2.825271191,0.943112973,0,0,0,0,CPI_v12_M_v01_A
ECA,BLR,Belarus,2017,HHS,2017,National,1,0.781584047,1,2.995686913,2.995686913,1,0.781584047,14-Dec-25,1,1,N,,,,,2,2017,2.995686913,1,0,0,0,0,CPI_v12_M_v01_A
ECA,BLR,Belarus,2018,HHS,2018,National,1,0.819665212,1.048723059,3.141645944,3.141645944,1.048723059,0.819665212,14-Dec-25,1,1,N,,,,,2,2018,3.141645944,1.048723059,0,0,0,0,CPI_v12_M_v01_A
ECA,BLR,Belarus,2019,HHS,2019,National,1,0.865551339,1.107432198,3.317520142,3.317520142,1.107432198,0.865551339,14-Dec-25,1,1,N,,,,,2,2019,3.317520142,1.107432198,0,0,0,0,CPI_v12_M_v01_A
ECA,BLR,Belarus,2020,HHS,2020,National,1,0.913573328,1.168874072,3.501580761,3.501580761,1.168874072,0.913573328,14-Dec-25,1,1,N,,,,,2,2020,3.501580761,1.168874072,0,0,0,0,CPI_v12_M_v01_A
LAC,BLZ,Belize,1993,LFS,1993,National,1,0.634966085,0.659310278,0.685750262,0.685750262,0.659310278,0.634966085,14-Dec-25,0,1,N,,,,,2,1993,0.685750262,0.659310278,0,0,0,0,CPI_v12_M_v01_A
LAC,BLZ,Belize,1994,LFS,1994,National,1,0.651280541,0.67625022,0.703369539,0.703369539,0.67625022,0.651280541,14-Dec-25,0,1,N,,,,,2,1994,0.703369539,0.67625022,0,0,0,0,CPI_v12_M_v01_A
LAC,BLZ,Belize,1995,HBS,1995,National,1,0.670100047,0.695791254,0.723694217,0.723694217,0.695791254,0.670100047,14-Dec-25,1,1,N,,,,,2,1995,0.723694217,0.695791254,0,0,0,0,CPI_v12_M_v01_A
LAC,BLZ,Belize,1996,SLC,1996,National,1,0.710071656,0.737295348,0.766862729,0.766862729,0.737295348,0.710071656,14-Dec-25,2,1,N,,,,,2,1996,0.766862729,0.737295348,0,0,0,0,CPI_v12_M_v01_A
LAC,BLZ,Belize,1997,LFS,1997,National,1,0.718230646,0.745767149,0.775674269,0.775674269,0.745767149,0.718230646,14-Dec-25,0,1,N,,,,,2,1997,0.775674269,0.745767149,0,0,0,0,CPI_v12_M_v01_A
LAC,BLZ,Belize,1998,LFS,1998,National,1,0.733997694,0.762138695,0.792702356,0.792702356,0.762138695,0.733997694,14-Dec-25,0,1,N,,,,,2,1998,0.792702356,0.762138695,0,0,0,0,CPI_v12_M_v01_A
LAC,BLZ,Belize,1999,LFS,1999,National,1,0.753238674,0.782117363,0.813482218,0.813482218,0.782117363,0.753238674,14-Dec-25,0,1,N,,,,,2,1999,0.813482218,0.782117363,0,0,0,0,CPI_v12_M_v01_A
LAC,BLZ,Belize,2018,HBS,2018.2,National,1,0.966037708,1.003074975,1.043300781,1.043300781,1.003074975,0.966037708,14-Dec-25,3,1,N,,,,,2,,,,1,1,1,1,CPI_v12_M_v01_A
LAC,BOL,Bolivia,1990,EPF,1990.5,National,1,0.193352551,0.204776684,0.265376966,0.265376966,0.204776684,0.193352551,14-Dec-25,0,1,U,,,,,2,1990.5,0.265376966,0.204776684,0,0,0,0,CPI_v12_M_v01_A
LAC,BOL,Bolivia,1992,EIH,1992,National,1,0.243763664,0.258166311,0.334566372,0.334566372,0.258166311,0.243763664,14-Dec-25,0,1,U,,,,,2,1992,0.334566372,0.258166311,0,0,0,0,CPI_v12_M_v01_A
LAC,BOL,Bolivia,1997,ENE,1997,National,1,0.365169941,0.386745813,0.501196858,0.501196858,0.386745813,0.365169941,14-Dec-25,1,1,N,,,,,2,1997,0.501196858,0.386745813,0,0,0,0,CPI_v12_M_v01_A
LAC,BOL,Bolivia,1999,ECH,1999,National,1,0.402486986,0.426267716,0.552414616,0.552414616,0.426267716,0.402486986,14-Dec-25,2,1,N,,,,,2,1999,0.552414616,0.426267716,0,0,0,0,CPI_v12_M_v01_A
LAC,BOL,Bolivia,2000,ECH,2000,National,1,0.418040417,0.442740113,0.573761747,0.573761747,0.442740113,0.418040417,14-Dec-25,3,1,N,,,,,2,2000,0.573761747,0.442740113,0,0,0,0,CPI_v12_M_v01_A
LAC,BOL,Bolivia,2001,EH,2001,National,1,0.422572172,0.447539625,0.579981595,0.579981595,0.447539625,0.422572172,14-Dec-25,3,1,N,,,,,2,2001,0.579981595,0.447539625,0,0,0,0,CPI_v12_M_v01_A
LAC,BOL,Bolivia,2002,EH,2002,National,1,0.432195158,0.45773118,0.593189172,0.593189172,0.45773118,0.432195158,14-Dec-25,3,1,N,,,,,2,2002,0.593189172,0.45773118,0,0,0,0,CPI_v12_M_v01_A
LAC,BOL,Bolivia,2004,ECH,2004,National,1,0.465707766,0.493223863,0.63918533,0.63918533,0.493223863,0.465707766,14-Dec-25,4,1,N,,,,,2,2004,0.63918533,0.493223863,0,0,0,0,CPI_v12_M_v01_A
LAC,BOL,Bolivia,2005,EH,2005,National,1,0.491392233,0.520425883,0.67443734,0.67443734,0.520425883,0.491392233,14-Dec-25,5,1,N,,,,,2,2005,0.67443734,0.520425883,0,0,0,0,CPI_v12_M_v01_A
LAC,BOL,Bolivia,2006,EH,2006,National,1,0.510880608,0.541065718,0.701185193,0.701185193,0.541065718,0.510880608,14-Dec-25,5,1,N,,,,,2,2006,0.701185193,0.541065718,0,0,0,0,CPI_v12_M_v01_A
LAC,BOL,Bolivia,2007,EH,2007,National,1,0.56877534,0.60238113,0.780645889,0.780645889,0.60238113,0.56877534,14-Dec-25,5,1,N,,,,,2,2007,0.780645889,0.60238113,0,0,0,0,CPI_v12_M_v01_A
LAC,BOL,Bolivia,2008,EH,2008,National,1,0.644447272,0.682524098,0.884505847,0.884505847,0.682524098,0.644447272,14-Dec-25,5,1,N,,,,,2,2008,0.884505847,0.682524098,0,0,0,0,CPI_v12_M_v01_A
LAC,BOL,Bolivia,2009,EH,2009,National,1,0.64948573,0.68786025,0.891421146,0.891421146,0.68786025,0.64948573,14-Dec-25,5,1,N,,,,,2,2009,0.891421146,0.68786025,0,0,0,0,CPI_v12_M_v01_A
LAC,BOL,Bolivia,2011,EH,2011,National,1,0.738561861,0.782199398,1.013678408,1.013678408,0.782199398,0.738561861,14-Dec-25,5,1,N,,,,,2,2011,1.013678408,0.782199398,0,0,0,0,CPI_v12_M_v01_A
LAC,BOL,Bolivia,2012,EH,2012,National,1,0.770503783,0.81602859,1.057518792,1.057518792,0.81602859,0.770503783,14-Dec-25,5,1,N,,,,,2,2012,1.057518792,0.81602859,0,0,0,0,CPI_v12_M_v01_A
LAC,BOL,Bolivia,2013,EH,2013,National,1,0.828303449,0.87724332,1.136849011,1.136849011,0.87724332,0.828303449,14-Dec-25,5,1,N,,,,,2,2013,1.136849011,0.87724332,0,0,0,0,CPI_v12_M_v01_A
LAC,BOL,Bolivia,2014,EH,2014,National,1,0.858439131,0.909159552,1.178210326,1.178210326,0.909159552,0.858439131,14-Dec-25,5,1,N,,,,,2,2014,1.178210326,0.909159552,0,0,0,0,CPI_v12_M_v01_A
LAC,BOL,Bolivia,2015,EH,2015,National,1,0.89560964,0.948526262,1.229226964,1.229226964,0.948526262,0.89560964,14-Dec-25,5,1,N,,,,,2,2015,1.229226964,0.948526262,0,0,0,0,CPI_v12_M_v01_A
LAC,BOL,Bolivia,2016,EH,2016,National,1,0.92698117,0.981751361,1.272284484,1.272284484,0.981751361,0.92698117,14-Dec-25,5,1,N,,,,,2,2016,1.272284484,0.981751361,0,0,0,0,CPI_v12_M_v01_A
LAC,BOL,Bolivia,2017,EH,2017,National,1,0.955595808,1.01205668,1.311558162,1.311558162,1.01205668,0.955595808,14-Dec-25,5,1,N,,,,,2,2017,1.311558162,1.01205668,0,0,0,0,CPI_v12_M_v01_A
LAC,BOL,Bolivia,2018,EH,2018,National,1,0.969950659,1.02725968,1.331260239,1.331260239,1.02725968,0.969950659,14-Dec-25,5,1,N,,,,,2,2018,1.331260239,1.02725968,0,0,0,0,CPI_v12_M_v01_A
LAC,BOL,Bolivia,2019,EH,2019,National,1,1.003020934,1.062283895,1.376649292,1.376649292,1.062283895,1.003020934,14-Dec-25,5,1,N,,,,,2,2019,1.376649292,1.062283895,0,0,0,0,CPI_v12_M_v01_A
LAC,BOL,Bolivia,2020,EH,2020,National,1,0.992005795,1.050617932,1.36153098,1.36153098,1.050617932,0.992005795,14-Dec-25,5,1,N,,,,,2,2020,1.36153098,1.050617932,0,0,0,0,CPI_v12_M_v01_A
LAC,BOL,Bolivia,2021,EH,2021,National,1,1.001536626,1.060711887,1.374612075,1.374612075,1.060711887,1.001536626,14-Dec-25,5,1,N,,,,,2,2021,1.374612075,1.060711887,0,0,0,0,CPI_v12_M_v01_A
LAC,BOL,Bolivia,2022,EH,2022,National,1,1.033292007,1.094343518,1.418196432,1.418196432,1.094343518,1.033292007,14-Dec-25,5,1,N,,,,,2,,,,1,1,1,1,CPI_v12_M_v01_A
LAC,BOL,Bolivia,2023,EH,2023,National,1,1.049805462,1.111832662,1.4408612,1.4408612,1.111832662,1.049805462,14-Dec-25,5,1,N,,,,,2,,,,1,1,1,1,CPI_v12_M_v01_A
LAC,BRA,Brazil,1981,PNAD,1981,National,1,4.35E-12,5.23E-12,7.63E-12,0.00209843,0.001437469,0.001195875,14-Dec-25,0,3.64E-09,N,,,,,2,1981,0.00209843,0.001437469,0,0,0,0,CPI_v12_M_v01_A
LAC,BRA,Brazil,1982,PNAD,1982,National,1,8.80E-12,1.06E-11,1.54E-11,0.004247418,0.002909572,0.002420563,14-Dec-25,0,3.64E-09,N,,,,,2,1982,0.004247418,0.002909572,0,0,0,0,CPI_v12_M_v01_A
LAC,BRA,Brazil,1983,PNAD,1983,National,1,2.17E-11,2.61E-11,3.80E-11,0.010463474,0.007167703,0.005963035,14-Dec-25,0,3.64E-09,N,,,,,2,1983,0.010463474,0.007167703,0,0,0,0,CPI_v12_M_v01_A
LAC,BRA,Brazil,1984,PNAD,1984,National,1,6.35E-11,7.64E-11,1.12E-10,0.030662779,0.021004659,0.017474427,14-Dec-25,0,3.64E-09,N,,,,,2,1984,0.030662779,0.021004659,0,0,0,0,CPI_v12_M_v01_A
LAC,BRA,Brazil,1985,PNAD,1985,National,1,2.05E-10,2.46E-10,3.60E-10,0.098865545,0.067725012,0.056342538,14-Dec-25,0,3.64E-09,N,,,,,2,1985,0.098865545,0.067725012,0,0,0,0,CPI_v12_M_v01_A
LAC,BRA,Brazil,1986,PNAD,1986,National,1,4.45E-10,5.35E-10,7.81E-10,0.002147828,0.001471308,0.001224027,14-Dec-25,0,3.64E-07,N,,,,,2,1986,0.002147828,0.001471308,0,0,0,0,CPI_v12_M_v01_A
LAC,BRA,Brazil,1987,PNAD,1987,National,1,1.69E-09,2.04E-09,2.97E-09,0.008173643,0.00559912,0.004658082,14-Dec-25,0,3.64E-07,N,,,,,2,1987,0.008173643,0.00559912,0,0,0,0,CPI_v12_M_v01_A
LAC,BRA,Brazil,1988,PNAD,1988,National,1,1.29E-08,1.55E-08,2.27E-08,0.062364128,0.042720761,0.035540726,14-Dec-25,0,3.64E-07,N,,,,,2,1988,0.062364128,0.042720761,0,0,0,0,CPI_v12_M_v01_A
LAC,BRA,Brazil,1989,PNAD,1989,National,1,1.77E-07,2.13E-07,3.11E-07,0.854279415,0.585199666,0.486845746,14-Dec-25,0,3.64E-07,N,,,,,2,1989,0.854279415,0.585199666,0,0,0,0,CPI_v12_M_v01_A
LAC,BRA,Brazil,1990,PNAD,1990,National,1,6.03E-06,7.25E-06,1.05766E-05,29.08570021,19.92432659,16.57566502,14-Dec-25,0,3.64E-07,N,,,,,2,1990,29.08570021,19.92432659,0,0,0,0,CPI_v12_M_v01_A
LAC,BRA,Brazil,1992,PNAD,1992,National,1,0.000346554,0.000416566,0.000608106,1672.29261,1145.556197,953.0237165,14-Dec-25,0,3.64E-07,N,,,,,2,1992,1672.29261,1145.556197,0,0,0,0,CPI_v12_M_v01_A
LAC,BRA,Brazil,1993,PNAD,1993,National,1,0.006907275,0.008302702,0.012120354,33.33097342,22.83242952,18.99500601,14-Dec-25,0,0.000363636,N,,,,,2,1993,33.33097342,22.83242952,0,0,0,0,CPI_v12_M_v01_A
LAC,BRA,Brazil,1995,PNAD,1995,National,1,0.204293909,0.245565928,0.358479216,0.358479216,0.245565928,0.204293909,14-Dec-25,0,1,N,,,,,2,1995,0.358479216,0.245565928,0,0,0,0,CPI_v12_M_v01_A
LAC,BRA,Brazil,1996,PNAD,1996,National,1,0.231388274,0.278133971,0.406022319,0.406022319,0.278133971,0.231388274,14-Dec-25,0,1,N,,,,,2,1996,0.406022319,0.278133971,0,0,0,0,CPI_v12_M_v01_A
LAC,BRA,Brazil,1997,PNAD,1997,National,1,0.244111814,0.293427957,0.428348609,0.428348609,0.293427957,0.244111814,14-Dec-25,0,1,N,,,,,2,1997,0.428348609,0.293427957,0,0,0,0,CPI_v12_M_v01_A
LAC,BRA,Brazil,1998,PNAD,1998,National,1,0.249642222,0.300075632,0.438052942,0.438052942,0.300075632,0.249642222,14-Dec-25,0,1,N,,,,,2,1998,0.438052942,0.300075632,0,0,0,0,CPI_v12_M_v01_A
LAC,BRA,Brazil,1999,PNAD,1999,National,1,0.265251939,0.318838868,0.465443671,0.465443671,0.318838868,0.265251939,14-Dec-25,0,1,N,,,,,2,1999,0.465443671,0.318838868,0,0,0,0,CPI_v12_M_v01_A
LAC,BRA,Brazil,2001,PNAD,2001,National,1,0.304321704,0.365801614,0.534000285,0.534000285,0.365801614,0.304321704,14-Dec-25,0,1,N,,,,,2,2001,0.534000285,0.365801614,0,0,0,0,CPI_v12_M_v01_A
LAC,BRA,Brazil,2002,PNAD,2002,National,1,0.328457823,0.394813779,0.576352488,0.576352488,0.394813779,0.328457823,14-Dec-25,0,1,N,,,,,2,2002,0.576352488,0.394813779,0,0,0,0,CPI_v12_M_v01_A
LAC,BRA,Brazil,2003,PNAD,2003,National,1,0.378197173,0.454601609,0.663631268,0.663631268,0.454601609,0.378197173,14-Dec-25,0,1,N,,,,,2,2003,0.663631268,0.454601609,0,0,0,0,CPI_v12_M_v01_A
LAC,BRA,Brazil,2004,PNAD,2004,National,1,0.403553311,0.485080265,0.708124267,0.708124267,0.485080265,0.403553311,14-Dec-25,0,1,N,,,,,2,2004,0.708124267,0.485080265,0,0,0,0,CPI_v12_M_v01_A
LAC,BRA,Brazil,2005,PNAD,2005,National,1,0.427914216,0.514362627,0.750870906,0.750870906,0.514362627,0.427914216,14-Dec-25,0,1,N,,,,,2,2005,0.750870906,0.514362627,0,0,0,0,CPI_v12_M_v01_A
LAC,BRA,Brazil,2006,PNAD,2006,National,1,0.443734992,0.533379559,0.778631984,0.778631984,0.533379559,0.443734992,14-Dec-25,0,1,N,,,,,2,2006,0.778631984,0.533379559,0,0,0,0,CPI_v12_M_v01_A
LAC,BRA,Brazil,2007,PNAD,2007,National,1,0.462133077,0.555494476,0.810915528,0.810915528,0.555494476,0.462133077,14-Dec-25,0,1,N,,,,,2,2007,0.810915528,0.555494476,0,0,0,0,CPI_v12_M_v01_A
LAC,BRA,Brazil,2008,PNAD,2008,National,1,0.491018861,0.590215846,0.861602076,0.861602076,0.590215846,0.491018861,14-Dec-25,0,1,N,,,,,2,2008,0.861602076,0.590215846,0,0,0,0,CPI_v12_M_v01_A
LAC,BRA,Brazil,2009,PNAD,2009,National,1,0.512344305,0.615849515,0.899022323,0.899022323,0.615849515,0.512344305,14-Dec-25,0,1,N,,,,,2,2009,0.899022323,0.615849515,0,0,0,0,CPI_v12_M_v01_A
LAC,BRA,Brazil,2011,PNAD,2011,National,1,0.575665156,0.691962619,1.010132874,1.010132874,0.691962619,0.575665156,14-Dec-25,0,1,N,,,,,2,2011,1.010132874,0.691962619,0,0,0,0,CPI_v12_M_v01_A
LAC,BRA,Brazil,2012,PNADC-E1,2012,National,1,0.600684559,0.722036511,1.054034996,1.054034996,0.722036511,0.600684559,14-Dec-25,1,1,N,,,,,2,2012,1.054034996,0.722036511,0,0,0,0,CPI_v12_M_v01_A
LAC,BRA,Brazil,2013,PNADC-E1,2013,National,1,0.637952861,0.766833858,1.119430541,1.119430541,0.766833858,0.637952861,14-Dec-25,1,1,N,,,,,2,2013,1.119430541,0.766833858,0,0,0,0,CPI_v12_M_v01_A
LAC,BRA,Brazil,2014,PNADC-E1,2014,National,1,0.678329189,0.815367122,1.190279811,1.190279811,0.815367122,0.678329189,14-Dec-25,1,1,N,,,,,2,2014,1.190279811,0.815367122,0,0,0,0,CPI_v12_M_v01_A
LAC,BRA,Brazil,2015,PNADC-E1,2015,National,1,0.739581607,0.888993924,1.297760837,1.297760837,0.888993924,0.739581607,14-Dec-25,1,1,N,,,,,2,2015,1.297760837,0.888993924,0,0,0,0,CPI_v12_M_v01_A
LAC,BRA,Brazil,2016,PNADC-E1,2016,National,1,0.804214703,0.966684376,1.411174015,1.411174015,0.966684376,0.804214703,14-Dec-25,1,1,N,,,,,2,2016,1.411174015,0.966684376,0,0,0,0,CPI_v12_M_v01_A
LAC,BRA,Brazil,2017,PNADC-E1,2017,National,1,0.831931004,1,1.459808445,1.459808445,1,0.831931004,14-Dec-25,1,1,N,,,,,2,2017,1.459808445,1,0,0,0,0,CPI_v12_M_v01_A
LAC,BRA,Brazil,2018,PNADC-E1,2018,National,1,0.86241997,1.036648432,1.513308134,1.513308134,1.036648432,0.86241997,14-Dec-25,1,1,N,,,,,2,2018,1.513308134,1.036648432,0,0,0,0,CPI_v12_M_v01_A
LAC,BRA,Brazil,2019,PNADC-E1,2019,National,1,0.894613913,1.075346283,1.569799585,1.569799585,1.075346283,0.894613913,14-Dec-25,1,1,N,,,,,2,2019,1.569799585,1.075346283,0,0,0,0,CPI_v12_M_v01_A
LAC,BRA,Brazil,2020,PNADC-E5,2020,National,1,0.923346855,1.109883933,1.620217939,1.620217939,1.109883933,0.923346855,14-Dec-25,1,1,N,,,,,2,2020,1.620217939,1.109883933,0,0,0,0,CPI_v12_M_v01_A
LAC,BRA,Brazil,2021,PNADC-E5,2021,National,1,1,1.202022758,1.754722973,1.754722973,1.202022758,1,14-Dec-25,1,1,N,,,,,2,2021,1.754722973,1.202022758,0,0,0,0,CPI_v12_M_v01_A
LAC,BRA,Brazil,2022,PNADC-E1,2022,National,1,1.092801002,1.313571674,1.917563023,1.917563023,1.313571674,1.092801002,14-Dec-25,1,1,N,,,,,2,2022,1.917563023,1.313571674,0,0,0,0,CPI_v12_M_v01_A
LAC,BRA,Brazil,2023,PNADC-E1,2023,National,1,1.142999535,1.373911454,2.005647542,2.005647542,1.373911454,1.142999535,14-Dec-25,1,1,N,,,,,2,,,,1,1,1,1,CPI_v12_M_v01_A
LAC,BRB,Barbados,2016,BSLC,2016,National,1,0.810399846,0.928447446,1.054123135,1.054123135,0.928447446,0.810399846,14-Dec-25,0,1,N,,,,,2,,,,1,1,1,1,CPI_v12_M_v01_A
SAR,BTN,Bhutan,2003,BLSS,2003,National,1,0.350842074,0.419797141,0.621123814,0.621123814,0.419797141,0.350842074,14-Dec-25,0,1,N,,,,,2,2003,0.621123814,0.419797141,0,0,0,0,CPI_v12_M_v01_A
SAR,BTN,Bhutan,2007,BLSS,2007,National,1,0.428846214,0.513132341,0.759220789,0.759220789,0.513132341,0.428846214,14-Dec-25,1,1,N,,,,,2,2007,0.759220789,0.513132341,0,0,0,0,CPI_v12_M_v01_A
SAR,BTN,Bhutan,2012,BLSS,2012,National,1,0.626530222,0.749669482,1.109196615,1.109196615,0.749669482,0.626530222,14-Dec-25,1,1,N,,,,,2,2012,1.109196615,0.749669482,0,0,0,0,CPI_v12_M_v01_A
SAR,BTN,Bhutan,2017,BLSS,2017,National,1,0.835741933,1,1.479580858,1.479580858,1,0.835741933,14-Dec-25,1,1,N,,,,,2,2017,1.479580858,1,0,0,0,0,CPI_v12_M_v01_A
SAR,BTN,Bhutan,2022,BLSS,2022,National,1,1.049713007,1.256025175,,1.828156091,1.256025175,1.049713007,14-Dec-25,2,1,N,,,,,2,2022,1.828156091,1.256025175,0,0,0,0,CPI_v12_M_v01_A
SSA,BWA,Botswana,1985,HIES,1985.57,National,1,0.064555759,0.074842268,0.097395148,0.097395148,0.074842268,0.064555759,14-Dec-25,0,1,N,,,,,2,1985.57,0.097395148,0.074842268,0,0,0,0,CPI_v12_M_v01_A
SSA,BWA,Botswana,1993,HIES,1993.33,National,1,0.152597034,0.176912307,0.230222849,0.230222849,0.176912307,0.152597034,14-Dec-25,0,1,N,,,,,2,1993.33,0.230222849,0.176912307,0,0,0,0,CPI_v12_M_v01_A
SSA,BWA,Botswana,2002,HIES,2002.53,National,1,0.324879213,0.376646449,0.490144637,0.490144637,0.376646449,0.324879213,14-Dec-25,1,1,N,,,,,2,2002.53,0.490144637,0.376646449,0,0,0,0,CPI_v12_M_v01_A
SSA,BWA,Botswana,2009,CWIS,2009.25,National,1,0.581343014,0.673975967,0.877071074,0.877071074,0.673975967,0.581343014,14-Dec-25,1,1,N,,,,,2,2009.25,0.877071074,0.673975967,0,0,0,0,CPI_v12_M_v01_A
SSA,BWA,Botswana,2015,BMTHS,2015.85,National,1,0.831506509,0.96400127,1.254492253,1.254492253,0.96400127,0.831506509,14-Dec-25,1,1,N,,,,,2,2015.85,1.254492253,0.96400127,0,0,0,0,CPI_v12_M_v01_A
SSA,CAF,Central African Republic,1992,EPCM,1992.43,National,1,0.293515255,0.324761348,0.46685541,0.46685541,0.324761348,0.293515255,14-Dec-25,0,1,N,,,,,2,1992.43,0.46685541,0.324761348,0,0,0,0,CPI_v12_M_v01_A
SSA,CAF,Central African Republic,2008,ECASEB,2008,National,1,0.591335974,0.654286497,0.940558945,0.940558945,0.654286497,0.591335974,14-Dec-25,1,1,N,,,,,2,2008,0.940558945,0.654286497,0,0,0,0,CPI_v12_M_v01_A
SSA,CAF,Central African Republic,2021,EHCVM,2021,National,1,1.017789926,1.126138498,1.618862139,1.618862139,1.126138498,1.017789926,14-Dec-25,2,1,N,,,,,2,2021,1.618862139,1.126138498,0,0,0,0,CPI_v12_M_v01_A
NAC,CAN,Canada,1971,SCF-LIS,1971,National,1,0.14747249,0.160117562,0.174233475,0.174233475,0.160117562,0.14747249,14-Dec-25,0,1,N,,,,,2,1971,0.174233475,0.160117562,0,0,0,0,CPI_v12_M_v01_A
NAC,CAN,Canada,1973,SCF-LIS,1973,National,1,0.166421467,0.180691325,0.196621014,0.196621014,0.180691325,0.166421467,14-Dec-25,0,1,N,,,,,2,1973,0.196621014,0.180691325,0,0,0,0,CPI_v12_M_v01_A
NAC,CAN,Canada,1975,SCF-LIS,1975,National,1,0.204437121,0.221966643,0.24153515,0.24153515,0.221966643,0.204437121,14-Dec-25,0,1,N,,,,,2,1975,0.24153515,0.221966643,0,0,0,0,CPI_v12_M_v01_A
NAC,CAN,Canada,1977,SCF-LIS,1977,National,1,0.237391862,0.257747098,0.28047,0.28047,0.257747098,0.237391862,14-Dec-25,0,1,N,,,,,2,1977,0.28047,0.257747098,0,0,0,0,CPI_v12_M_v01_A
NAC,CAN,Canada,1979,SCF-LIS,1979,National,1,0.282351557,0.306561875,0.333588271,0.333588271,0.306561875,0.282351557,14-Dec-25,0,1,N,,,,,2,1979,0.333588271,0.306561875,0,0,0,0,CPI_v12_M_v01_A
NAC,CAN,Canada,1981,SCF-LIS,1981,National,1,0.34973224,0.379720135,0.41319614,0.41319614,0.379720135,0.34973224,14-Dec-25,0,1,N,,,,,2,1981,0.41319614,0.379720135,0,0,0,0,CPI_v12_M_v01_A
NAC,CAN,Canada,1982,SCF-LIS,1982,National,1,0.387394824,0.420612109,0.457693137,0.457693137,0.420612109,0.387394824,14-Dec-25,0,1,N,,,,,2,1982,0.457693137,0.420612109,0,0,0,0,CPI_v12_M_v01_A
NAC,CAN,Canada,1984,SCF-LIS,1984,National,1,0.427764376,0.46444316,0.50538832,0.50538832,0.46444316,0.427764376,14-Dec-25,0,1,N,,,,,2,1984,0.50538832,0.46444316,0,0,0,0,CPI_v12_M_v01_A
NAC,CAN,Canada,1985,SCF-LIS,1985,National,1,0.444712541,0.48284455,0.52541197,0.52541197,0.48284455,0.444712541,14-Dec-25,0,1,N,,,,,2,1985,0.52541197,0.48284455,0,0,0,0,CPI_v12_M_v01_A
NAC,CAN,Canada,1986,SCF-LIS,1986,National,1,0.463367274,0.503098839,0.547451871,0.547451871,0.503098839,0.463367274,14-Dec-25,0,1,N,,,,,2,1986,0.547451871,0.503098839,0,0,0,0,CPI_v12_M_v01_A
NAC,CAN,Canada,1987,SCF-LIS,1987,National,1,0.483552066,0.525014382,0.571299481,0.571299481,0.525014382,0.483552066,14-Dec-25,0,1,N,,,,,2,1987,0.571299481,0.525014382,0,0,0,0,CPI_v12_M_v01_A
NAC,CAN,Canada,1988,SCF-LIS,1988,National,1,0.503030655,0.546163169,0.594312738,0.594312738,0.546163169,0.503030655,14-Dec-25,0,1,N,,,,,2,1988,0.594312738,0.546163169,0,0,0,0,CPI_v12_M_v01_A
NAC,CAN,Canada,1989,SCF-LIS,1989,National,1,0.528099817,0.573381893,0.623931056,0.623931056,0.573381893,0.528099817,14-Dec-25,0,1,N,,,,,2,1989,0.623931056,0.573381893,0,0,0,0,CPI_v12_M_v01_A
NAC,CAN,Canada,1990,SCF-LIS,1990,National,1,0.553345521,0.600792297,0.653757953,0.653757953,0.600792297,0.553345521,14-Dec-25,0,1,N,,,,,2,1990,0.653757953,0.600792297,0,0,0,0,CPI_v12_M_v01_A
NAC,CAN,Canada,1991,SCF-LIS,1991,National,1,0.584475961,0.634592027,0.690537456,0.690537456,0.634592027,0.584475961,14-Dec-25,0,1,N,,,,,2,1991,0.690537456,0.634592027,0,0,0,0,CPI_v12_M_v01_A
NAC,CAN,Canada,1992,SCF-LIS,1992,National,1,0.593185444,0.644048307,0.700827399,0.700827399,0.644048307,0.593185444,14-Dec-25,0,1,N,,,,,2,1992,0.700827399,0.644048307,0,0,0,0,CPI_v12_M_v01_A
NAC,CAN,Canada,1993,SCF-LIS,1993,National,1,0.60424881,0.656060304,0.713898369,0.713898369,0.656060304,0.60424881,14-Dec-25,0,1,N,,,,,2,1993,0.713898369,0.656060304,0,0,0,0,CPI_v12_M_v01_A
NAC,CAN,Canada,1994,SCF-LIS,1994,National,1,0.605249208,0.657146482,0.715080304,0.715080304,0.657146482,0.605249208,14-Dec-25,0,1,N,,,,,2,1994,0.715080304,0.657146482,0,0,0,0,CPI_v12_M_v01_A
NAC,CAN,Canada,1995,SCF-LIS,1995,National,1,0.618254574,0.671266997,0.73044568,0.73044568,0.671266997,0.618254574,14-Dec-25,0,1,N,,,,,2,1995,0.73044568,0.671266997,0,0,0,0,CPI_v12_M_v01_A
NAC,CAN,Canada,1996,SLID-LIS,1996,National,1,0.627964456,0.681809455,0.741917558,0.741917558,0.681809455,0.627964456,14-Dec-25,1,1,N,,,,,2,1996,0.741917558,0.681809455,0,0,0,0,CPI_v12_M_v01_A
NAC,CAN,Canada,1997,SLID-LIS,1997,National,1,0.638145139,0.692863084,0.75394567,0.75394567,0.692863084,0.638145139,14-Dec-25,1,1,N,,,,,2,1997,0.75394567,0.692863084,0,0,0,0,CPI_v12_M_v01_A
NAC,CAN,Canada,1998,SLID-LIS,1998,National,1,0.644500677,0.699763579,0.761454512,0.761454512,0.699763579,0.644500677,14-Dec-25,1,1,N,,,,,2,1998,0.761454512,0.699763579,0,0,0,0,CPI_v12_M_v01_A
NAC,CAN,Canada,1999,SLID-LIS,1999,National,1,0.655681758,0.711903386,0.774664559,0.774664559,0.711903386,0.655681758,14-Dec-25,1,1,N,,,,,2,1999,0.774664559,0.711903386,0,0,0,0,CPI_v12_M_v01_A
NAC,CAN,Canada,2000,SLID-LIS,2000,National,1,0.673512605,0.731263144,0.795731067,0.795731067,0.731263144,0.673512605,14-Dec-25,1,1,N,,,,,2,2000,0.795731067,0.731263144,0,0,0,0,CPI_v12_M_v01_A
NAC,CAN,Canada,2001,SLID-LIS,2001,National,1,0.690519627,0.749728439,0.815824257,0.815824257,0.749728439,0.690519627,14-Dec-25,1,1,N,,,,,2,2001,0.815824257,0.749728439,0,0,0,0,CPI_v12_M_v01_A
NAC,CAN,Canada,2002,SLID-LIS,2002,National,1,0.706114308,0.76666029,0.834248815,0.834248815,0.76666029,0.706114308,14-Dec-25,1,1,N,,,,,2,2002,0.834248815,0.76666029,0,0,0,0,CPI_v12_M_v01_A
NAC,CAN,Canada,2003,SLID-LIS,2003,National,1,0.725592866,0.787809043,0.857262035,0.857262035,0.787809043,0.725592866,14-Dec-25,1,1,N,,,,,2,2003,0.857262035,0.787809043,0,0,0,0,CPI_v12_M_v01_A
NAC,CAN,Canada,2004,SLID-LIS,2004,National,1,0.739069034,0.802440729,0.873183645,0.873183645,0.802440729,0.739069034,14-Dec-25,1,1,N,,,,,2,2004,0.873183645,0.802440729,0,0,0,0,CPI_v12_M_v01_A
NAC,CAN,Canada,2005,SLID-LIS,2005,National,1,0.755428681,0.820203138,0.892511983,0.892511983,0.820203138,0.755428681,14-Dec-25,1,1,N,,,,,2,2005,0.892511983,0.820203138,0,0,0,0,CPI_v12_M_v01_A
NAC,CAN,Canada,2006,SLID-LIS,2006,National,1,0.77055256,0.836623819,0.910380306,0.910380306,0.836623819,0.77055256,14-Dec-25,1,1,N,,,,,2,2006,0.910380306,0.836623819,0,0,0,0,CPI_v12_M_v01_A
NAC,CAN,Canada,2007,SLID-LIS,2007,National,1,0.787029986,0.854514107,0.929847796,0.929847796,0.854514107,0.787029986,14-Dec-25,1,1,N,,,,,2,2007,0.929847796,0.854514107,0,0,0,0,CPI_v12_M_v01_A
NAC,CAN,Canada,2008,SLID-LIS,2008,National,1,0.80568472,0.874768396,0.951887697,0.951887697,0.874768396,0.80568472,14-Dec-25,1,1,N,,,,,2,2008,0.951887697,0.874768396,0,0,0,0,CPI_v12_M_v01_A
NAC,CAN,Canada,2009,SLID-LIS,2009,National,1,0.80809746,0.877388017,0.954738263,0.954738263,0.877388017,0.80809746,14-Dec-25,1,1,N,,,,,2,2009,0.954738263,0.877388017,0,0,0,0,CPI_v12_M_v01_A
NAC,CAN,Canada,2010,SLID-LIS,2010,National,1,0.82245631,0.892978072,0.971702731,0.971702731,0.892978072,0.82245631,14-Dec-25,1,1,N,,,,,2,2010,0.971702731,0.892978072,0,0,0,0,CPI_v12_M_v01_A
NAC,CAN,Canada,2011,SLID-LIS,2011,National,1,0.846407326,0.918982774,1,1,0.918982774,0.846407326,14-Dec-25,1,1,N,,,,,2,2011,1,0.918982774,0,0,0,0,CPI_v12_M_v01_A
NAC,CAN,Canada,2012,CIS-LIS,2012,National,1,0.859236181,0.932911643,1.015156834,1.015156834,0.932911643,0.859236181,14-Dec-25,2,1,N,,,,,2,2012,1.015156834,0.932911643,0,0,0,0,CPI_v12_M_v01_A
NAC,CAN,Canada,2013,CIS-LIS,2013,National,1,0.867298288,0.941665038,1.024681925,1.024681925,0.941665038,0.867298288,14-Dec-25,2,1,N,,,,,2,2013,1.024681925,0.941665038,0,0,0,0,CPI_v12_M_v01_A
NAC,CAN,Canada,2014,CIS-LIS,2014,National,1,0.883834509,0.959619163,1.04421888,1.04421888,0.959619163,0.883834509,14-Dec-25,2,1,N,,,,,2,2014,1.04421888,0.959619163,0,0,0,0,CPI_v12_M_v01_A
NAC,CAN,Canada,2015,CIS-LIS,2015,National,1,0.893779823,0.97041724,1.055968912,1.055968912,0.97041724,0.893779823,14-Dec-25,2,1,N,,,,,2,2015,1.055968912,0.97041724,0,0,0,0,CPI_v12_M_v01_A
NAC,CAN,Canada,2016,CIS-LIS,2016,National,1,0.906549757,0.984282136,1.071056133,1.071056133,0.984282136,0.906549757,14-Dec-25,2,1,N,,,,,2,2016,1.071056133,0.984282136,0,0,0,0,CPI_v12_M_v01_A
NAC,CAN,Canada,2017,CIS-LIS,2017,National,1,0.921026323,1,1.088159679,1.088159679,1,0.921026323,14-Dec-25,2,1,N,,,,,2,2017,1.088159679,1,0,0,0,0,CPI_v12_M_v01_A
NAC,CAN,Canada,2018,CIS-LIS,2018,National,1,0.941917286,1.022682264,1.112841604,1.112841604,1.022682264,0.941917286,14-Dec-25,2,1,N,,,,,2,2018,1.112841604,1.022682264,0,0,0,0,CPI_v12_M_v01_A
NAC,CAN,Canada,2019,CIS-LIS,2019,National,1,0.960277792,1.042617098,1.134533886,1.134533886,1.042617098,0.960277792,14-Dec-25,2,1,N,,,,,2,2019,1.134533886,1.042617098,0,0,0,0,CPI_v12_M_v01_A
NAC,CAN,Canada,2020,CIS-LIS,2020,National,1,0.967162927,1.050092601,1.142668427,1.142668427,1.050092601,0.967162927,14-Dec-25,2,1,N,,,,,2,,,,1,1,1,1,CPI_v12_M_v01_A
ECA,CHE,Switzerland,1982,SIWS-LIS,1982,National,1,0.613831386,0.620905203,0.608735718,0.608735718,0.620905203,0.613831386,14-Dec-25,0,1,N,,,,,2,1982,0.608735718,0.620905203,0,0,0,0,CPI_v12_M_v01_A
ECA,CHE,Switzerland,1992,NPS-LIS,1992,National,1,0.838826729,0.848493401,0.831863282,0.831863282,0.848493401,0.838826729,14-Dec-25,1,1,N,,,,,2,1992,0.831863282,0.848493401,0,0,0,0,CPI_v12_M_v01_A
ECA,CHE,Switzerland,2000,IES-LIS,2000,National,1,0.923039579,0.933676723,0.915377046,0.915377046,0.933676723,0.923039579,14-Dec-25,2,1,N,,,,,2,2000,0.915377046,0.933676723,0,0,0,0,CPI_v12_M_v01_A
ECA,CHE,Switzerland,2002,IES-LIS,2002,National,1,0.938159781,0.948971171,0.93037173,0.93037173,0.948971171,0.938159781,14-Dec-25,2,1,N,,,,,2,2002,0.93037173,0.948971171,0,0,0,0,CPI_v12_M_v01_A
ECA,CHE,Switzerland,2004,IES-LIS,2004,National,1,0.951728458,0.962696214,0.943827767,0.943827767,0.962696214,0.951728458,14-Dec-25,2,1,N,,,,,2,2004,0.943827767,0.962696214,0,0,0,0,CPI_v12_M_v01_A
ECA,CHE,Switzerland,2006,EU-SILC,2006,National,1,0.973084085,0.984297944,0.965006113,0.965006113,0.984297944,0.973084085,14-Dec-25,3,1,N,,,,,2,2006,0.965006113,0.984297944,0,0,0,0,CPI_v12_M_v01_A
ECA,CHE,Switzerland,2007,EU-SILC,2007,National,1,0.980210482,0.991506466,0.972073351,0.972073351,0.991506466,0.980210482,14-Dec-25,3,1,N,,,,,2,2007,0.972073351,0.991506466,0,0,0,0,CPI_v12_M_v01_A
ECA,CHE,Switzerland,2008,EU-SILC,2008,National,1,1.003990801,1.01556083,0.995656259,0.995656259,1.01556083,1.003990801,14-Dec-25,3,1,N,,,,,2,2008,0.995656259,1.01556083,0,0,0,0,CPI_v12_M_v01_A
ECA,CHE,Switzerland,2009,EU-SILC,2009,National,1,0.999166824,1.010681261,0.990872328,0.990872328,1.010681261,0.999166824,14-Dec-25,3,1,N,,,,,2,2009,0.990872328,1.010681261,0,0,0,0,CPI_v12_M_v01_A
ECA,CHE,Switzerland,2010,EU-SILC,2010,National,1,1.00604346,1.017637144,0.997691878,0.997691878,1.017637144,1.00604346,14-Dec-25,3,1,N,,,,,2,2010,0.997691878,1.017637144,0,0,0,0,CPI_v12_M_v01_A
ECA,CHE,Switzerland,2011,EU-SILC,2011,National,1,1.008370903,1.019991408,1,1,1.019991408,1.008370903,14-Dec-25,3,1,N,,,,,2,2011,1,1.019991408,0,0,0,0,CPI_v12_M_v01_A
ECA,CHE,Switzerland,2012,EU-SILC,2012,National,1,1.001387424,1.012927451,0.993074494,0.993074494,1.012927451,1.001387424,14-Dec-25,3,1,N,,,,,2,2012,0.993074494,1.012927451,0,0,0,0,CPI_v12_M_v01_A
ECA,CHE,Switzerland,2013,EU-SILC,2013,National,1,0.999211189,1.010726137,0.990916324,0.990916324,1.010726137,0.999211189,14-Dec-25,3,1,N,,,,,2,2013,0.990916324,1.010726137,0,0,0,0,CPI_v12_M_v01_A
ECA,CHE,Switzerland,2014,EU-SILC,2014,National,1,0.999079247,1.010592675,0.990785478,0.990785478,1.010592675,0.999079247,14-Dec-25,3,1,N,,,,,2,2014,0.990785478,1.010592675,0,0,0,0,CPI_v12_M_v01_A
ECA,CHE,Switzerland,2015,EU-SILC,2015,National,1,0.987650731,0.999032456,0.979451834,0.979451834,0.999032456,0.987650731,14-Dec-25,3,1,N,,,,,2,2015,0.979451834,0.999032456,0,0,0,0,CPI_v12_M_v01_A
ECA,CHE,Switzerland,2016,EU-SILC,2016,National,1,0.983358206,0.994690464,0.975194944,0.975194944,0.994690464,0.983358206,14-Dec-25,3,1,N,,,,,2,2016,0.975194944,0.994690464,0,0,0,0,CPI_v12_M_v01_A
ECA,CHE,Switzerland,2017,EU-SILC,2017,National,1,0.988607252,1,0.980400415,0.980400415,1,0.988607252,14-Dec-25,3,1,N,,,,,2,2017,0.980400415,1,0,0,0,0,CPI_v12_M_v01_A
ECA,CHE,Switzerland,2018,EU-SILC,2018,National,1,0.997863908,1.00936333,0.989580228,0.989580228,1.00936333,0.997863908,14-Dec-25,3,1,N,,,,,2,2018,0.989580228,1.00936333,0,0,0,0,CPI_v12_M_v01_A
ECA,CHE,Switzerland,2019,EU-SILC,2019,National,1,1.001485056,1.013026209,0.993171315,0.993171315,1.013026209,1.001485056,14-Dec-25,3,1,N,,,,,2,2019,0.993171315,1.013026209,0,0,0,0,CPI_v12_M_v01_A
ECA,CHE,Switzerland,2020,EU-SILC,2020,National,1,0.994215511,1.005672889,0.985962118,0.985962118,1.005672889,0.994215511,14-Dec-25,3,1,N,,,,,2,2020,0.985962118,1.005672889,0,0,0,0,CPI_v12_M_v01_A
ECA,CHE,Switzerland,2021,EU-SILC,2021,National,1,1,1.011524039,0.991698587,0.991698587,1.011524039,1,14-Dec-25,3,1,N,,,,,2,,,,1,1,1,1,CPI_v12_M_v01_A
LAC,CHL,Chile,1987,CASEN,1987,National,1,0.12478858,0.141200986,0.171568714,0.171568714,0.141200986,0.12478858,14-Dec-25,0,1,N,,,,,2,1987,0.171568714,0.141200986,0,0,0,0,CPI_v12_M_v01_A
LAC,CHL,Chile,1990,CASEN,1990,National,1,0.234800104,0.265681412,0.322820822,0.322820822,0.265681412,0.234800104,14-Dec-25,0,1,N,,,,,2,1990,0.322820822,0.265681412,0,0,0,0,CPI_v12_M_v01_A
LAC,CHL,Chile,1992,CASEN,1992,National,1,0.315396699,0.356878208,0.433631075,0.433631075,0.356878208,0.315396699,14-Dec-25,0,1,N,,,,,2,1992,0.433631075,0.356878208,0,0,0,0,CPI_v12_M_v01_A
LAC,CHL,Chile,1994,CASEN,1994,National,1,0.384835066,0.435449226,0.529100158,0.529100158,0.435449226,0.384835066,14-Dec-25,0,1,N,,,,,2,1994,0.529100158,0.435449226,0,0,0,0,CPI_v12_M_v01_A
LAC,CHL,Chile,1996,CASEN,1996,National,1,0.443639644,0.501987882,0.609949109,0.609949109,0.501987882,0.443639644,14-Dec-25,0,1,N,,,,,2,1996,0.609949109,0.501987882,0,0,0,0,CPI_v12_M_v01_A
LAC,CHL,Chile,1998,CASEN,1998,National,1,0.491690037,0.556357945,0.676012399,0.676012399,0.556357945,0.491690037,14-Dec-25,0,1,N,,,,,2,1998,0.676012399,0.556357945,0,0,0,0,CPI_v12_M_v01_A
LAC,CHL,Chile,2000,CASEN,2000,National,1,0.52789433,0.597323887,0.725788781,0.725788781,0.597323887,0.52789433,14-Dec-25,1,1,N,,,,,2,2000,0.725788781,0.597323887,0,0,0,0,CPI_v12_M_v01_A
LAC,CHL,Chile,2003,CASEN,2003,National,1,0.565551999,0.639934357,0.777563373,0.777563373,0.639934357,0.565551999,14-Dec-25,1,1,N,,,,,2,2003,0.777563373,0.639934357,0,0,0,0,CPI_v12_M_v01_A
LAC,CHL,Chile,2006,CASEN,2006,National,1,0.613339991,0.694007507,0.843265895,0.843265895,0.694007507,0.613339991,14-Dec-25,2,1,N,,,,,2,2006,0.843265895,0.694007507,0,0,0,0,CPI_v12_M_v01_A
LAC,CHL,Chile,2009,CASEN,2009,National,1,0.693256794,0.784435103,0.953141519,0.953141519,0.784435103,0.693256794,14-Dec-25,2,1,N,,,,,2,2009,0.953141519,0.784435103,0,0,0,0,CPI_v12_M_v01_A
LAC,CHL,Chile,2011,CASEN,2011,National,1,0.738264604,0.835362416,1.015021637,1.015021637,0.835362416,0.738264604,14-Dec-25,2,1,N,,,,,2,2011,1.015021637,0.835362416,0,0,0,0,CPI_v12_M_v01_A
LAC,CHL,Chile,2013,CASEN,2013,National,1,0.77185923,0.873375465,1.061210052,1.061210052,0.873375465,0.77185923,14-Dec-25,2,1,N,,,,,2,2013,1.061210052,0.873375465,0,0,0,0,CPI_v12_M_v01_A
LAC,CHL,Chile,2015,CASEN,2015,National,1,0.848037314,0.95957262,1.165945405,1.165945405,0.95957262,0.848037314,14-Dec-25,2,1,N,,,,,2,2015,1.165945405,0.95957262,0,0,0,0,CPI_v12_M_v01_A
LAC,CHL,Chile,2017,CASEN,2017,National,1,0.889622013,1.006626609,1.223119173,1.223119173,1.006626609,0.889622013,14-Dec-25,2,1,N,,,,,2,2017,1.223119173,1.006626609,0,0,0,0,CPI_v12_M_v01_A
LAC,CHL,Chile,2020,CASEN,2020,National,1,0.965890894,1.092926502,1.32797936,1.32797936,1.092926502,0.965890894,14-Dec-25,2,1,N,,,,,2,2020,1.32797936,1.092926502,0,0,0,0,CPI_v12_M_v01_A
LAC,CHL,Chile,2022,CASEN,2022,National,1,1.168094223,1.321723956,1.605983687,1.605983687,1.321723956,1.168094223,14-Dec-25,2,1,N,,,,,2,2022,1.605983687,1.321723956,0,0,0,0,CPI_v12_M_v01_A
EAP,CHN,China,1981,CRHS-CUHS,1981,Urban/Rural,0,,,0.176900744,0.1769007,0.150021359,0.137271687,Updated in SM2019 Feb 6 2019,0,,,,,1,,0,1981,0.176900744,0.150021359,0,0,0,0,CPI_v12_M_v01_A
EAP,CHN,China,1981,CRHS-CUHS,1981,Urban/Rural,1,,,0.173007399,0.173007399,0.152583793,0.140699491,Updated in SM2019 Feb 6 2019,0,,,,,1,,1,1981,0.173007399,0.152583792,0,0,0,0,CPI_v12_M_v01_A
EAP,CHN,China,1984,CRHS-CUHS,1984,Urban/Rural,0,,,0.188088819,0.188088804,0.159509465,0.145953432,Updated in SM2019 Feb 6 2019,0,,,,,1,,0,1984,0.188088819,0.159509457,0,0,0,0,CPI_v12_M_v01_A
EAP,CHN,China,1984,CRHS-CUHS,1984,Urban/Rural,1,,,0.184856817,0.184856802,0.163034379,0.150336117,Updated in SM2019 Feb 6 2019,0,,,,,1,,1,1984,0.184856817,0.163034378,0,0,0,0,CPI_v12_M_v01_A
EAP,CHN,China,1987,CRHS-CUHS,1987,Urban/Rural,0,,,0.22804217,0.2280422,0.193392053,0.176956475,Updated in SM2019 Feb 6 2019,0,,,,,1,,0,1987,0.22804217,0.193392047,0,0,0,0,CPI_v12_M_v01_A
EAP,CHN,China,1987,CRHS-CUHS,1987,Urban/Rural,1,,,0.240812063,0.240812093,0.212384075,0.195842117,Updated in SM2019 Feb 6 2019,0,,,,,1,,1,1987,0.240812063,0.212384076,0,0,0,0,CPI_v12_M_v01_A
EAP,CHN,China,1990,CRHS-CUHS,1990,Urban/Rural,0,,,0.334048688,0.334048688,0.28329128,0.259215564,Updated in SM2019 Feb 6 2019,1,,,,,1,,0,1990,0.334048688,0.283291282,0,0,0,0,CPI_v12_M_v01_A
EAP,CHN,China,1990,CRHS-CUHS,1990,Urban/Rural,1,,,0.342432261,0.34243229,0.302007943,0.278485447,Updated in SM2019 Feb 6 2019,1,,,,,1,,1,1990,0.342432261,0.302007954,0,0,0,0,CPI_v12_M_v01_A
EAP,CHN,China,1993,CRHS-CUHS,1993,Urban/Rural,0,,,0.40681085,0.40681079,0.344997525,0.315677673,Updated in SM2019 Feb 6 2019,1,,,,,1,,0,1993,0.40681085,0.344997533,0,0,0,0,CPI_v12_M_v01_A
EAP,CHN,China,1993,CRHS-CUHS,1993,Urban/Rural,1,,,0.453773797,0.453773797,0.400205582,0.369034767,Updated in SM2019 Feb 6 2019,1,,,,,1,,1,1993,0.453773797,0.400205583,0,0,0,0,CPI_v12_M_v01_A
EAP,CHN,China,1996,CRHS-CUHS,1996,Urban/Rural,0,,,0.636453986,0.636453986,0.539747298,0.493876457,Updated in SM2019 Feb 6 2019,1,,,,,1,,0,1996,0.636453986,0.539747278,0,0,0,0,CPI_v12_M_v01_A
EAP,CHN,China,1996,CRHS-CUHS,1996,Urban/Rural,1,,,0.720810592,0.720810592,0.635718584,0.58620435,Updated in SM2019 Feb 6 2019,1,,,,,1,,1,1996,0.720810592,0.635718564,0,0,0,0,CPI_v12_M_v01_A
EAP,CHN,China,1999,CRHS-CUHS,1999,Urban/Rural,0,,,0.636154056,0.636154115,0.539492905,0.493643731,Updated in SM2019 Feb 6 2019,1,,,,,1,,0,1999,0.636154056,0.539492922,0,0,0,0,CPI_v12_M_v01_A
EAP,CHN,China,1999,CRHS-CUHS,1999,Urban/Rural,1,,,0.72909373,0.729093671,0.643023849,0.592940688,Updated in SM2019 Feb 6 2019,1,,,,,1,,1,1999,0.72909373,0.643023872,0,0,0,0,CPI_v12_M_v01_A
EAP,CHN,China,2002,CRHS-CUHS,2002,Urban/Rural,0,,,0.638039649,0.638039589,0.541091979,0.495106906,Updated in SM2019 Feb 6 2019,1,,,,,1,,0,2002,0.638039649,0.541091997,0,0,0,0,CPI_v12_M_v01_A
EAP,CHN,China,2002,CRHS-CUHS,2002,Urban/Rural,1,,,0.732670307,0.732670307,0.646178186,0.595849276,Updated in SM2019 Feb 6 2019,1,,,,,1,,1,2002,0.732670307,0.646178187,0,0,0,0,CPI_v12_M_v01_A
EAP,CHN,China,2005,CRHS-CUHS,2005,Urban/Rural,0,,,0.694310188,0.694310188,0.58881247,0.538771808,Updated in SM2019 Feb 6 2019,1,,,,,1,,0,2005,0.694310188,0.588812467,0,0,0,0,CPI_v12_M_v01_A
EAP,CHN,China,2005,CRHS-CUHS,2005,Urban/Rural,1,,,0.775878608,0.775878608,0.68428576,0.630988777,Updated in SM2019 Feb 6 2019,1,,,,,1,,1,2005,0.775878608,0.684285739,0,0,0,0,CPI_v12_M_v01_A
EAP,CHN,China,2008,CRHS-CUHS,2008,Urban/Rural,0,,,0.861591935,0.861591876,0.730676413,0.66857934,Updated in SM2019 Feb 6 2019,1,,,,,1,,0,2008,0.861591935,0.730676389,0,0,0,0,CPI_v12_M_v01_A
EAP,CHN,China,2008,CRHS-CUHS,2008,Urban/Rural,1,,,0.903776407,0.903776407,0.797085106,0.735002518,Updated in SM2019 Feb 6 2019,1,,,,,1,,1,2008,0.903776407,0.797085124,0,0,0,0,CPI_v12_M_v01_A
EAP,CHN,China,2010,CRHS-CUHS,2010,Urban/Rural,0,,,0.906940043,0.906939983,0.769134045,0.703768611,Updated in SM2019 Feb 6 2019,1,,,,,1,,0,2010,0.906940043,0.769134049,0,0,0,0,CPI_v12_M_v01_A
EAP,CHN,China,2010,CRHS-CUHS,2010,Urban/Rural,1,,,0.936504066,0.936504126,0.825949311,0.761618555,Updated in SM2019 Feb 6 2019,1,,,,,1,,1,2010,0.936504066,0.825949307,0,0,0,0,CPI_v12_M_v01_A
EAP,CHN,China,2011,CRHS-CUHS,2011,Urban/Rural,0,,,1,1,0.848053873,0.775981426,Updated in SM2019 Feb 6 2019,1,,,,,1,,0,2011,1,0.84805389,0,0,0,0,CPI_v12_M_v01_A
EAP,CHN,China,2011,CRHS-CUHS,2011,Urban/Rural,1,,,1,1,0.881949484,0.813257098,Updated in SM2019 Feb 6 2019,1,,,,,1,,1,2011,1,0.881949496,0,0,0,0,CPI_v12_M_v01_A
EAP,CHN,China,2012,CNIHS,2012,Urban/Rural,0,,,1.035094619,1.035094976,0.877816021,0.803214192,Updated in SM2019 Feb 6 2019,1,,,,,1,,0,2012,1.035094619,0.877816034,0,0,0,0,CPI_v12_M_v01_A
EAP,CHN,China,2012,CNIHS,2012,Urban/Rural,1,,,1.02699995,1.02699995,0.905762136,0.835215032,Updated in SM2019 Feb 6 2019,1,,,,,1,,1,2012,1.02699995,0.905762132,0,0,0,0,CPI_v12_M_v01_A
EAP,CHN,China,2013,CNIHS,2013,Urban/Rural,0,,,1.078864336,1.078863978,0.914935112,0.837178707,Updated in SM2019 Feb 6 2019,2,,,,,1,,0,2013,1.078864336,0.914935112,0,0,0,0,CPI_v12_M_v01_A
EAP,CHN,China,2013,CNIHS,2013,Urban/Rural,1,,,1.053701997,1.053701997,0.929311931,0.856930614,Updated in SM2019 Feb 6 2019,2,,,,,1,,1,2013,1.053701997,0.929311948,0,0,0,0,CPI_v12_M_v01_A
EAP,CHN,China,2014,CNIHS,2014,Urban/Rural,0,,,1.104100943,1.104100943,0.936337113,0.856761813,Updated in SM2019 Feb 6 2019,2,,,,,1,,0,2014,1.104100943,0.936337103,0,0,0,0,CPI_v12_M_v01_A
EAP,CHN,China,2014,CNIHS,2014,Urban/Rural,1,,,1.075829744,1.075829983,0.948827505,0.87492615,Updated in SM2019 Feb 6 2019,2,,,,,1,,1,2014,1.075829744,0.948827499,0,0,0,0,CPI_v12_M_v01_A
EAP,CHN,China,2015,CNIHS,2015,Urban/Rural,0,,,1.125788689,1.125789046,0.954729438,0.873591065,Updated in SM2019 Feb 6 2019,2,,,,,1,,0,2015,1.125788689,0.954729439,0,0,0,0,CPI_v12_M_v01_A
EAP,CHN,China,2015,CNIHS,2015,Urban/Rural,1,,,1.091967225,1.091966987,0.963059902,0.88805002,Updated in SM2019 Feb 6 2019,2,,,,,1,,1,2015,1.091967225,0.963059911,0,0,0,0,CPI_v12_M_v01_A
EAP,CHN,China,2016,CNIHS,2016,Urban/Rural,0,,,1.164037824,1.164037943,0.987166822,0.903271735,Updated in SM2020 Feb 26 2020,2,,,,,1,,0,2016,1.16403785,0.987166831,0,0,0,0,CPI_v12_M_v01_A
EAP,CHN,China,2016,CNIHS,2016,Urban/Rural,1,,,1.114898443,1.114899039,0.983284175,0.906699121,Updated in SM2020 Feb 26 2020,2,,,,,1,,1,2016,1.1148985,0.983284169,0,0,0,0,CPI_v12_M_v01_A
EAP,CHN,China,2017,CNIHS,2017,Urban/Rural,0,,,1.180993676,1.179170012,1,0.915014267,Updated in SM2021 Nov 9 2021,2,,,,,1,,0,2017,1.179170347,1,0,0,0,0,CPI_v12_M_v01_A
EAP,CHN,China,2017,CNIHS,2017,Urban/Rural,1,,,1.133851767,1.133852005,1,0.922113001,Updated in SM2021 Nov 9 2021,2,,,,,1,,1,2017,1.133851774,1,0,0,0,0,CPI_v12_M_v01_A
EAP,CHN,China,2018,CNIHS,2018,Urban/Rural,0,,,1.268927455,1.203933001,1.021000028,0.934229553,Updated in SM2021 Nov 9 2021,2,,,,,1,,0,2018,1.203932924,1.021,0,0,0,0,CPI_v12_M_v01_A
EAP,CHN,China,2018,CNIHS,2018,Urban/Rural,1,,,1.157662749,1.157662988,1.021000028,0.941477358,Updated in SM2021 Nov 9 2021,2,,,,,1,,1,2018,1.157662661,1.021,0,0,0,0,CPI_v12_M_v01_A
EAP,CHN,China,2019,CNIHS,2019,Urban/Rural,0,,,,1.242459059,1.053671956,0.964124918,Updated in SM2021 Nov 9 2021,2,,,,,1,,0,2019,1.242458778,1.053672,0,0,0,0,CPI_v12_M_v01_A
EAP,CHN,China,2019,CNIHS,2019,Urban/Rural,1,,,,1.190076947,1.049587965,0.967838705,Updated in SM2021 Nov 9 2021,2,,,,,1,,1,2019,1.190077215,1.049588,0,0,0,0,CPI_v12_M_v01_A
EAP,CHN,China,2020,CNIHS,2020,Urban/Rural,0,,,,1.279732943,1.085282207,0.993048668,Updated in AM2023 Jul 13 2023,2,,,,,1,,0,2020,1.279732541,1.08528216,0,0,0,0,CPI_v12_M_v01_A
EAP,CHN,China,2020,CNIHS,2020,Urban/Rural,1,,,,1.21744895,1.073728442,0.990099013,Updated in AM2023 Jul 13 2023,2,,,,,1,,1,2020,1.217448991,1.073728524,0,0,0,0,CPI_v12_M_v01_A
EAP,CHN,China,2021,CNIHS,2021,Urban/Rural,0,,,,1.288691044,1.092879057,1,Updated in AM2023 Jul 13 2023,2,,,,,1,,0,2021,1.288690669,1.092879135,0,0,0,0,CPI_v12_M_v01_A
EAP,CHN,China,2021,CNIHS,2021,Urban/Rural,1,,,,1.22962296,1.084465742,1,Updated in AM2023 Jul 13 2023,2,,,,,1,,1,2021,1.229623481,1.084465809,0,0,0,0,CPI_v12_M_v01_A
EAP,CHN,China,2022,CNIHS,2022,Urban/Rural,0,,,,1.31446445,1.114736676,1.019999981,Updated in SM2025,2,,,,,1,,0,,,,1,1,1,1,CPI_v12_M_v01_A
EAP,CHN,China,2022,CNIHS,2022,Urban/Rural,1,,,,1.254215956,1.106155157,1.019999981,Updated in SM2025,2,,,,,1,,1,,,,1,1,1,1,CPI_v12_M_v01_A
SSA,CIV,Côte dIvoire,1985,EPAM,1985.08,National,1,0.282053804,0.298455336,0.319903859,0.319903859,0.298455336,0.282053804,14-Dec-25,0,1,N,,,,,2,1985.08,0.319903859,0.298455336,0,0,0,0,CPI_v12_M_v01_A
SSA,CIV,Côte dIvoire,1986,EPAM,1986.08,National,1,0.308692127,0.326642686,0.350116896,0.350116896,0.326642686,0.308692127,14-Dec-25,0,1,N,,,,,2,1986.08,0.350116896,0.326642686,0,0,0,0,CPI_v12_M_v01_A
SSA,CIV,Côte dIvoire,1987,EPAM,1987.17,National,1,0.332170047,0.351485856,0.376745423,0.376745423,0.351485856,0.332170047,14-Dec-25,0,1,N,,,,,2,1987.17,0.376745423,0.351485856,0,0,0,0,CPI_v12_M_v01_A
SSA,CIV,Côte dIvoire,1988,EPAM,1988.33,National,1,0.352271374,0.372756082,0.399544236,0.399544236,0.372756082,0.352271374,14-Dec-25,0,1,N,,,,,2,1988.33,0.399544236,0.372756082,0,0,0,0,CPI_v12_M_v01_A
SSA,CIV,Côte dIvoire,1992,EP,1992.57,National,1,0.377546335,0.399500791,0.428210957,0.428210957,0.399500791,0.377546335,14-Dec-25,1,1,N,,,,,2,1992.57,0.428210957,0.399500791,0,0,0,0,CPI_v12_M_v01_A
SSA,CIV,Côte dIvoire,1995,ENV,1995,National,1,0.549065804,0.58099418,0.622747387,0.622747387,0.58099418,0.549065804,14-Dec-25,1,1,N,,,,,2,1995,0.622747387,0.58099418,0,0,0,0,CPI_v12_M_v01_A
SSA,CIV,Côte dIvoire,1998,ENV,1998,National,1,0.612303081,0.647908728,0.694470756,0.694470756,0.647908728,0.612303081,14-Dec-25,1,1,N,,,,,2,1998,0.694470756,0.647908728,0,0,0,0,CPI_v12_M_v01_A
SSA,CIV,Côte dIvoire,2002,ENV,2002,National,1,0.68008583,0.719633068,0.771349573,0.771349573,0.719633068,0.68008583,14-Dec-25,2,1,N,,,,,2,2002,0.771349573,0.719633068,0,0,0,0,CPI_v12_M_v01_A
SSA,CIV,Côte dIvoire,2008,ENV,2008,National,1,0.821838011,0.86962819,0.93212411,0.93212411,0.86962819,0.821838011,14-Dec-25,2,1,N,,,,,2,2008,0.93212411,0.86962819,0,0,0,0,CPI_v12_M_v01_A
SSA,CIV,Côte dIvoire,2015,ENV,2015,National,1,0.931868453,0.986056942,1.056920026,1.056920026,0.986056942,0.931868453,14-Dec-25,2,1,N,,,,,2,2015,1.056920026,0.986056942,0,0,0,0,CPI_v12_M_v01_A
SSA,CIV,Côte dIvoire,2018,EHCVM,2018.5,National,1,0.947579258,1.002681337,1.074739134,1.074739134,1.002681337,0.947579258,14-Dec-25,3,1,N,,,,,2,2018.5,1.074739134,1.002681337,0,0,0,0,CPI_v12_M_v01_A
SSA,CIV,Côte dIvoire,2021,EHCVM,2021.75,National,1,1.01352138,1.072458017,1.149530323,1.149530323,1.072458017,1.01352138,14-Dec-25,3,1,N,,,,,2,2021.75,1.149530323,1.072458017,0,0,0,0,CPI_v12_M_v01_A
SSA,CMR,Cameroon,1996,ECAM-I,1996,National,1,0.560081984,0.607586867,0.676311646,0.676311646,0.607586867,0.560081984,14-Dec-25,0,1,N,,,,,2,1996,0.676311646,0.607586867,0,0,0,0,CPI_v12_M_v01_A
SSA,CMR,Cameroon,2001,ECAM-II,2001,National,1,0.651997823,0.707298798,0.787302098,0.787302098,0.707298798,0.651997823,14-Dec-25,1,1,N,,,,,2,2001,0.787302098,0.707298798,0,0,0,0,CPI_v12_M_v01_A
SSA,CMR,Cameroon,2007,ECAM-III,2007,National,1,0.731834003,0.793906502,0.883706088,0.883706088,0.793906502,0.731834003,14-Dec-25,1,1,N,,,,,2,2007,0.883706088,0.793906502,0,0,0,0,CPI_v12_M_v01_A
SSA,CMR,Cameroon,2014,ECAM-IV,2014,National,1,0.884343195,0.959351178,1.067864383,1.067864383,0.959351178,0.884343195,14-Dec-25,1,1,N,,,,,2,2014,1.067864383,0.959351178,0,0,0,0,CPI_v12_M_v01_A
SSA,CMR,Cameroon,2021,ECAM-V,2021.67,National,1,1.007193156,1.092620994,1.216208486,1.216208486,1.092620994,1.007193156,14-Dec-25,2,1,N,,,,,2,2021.67,1.216208486,1.092620994,0,0,0,0,CPI_v12_M_v01_A
SSA,COD,"Congo, Dem. Rep.",2004,E123,2004.89,National,1,0.194497822,0.319499904,0.498062053,0.498062053,0.319499904,0.194497822,14-Dec-25,0,1,N,,,,,2,2004.89,0.498062053,0.319499904,0,0,0,0,CPI_v12_M_v01_A
SSA,COD,"Congo, Dem. Rep.",2012,E123,2012.4,National,1,0.425325021,0.698677762,1.089154883,1.089154883,0.698677762,0.425325021,14-Dec-25,0,1,N,,,,,2,2012.4,1.089154883,0.698677762,0,0,0,0,CPI_v12_M_v01_A
SSA,COD,"Congo, Dem. Rep.",2020,EGI-ODD,2020,National,1,0.917522524,1.507206379,2.349554081,2.349554081,1.507206379,0.917522524,14-Dec-25,1,1,N,,,,,2,2020,2.349554081,1.507206379,0,0,0,0,CPI_v12_M_v01_A
SSA,COG,"Congo, Rep.",2005,ECOM,2005,National,1,0.643391144,0.688724212,0.816625534,0.816625534,0.688724212,0.643391144,14-Dec-25,0,1,N,,,,,2,2005,0.816625534,0.688724212,0,0,0,0,CPI_v12_M_v01_A
SSA,COG,"Congo, Rep.",2011,ECOM,2011.67,National,1,0.814312828,0.871688965,1.033568234,1.033568234,0.871688965,0.814312828,14-Dec-25,0,1,N,,,,,2,2011.67,1.033568234,0.871688965,0,0,0,0,CPI_v12_M_v01_A
LAC,COL,Colombia,1980,ENH,1980,National,1,0.007515088,0.00852271,0.010868389,0.010868389,0.00852271,0.007515088,14-Dec-25,0,1,U,,,,,2,1980,0.010868389,0.00852271,0,0,0,0,CPI_v12_M_v01_A
LAC,COL,Colombia,1988,ENH,1988,National,1,0.038660477,0.043844072,0.055911137,0.055911137,0.043844072,0.038660477,14-Dec-25,1,1,U,,,,,2,1988,0.055911137,0.043844072,0,0,0,0,CPI_v12_M_v01_A
LAC,COL,Colombia,1989,ENH,1989,National,1,0.052338365,0.05935589,0.075692224,0.075692224,0.05935589,0.052338365,14-Dec-25,1,1,U,,,,,2,1989,0.075692224,0.05935589,0,0,0,0,CPI_v12_M_v01_A
LAC,COL,Colombia,1991,ENH,1991,National,1,0.087936152,0.099726626,0.12717407,0.12717407,0.099726626,0.087936152,14-Dec-25,1,1,U,,,,,2,1991,0.12717407,0.099726626,0,0,0,0,CPI_v12_M_v01_A
LAC,COL,Colombia,1992,ENH,1992,National,1,0.110513443,0.125331079,0.159825557,0.159825557,0.125331079,0.110513443,14-Dec-25,1,1,N,,,,,2,1992,0.159825557,0.125331079,0,0,0,0,CPI_v12_M_v01_A
LAC,COL,Colombia,1996,ENH,1996,National,1,0.24193663,0.27437548,0.349890978,0.349890978,0.27437548,0.24193663,14-Dec-25,1,1,N,,,,,2,1996,0.349890978,0.27437548,0,0,0,0,CPI_v12_M_v01_A
LAC,COL,Colombia,1999,ENH,1999,National,1,0.363674692,0.412436174,0.525949681,0.525949681,0.412436174,0.363674692,14-Dec-25,1,1,N,,,,,2,1999,0.525949681,0.412436174,0,0,0,0,CPI_v12_M_v01_A
LAC,COL,Colombia,2000,ENH,2000,National,1,0.395808872,0.448878902,0.572422427,0.572422427,0.448878902,0.395808872,14-Dec-25,1,1,N,,,,,2,2000,0.572422427,0.448878902,0,0,0,0,CPI_v12_M_v01_A
LAC,COL,Colombia,2001,ECH,2001,National,1,0.426532025,0.483721414,0.616854534,0.616854534,0.483721414,0.426532025,14-Dec-25,2,1,N,,,,,2,2001,0.616854534,0.483721414,0,0,0,0,CPI_v12_M_v01_A
LAC,COL,Colombia,2002,ECH,2002,National,1,0.456677903,0.517909249,0.660451779,0.660451779,0.517909249,0.456677903,14-Dec-25,3,1,N,,,,,2,2002,0.660451779,0.517909249,0,0,0,0,CPI_v12_M_v01_A
LAC,COL,Colombia,2003,ECH,2003,National,1,0.484707103,0.549696603,0.700987866,0.700987866,0.549696603,0.484707103,14-Dec-25,3,1,N,,,,,2,2003,0.700987866,0.549696603,0,0,0,0,CPI_v12_M_v01_A
LAC,COL,Colombia,2004,ECH,2004,National,1,0.512928821,0.581702287,0.741802374,0.741802374,0.581702287,0.512928821,14-Dec-25,3,1,N,,,,,2,2004,0.741802374,0.581702287,0,0,0,0,CPI_v12_M_v01_A
LAC,COL,Colombia,2005,ECH,2005,National,1,0.539098003,0.611380232,0.779648486,0.779648486,0.611380232,0.539098003,14-Dec-25,3,1,N,,,,,2,2005,0.779648486,0.611380232,0,0,0,0,CPI_v12_M_v01_A
LAC,COL,Colombia,2008,GEIH,2008,National,1,0.638579344,0.724200026,0.923519315,0.923519315,0.724200026,0.638579344,14-Dec-25,4,1,N,,,,,2,2008,0.923519315,0.724200026,0,0,0,0,CPI_v12_M_v01_A
LAC,COL,Colombia,2009,GEIH,2009,National,1,0.653716425,0.741366685,0.9454107,0.9454107,0.741366685,0.653716425,14-Dec-25,4,1,N,,,,,2,2009,0.9454107,0.741366685,0,0,0,0,CPI_v12_M_v01_A
LAC,COL,Colombia,2010,GEIH,2010,National,1,0.670649474,0.760570116,0.969899432,0.969899432,0.760570116,0.670649474,14-Dec-25,4,1,N,,,,,2,2010,0.969899432,0.760570116,0,0,0,0,CPI_v12_M_v01_A
LAC,COL,Colombia,2011,GEIH,2011,National,1,0.697203507,0.790684512,1.008302118,1.008302118,0.790684512,0.697203507,14-Dec-25,4,1,N,,,,,2,2011,1.008302118,0.790684512,0,0,0,0,CPI_v12_M_v01_A
LAC,COL,Colombia,2012,GEIH,2012,National,1,0.71657385,0.812652029,1.036315685,1.036315685,0.812652029,0.71657385,14-Dec-25,4,1,N,,,,,2,2012,1.036315685,0.812652029,0,0,0,0,CPI_v12_M_v01_A
LAC,COL,Colombia,2013,GEIH,2013,National,1,0.729145261,0.826909015,1.054496576,1.054496576,0.826909015,0.729145261,14-Dec-25,4,1,N,,,,,2,2013,1.054496576,0.826909015,0,0,0,0,CPI_v12_M_v01_A
LAC,COL,Colombia,2014,GEIH,2014,National,1,0.755827577,0.857168894,1.093084787,1.093084787,0.857168894,0.755827577,14-Dec-25,4,1,N,,,,,2,2014,1.093084787,0.857168894,0,0,0,0,CPI_v12_M_v01_A
LAC,COL,Colombia,2015,GEIH,2015,National,1,0.804125105,0.911942152,1.162933115,1.162933115,0.911942152,0.804125105,14-Dec-25,4,1,N,,,,,2,2015,1.162933115,0.911942152,0,0,0,0,CPI_v12_M_v01_A
LAC,COL,Colombia,2016,GEIH,2016,National,1,0.852101924,0.9663517,1.232317632,1.232317632,0.9663517,0.852101924,14-Dec-25,4,1,N,,,,,2,2016,1.232317632,0.9663517,0,0,0,0,CPI_v12_M_v01_A
LAC,COL,Colombia,2017,GEIH,2017,National,1,0.887186531,1.006140449,1.283057313,1.283057313,1.006140449,0.887186531,14-Dec-25,4,1,N,,,,,2,2017,1.283057313,1.006140449,0,0,0,0,CPI_v12_M_v01_A
LAC,COL,Colombia,2018,GEIH,2018,National,1,0.916177949,1.039019035,1.324984969,1.324984969,1.039019035,0.916177949,14-Dec-25,4,1,N,,,,,2,2018,1.324984969,1.039019035,0,0,0,0,CPI_v12_M_v01_A
LAC,COL,Colombia,2019,GEIH,2019,National,1,0.951421257,1.078987763,1.375954163,1.375954163,1.078987763,0.951421257,14-Dec-25,4,1,N,,,,,2,2019,1.375954163,1.078987763,0,0,0,0,CPI_v12_M_v01_A
LAC,COL,Colombia,2020,GEIH,2020,National,1,0.965592168,1.095058709,1.396448266,1.396448266,1.095058709,0.965592168,14-Dec-25,4,1,N,,,,,2,2020,1.396448266,1.095058709,0,0,0,0,CPI_v12_M_v01_A
LAC,COL,Colombia,2021,GEIH,2021,National,1,1.01637165,1.152646701,1.469886019,1.469886019,1.152646701,1.01637165,14-Dec-25,5,1,N,,,,,2,2021,1.469886019,1.152646701,0,0,0,0,CPI_v12_M_v01_A
LAC,COL,Colombia,2022,GEIH,2022,National,1,1.143738011,1.297090336,1.65408442,1.65408442,1.297090336,1.143738011,14-Dec-25,5,1,N,,,,,2,2022,1.65408442,1.297090336,0,0,0,0,CPI_v12_M_v01_A
LAC,COL,Colombia,2023,GEIH,2023,National,1,1.259812486,1.428728071,1.821952393,1.821952393,1.428728071,1.259812486,14-Dec-25,5,1,N,,,,,2,,,,1,1,1,1,CPI_v12_M_v01_A
SSA,COM,Comoros,2004,EIM,2004,National,1,0.731056815,0.777074195,0.805179327,0.805179327,0.777074195,0.731056815,14-Dec-25,0,1,N,,,,,2,2004,0.805179327,0.777074195,0,0,0,0,CPI_v12_M_v01_A
SSA,COM,Comoros,2013,EESIC,2014,National,1,0.923746231,0.981892713,1.017405698,1.017405698,0.981892713,0.923746231,14-Dec-25,1,1,N,,,,,2,2014,1.017405698,0.981892713,0,0,0,0,CPI_v12_M_v01_A
SSA,CPV,Cabo Verde,2001,IDRF,2001.77,National,1,0.731907865,0.767886621,0.793328611,0.793328611,0.767886621,0.731907865,14-Dec-25,0,1,N,,,,,2,2001.77,0.793328611,0.767886621,0,0,0,0,CPI_v12_M_v01_A
SSA,CPV,Cabo Verde,2007,QUIBB,2007.33,National,1,0.820185641,0.860503911,0.889014542,0.889014542,0.860503911,0.820185641,14-Dec-25,1,1,N,,,,,2,2007.33,0.889014542,0.860503911,0,0,0,0,CPI_v12_M_v01_A
SSA,CPV,Cabo Verde,2015,IDRF,2015,National,1,0.959231544,1.006384962,1.039728995,1.039728995,1.006384962,0.959231544,14-Dec-25,2,1,N,,,,,2,2015,1.039728995,1.006384962,0,0,0,0,CPI_v12_M_v01_A
LAC,CRI,Costa Rica,1981,ENH,1981,National,1,0.009110782,0.009742628,0.011468649,0.011468649,0.009742628,0.009110782,14-Dec-25,0,1,N,,,,,2,1981,0.011468649,0.009742628,0,0,0,0,CPI_v12_M_v01_A
LAC,CRI,Costa Rica,1986,ENH,1986,National,1,0.033091344,0.035386277,0.041655371,0.041655371,0.035386277,0.033091344,14-Dec-25,0,1,N,,,,,2,1986,0.041655371,0.035386277,0,0,0,0,CPI_v12_M_v01_A
LAC,CRI,Costa Rica,1989,EHPM,1989,National,1,0.054432883,0.058207884,0.068520093,0.068520093,0.058207884,0.054432883,14-Dec-25,1,1,N,,,,,2,1989,0.068520093,0.058207884,0,0,0,0,CPI_v12_M_v01_A
LAC,CRI,Costa Rica,1990,EHPM,1990,National,1,0.065415485,0.069952145,0.082344988,0.082344988,0.069952145,0.065415485,14-Dec-25,1,1,N,,,,,2,1990,0.082344988,0.069952145,0,0,0,0,CPI_v12_M_v01_A
LAC,CRI,Costa Rica,1991,EHPM,1991,National,1,0.084828282,0.090711248,0.10678181,0.10678181,0.090711248,0.084828282,14-Dec-25,1,1,N,,,,,2,1991,0.10678181,0.090711248,0,0,0,0,CPI_v12_M_v01_A
LAC,CRI,Costa Rica,1992,EHPM,1992,National,1,0.102716566,0.109840111,0.129299575,0.129299575,0.109840111,0.102716566,14-Dec-25,1,1,N,,,,,2,1992,0.129299575,0.109840111,0,0,0,0,CPI_v12_M_v01_A
LAC,CRI,Costa Rica,1993,EHPM,1993,National,1,0.112833791,0.120658981,0.142035135,0.142035135,0.120658981,0.112833791,14-Dec-25,1,1,N,,,,,2,1993,0.142035135,0.120658981,0,0,0,0,CPI_v12_M_v01_A
LAC,CRI,Costa Rica,1994,EHPM,1994,National,1,0.126188133,0.134939465,0.158845575,0.158845575,0.134939465,0.126188133,14-Dec-25,1,1,N,,,,,2,1994,0.158845575,0.134939465,0,0,0,0,CPI_v12_M_v01_A
LAC,CRI,Costa Rica,1995,EHPM,1995,National,1,0.155510267,0.166295133,0.195756267,0.195756267,0.166295133,0.155510267,14-Dec-25,1,1,N,,,,,2,1995,0.195756267,0.166295133,0,0,0,0,CPI_v12_M_v01_A
LAC,CRI,Costa Rica,1996,EHPM,1996,National,1,0.184565117,0.197364979,0.232330501,0.232330501,0.197364979,0.184565117,14-Dec-25,1,1,N,,,,,2,1996,0.232330501,0.197364979,0,0,0,0,CPI_v12_M_v01_A
LAC,CRI,Costa Rica,1997,EHPM,1997,National,1,0.209076125,0.223575862,0.263184949,0.263184949,0.223575862,0.209076125,14-Dec-25,1,1,N,,,,,2,1997,0.263184949,0.223575862,0,0,0,0,CPI_v12_M_v01_A
LAC,CRI,Costa Rica,1998,EHPM,1998,National,1,0.233527736,0.249723228,0.293964628,0.293964628,0.249723228,0.233527736,14-Dec-25,1,1,N,,,,,2,1998,0.293964628,0.249723228,0,0,0,0,CPI_v12_M_v01_A
LAC,CRI,Costa Rica,1999,EHPM,1999,National,1,0.254692734,0.27235605,0.32060712,0.32060712,0.27235605,0.254692734,14-Dec-25,1,1,N,,,,,2,1999,0.32060712,0.27235605,0,0,0,0,CPI_v12_M_v01_A
LAC,CRI,Costa Rica,2000,EHPM,2000,National,1,0.284420745,0.304145743,0.35802873,0.35802873,0.304145743,0.284420745,14-Dec-25,1,1,N,,,,,2,2000,0.35802873,0.304145743,0,0,0,0,CPI_v12_M_v01_A
LAC,CRI,Costa Rica,2001,EHPM,2001,National,1,0.316504823,0.338454898,0.398416155,0.398416155,0.338454898,0.316504823,14-Dec-25,2,1,N,,,,,2,2001,0.398416155,0.338454898,0,0,0,0,CPI_v12_M_v01_A
LAC,CRI,Costa Rica,2002,EHPM,2002,National,1,0.34489641,0.368815484,0.434155475,0.434155475,0.368815484,0.34489641,14-Dec-25,2,1,N,,,,,2,2002,0.434155475,0.368815484,0,0,0,0,CPI_v12_M_v01_A
LAC,CRI,Costa Rica,2003,EHPM,2003,National,1,0.377614052,0.403802142,0.47534043,0.47534043,0.403802142,0.377614052,14-Dec-25,2,1,N,,,,,2,2003,0.47534043,0.403802142,0,0,0,0,CPI_v12_M_v01_A
LAC,CRI,Costa Rica,2004,EHPM,2004,National,1,0.424576985,0.454022023,0.534457352,0.534457352,0.454022023,0.424576985,14-Dec-25,2,1,N,,,,,2,2004,0.534457352,0.454022023,0,0,0,0,CPI_v12_M_v01_A
LAC,CRI,Costa Rica,2005,EHPM,2005,National,1,0.48294407,0.516436951,0.607929817,0.607929817,0.516436951,0.48294407,14-Dec-25,2,1,N,,,,,2,2005,0.607929817,0.516436951,0,0,0,0,CPI_v12_M_v01_A
LAC,CRI,Costa Rica,2006,EHPM,2006,National,1,0.541024071,0.578544886,0.681040901,0.681040901,0.578544886,0.541024071,14-Dec-25,2,1,N,,,,,2,2006,0.681040901,0.578544886,0,0,0,0,CPI_v12_M_v01_A
LAC,CRI,Costa Rica,2007,EHPM,2007,National,1,0.588382981,0.629188206,0.74065628,0.74065628,0.629188206,0.588382981,14-Dec-25,2,1,N,,,,,2,2007,0.74065628,0.629188206,0,0,0,0,CPI_v12_M_v01_A
LAC,CRI,Costa Rica,2008,EHPM,2008,National,1,0.671756045,0.718343315,0.845606263,0.845606263,0.718343315,0.671756045,14-Dec-25,2,1,N,,,,,2,2008,0.845606263,0.718343315,0,0,0,0,CPI_v12_M_v01_A
LAC,CRI,Costa Rica,2009,EHPM,2009,National,1,0.718125012,0.767928038,0.903975501,0.903975501,0.767928038,0.718125012,14-Dec-25,2,1,N,,,,,2,2009,0.903975501,0.767928038,0,0,0,0,CPI_v12_M_v01_A
LAC,CRI,Costa Rica,2010,ENAHO,2010,National,1,0.758930494,0.81156344,0.955341427,0.955341427,0.81156344,0.758930494,14-Dec-25,3,1,N,,,,,2,2010,0.955341427,0.81156344,0,0,0,0,CPI_v12_M_v01_A
LAC,CRI,Costa Rica,2011,ENAHO,2011,National,1,0.798340156,0.85370622,1.004950294,1.004950294,0.85370622,0.798340156,14-Dec-25,3,1,N,,,,,2,2011,1.004950294,0.85370622,0,0,0,0,CPI_v12_M_v01_A
LAC,CRI,Costa Rica,2012,ENAHO,2012,National,1,0.829869865,0.887422561,1.04463988,1.04463988,0.887422561,0.829869865,14-Dec-25,3,1,N,,,,,2,2012,1.04463988,0.887422561,0,0,0,0,CPI_v12_M_v01_A
LAC,CRI,Costa Rica,2013,ENAHO,2013,National,1,0.878119724,0.939018619,1.105376786,1.105376786,0.939018619,0.878119724,14-Dec-25,3,1,N,,,,,2,2013,1.105376786,0.939018619,0,0,0,0,CPI_v12_M_v01_A
LAC,CRI,Costa Rica,2014,ENAHO,2014,National,1,0.923657138,0.987714119,1.162699265,1.162699265,0.987714119,0.923657138,14-Dec-25,3,1,N,,,,,2,2014,1.162699265,0.987714119,0,0,0,0,CPI_v12_M_v01_A
LAC,CRI,Costa Rica,2015,ENAHO,2015,National,1,0.920687306,0.984538326,1.158960843,1.158960843,0.984538326,0.920687306,14-Dec-25,3,1,N,,,,,2,2015,1.158960843,0.984538326,0,0,0,0,CPI_v12_M_v01_A
LAC,CRI,Costa Rica,2016,ENAHO,2016,National,1,0.925062858,0.989217328,1.164468785,1.164468785,0.989217328,0.925062858,14-Dec-25,3,1,N,,,,,2,2016,1.164468785,0.989217328,0,0,0,0,CPI_v12_M_v01_A
LAC,CRI,Costa Rica,2017,ENAHO,2017,National,1,0.935823547,1.000724287,1.178014336,1.178014336,1.000724287,0.935823547,14-Dec-25,3,1,N,,,,,2,2017,1.178014336,1.000724287,0,0,0,0,CPI_v12_M_v01_A
LAC,CRI,Costa Rica,2018,ENAHO,2018,National,1,0.955325439,1.021578664,1.202563311,1.202563311,1.021578664,0.955325439,14-Dec-25,3,1,N,,,,,2,2018,1.202563311,1.021578664,0,0,0,0,CPI_v12_M_v01_A
LAC,CRI,Costa Rica,2019,ENAHO,2019,National,1,0.982934971,1.051102957,1.23731818,1.23731818,1.051102957,0.982934971,14-Dec-25,3,1,N,,,,,2,2019,1.23731818,1.051102957,0,0,0,0,CPI_v12_M_v01_A
LAC,CRI,Costa Rica,2020,ENAHO,2020,National,1,0.981311463,1.049366857,1.235274509,1.235274509,1.049366857,0.981311463,14-Dec-25,3,1,N,,,,,2,2020,1.235274509,1.049366857,0,0,0,0,CPI_v12_M_v01_A
LAC,CRI,Costa Rica,2021,ENAHO,2021,National,1,0.995437961,1.064473048,1.253056939,1.253056939,1.064473048,0.995437961,14-Dec-25,3,1,N,,,,,2,2021,1.253056939,1.064473048,0,0,0,0,CPI_v12_M_v01_A
LAC,CRI,Costa Rica,2022,ENAHO,2022,National,1,1.1097141,1.186674406,1.396907701,1.396907701,1.186674406,1.1097141,14-Dec-25,3,1,N,,,,,2,2022,1.396907701,1.186674406,0,0,0,0,CPI_v12_M_v01_A
LAC,CRI,Costa Rica,2023,ENAHO,2023,National,1,1.084356017,1.159557702,1.364986955,1.364986955,1.159557702,1.084356017,14-Dec-25,3,1,N,,,,,2,2023,1.364986948,1.159557696,0,0,0,0,CPI_v12_M_v01_A
LAC,CRI,Costa Rica,2024,ENAHO,2024,National,1,1.084701191,1.159926814,1.36542146,1.36542146,1.159926814,1.084701191,14-Dec-25,3,1,N,,,,,2,,,,1,1,1,1,CPI_v12_M_v01_A
ECA,CYP,Cyprus,2004,EU-SILC,2004,National,1,0.829463704,0.858592664,0.837964657,0.490438926,0.502511963,0.48546354,14-Dec-25,0,1.708601441,N,,,,,2,2004,0.490438926,0.502511963,0,0,0,0,CPI_v12_M_v01_A
ECA,CYP,Cyprus,2005,EU-SILC,2005,National,1,0.850699337,0.880574046,0.859417928,0.502994968,0.515377094,0.497892203,14-Dec-25,0,1.708601441,N,,,,,2,2005,0.502994968,0.515377094,0,0,0,0,CPI_v12_M_v01_A
ECA,CYP,Cyprus,2006,EU-SILC,2006,National,1,0.870305239,0.900868464,0.879224765,0.514587395,0.52725489,0.509367028,14-Dec-25,0,1.708601441,N,,,,,2,2006,0.514587395,0.52725489,0,0,0,0,CPI_v12_M_v01_A
ECA,CYP,Cyprus,2007,EU-SILC,2007,National,1,0.890954563,0.922242948,0.900085719,0.526796769,0.539764819,0.521452541,14-Dec-25,0,1.708601441,N,,,,,2,2007,0.526796769,0.539764819,0,0,0,0,CPI_v12_M_v01_A
ECA,CYP,Cyprus,2008,EU-SILC,2008,National,1,0.932553349,0.965302593,0.94211084,0.94211084,0.965302593,0.932553349,14-Dec-25,0,1,N,,,,,2,2008,0.94211084,0.965302593,0,0,0,0,CPI_v12_M_v01_A
ECA,CYP,Cyprus,2009,EU-SILC,2009,National,1,0.935596024,0.968452121,0.945184699,0.945184699,0.968452121,0.935596024,14-Dec-25,0,1,N,,,,,2,2009,0.945184699,0.968452121,0,0,0,0,CPI_v12_M_v01_A
ECA,CYP,Cyprus,2010,EU-SILC,2010,National,1,0.95833139,0.991985902,0.968153073,0.968153073,0.991985902,0.95833139,14-Dec-25,0,1,N,,,,,2,2010,0.968153073,0.991985902,0,0,0,0,CPI_v12_M_v01_A
ECA,CYP,Cyprus,2011,EU-SILC,2011,National,1,0.989855237,1.024616799,1,1,1.024616799,0.989855237,14-Dec-25,0,1,N,,,,,2,2011,1,1.024616799,0,0,0,0,CPI_v12_M_v01_A
ECA,CYP,Cyprus,2012,EU-SILC,2012,National,1,1.013503368,1.049095401,1.023890495,1.023890495,1.049095401,1.013503368,14-Dec-25,0,1,N,,,,,2,2012,1.023890495,1.049095401,0,0,0,0,CPI_v12_M_v01_A
ECA,CYP,Cyprus,2013,EU-SILC,2013,National,1,1.009455875,1.044905768,1.019801519,1.019801519,1.044905768,1.009455875,14-Dec-25,0,1,N,,,,,2,2013,1.019801519,1.044905768,0,0,0,0,CPI_v12_M_v01_A
ECA,CYP,Cyprus,2014,EU-SILC,2014,National,1,0.995777908,1.030747461,1.005983371,1.005983371,1.030747461,0.995777908,14-Dec-25,0,1,N,,,,,2,2014,1.005983371,1.030747461,0,0,0,0,CPI_v12_M_v01_A
ECA,CYP,Cyprus,2015,EU-SILC,2015,National,1,0.974896444,1.009132685,0.984887898,0.984887898,1.009132685,0.974896444,14-Dec-25,0,1,N,,,,,2,2015,0.984887898,1.009132685,0,0,0,0,CPI_v12_M_v01_A
ECA,CYP,Cyprus,2016,EU-SILC,2016,National,1,0.960963525,0.994710473,0.970812185,0.970812185,0.994710473,0.960963525,14-Dec-25,0,1,N,,,,,2,2016,0.970812185,0.994710473,0,0,0,0,CPI_v12_M_v01_A
ECA,CYP,Cyprus,2017,EU-SILC,2017,National,1,0.966073598,1,0.975974629,0.975974629,1,0.966073598,14-Dec-25,0,1,N,,,,,2,2017,0.975974629,1,0,0,0,0,CPI_v12_M_v01_A
ECA,CYP,Cyprus,2018,EU-SILC,2018,National,1,0.979941517,1.01435493,0.989984677,0.989984677,1.01435493,0.979941517,14-Dec-25,0,1,N,,,,,2,2018,0.989984677,1.01435493,0,0,0,0,CPI_v12_M_v01_A
ECA,CYP,Cyprus,2019,EU-SILC,2019,National,1,0.982395033,1.016894609,0.992463338,0.992463338,1.016894609,0.982395033,14-Dec-25,0,1,N,,,,,2,2019,0.992463338,1.016894609,0,0,0,0,CPI_v12_M_v01_A
ECA,CYP,Cyprus,2020,EU-SILC,2020,National,1,0.976123165,1.010402486,0.986127192,0.986127192,1.010402486,0.976123165,14-Dec-25,0,1,N,,,,,2,2020,0.986127192,1.010402486,0,0,0,0,CPI_v12_M_v01_A
ECA,CYP,Cyprus,2021,EU-SILC,2021,National,1,1,1.035117824,1.010248734,1.010248734,1.035117824,1,14-Dec-25,0,1,N,,,,,2,2021,1.010248734,1.035117824,0,0,0,0,CPI_v12_M_v01_A
ECA,CYP,Cyprus,2022,EU-SILC,2022,National,1,1.083954822,1.122020956,1.095063987,1.095063987,1.122020956,1.083954822,14-Dec-25,0,1,N,,,,,2,,,,1,1,1,1,CPI_v12_M_v01_A
ECA,CZE,Czech Republic,1992,MC-LIS,1992,National,1,0.310613679,0.349569032,0.38026693,0.38026693,0.349569032,0.310613679,14-Dec-25,0,1,N,,,,,2,1992,0.38026693,0.349569032,0,0,0,0,CPI_v12_M_v01_A
ECA,CZE,Czech Republic,1993,CM,1993,National,1,0.3752618,0.422324943,0.459412004,0.459412004,0.422324943,0.3752618,14-Dec-25,0,1,N,,,,,2,1993,0.459412004,0.422324943,0,0,0,0,CPI_v12_M_v01_A
ECA,CZE,Czech Republic,1996,MC-LIS,1996,National,1,0.489480866,0.550868697,0.599244009,0.599244009,0.550868697,0.489480866,14-Dec-25,0,1,N,,,,,2,1996,0.599244009,0.550868697,0,0,0,0,CPI_v12_M_v01_A
ECA,CZE,Czech Republic,2002,MC-LIS,2002,National,1,0.665182753,0.748606088,0.814345988,0.814345988,0.748606088,0.665182753,14-Dec-25,0,1,N,,,,,2,2002,0.814345988,0.748606088,0,0,0,0,CPI_v12_M_v01_A
ECA,CZE,Czech Republic,2004,EU-SILC,2004,National,1,0.684354144,0.770181843,0.837816448,0.837816448,0.770181843,0.684354144,14-Dec-25,1,1,N,,,,,2,2004,0.837816448,0.770181843,0,0,0,0,CPI_v12_M_v01_A
ECA,CZE,Czech Republic,2005,EU-SILC,2005,National,1,0.697063285,0.78448489,0.853375538,0.853375538,0.78448489,0.697063285,14-Dec-25,1,1,N,,,,,2,2005,0.853375538,0.78448489,0,0,0,0,CPI_v12_M_v01_A
ECA,CZE,Czech Republic,2006,EU-SILC,2006,National,1,0.714726793,0.804363652,0.874999981,0.874999981,0.804363652,0.714726793,14-Dec-25,1,1,N,,,,,2,2006,0.874999981,0.804363652,0,0,0,0,CPI_v12_M_v01_A
ECA,CZE,Czech Republic,2007,EU-SILC,2007,National,1,0.73511886,0.827313173,0.899964846,0.899964846,0.827313173,0.73511886,14-Dec-25,1,1,N,,,,,2,2007,0.899964846,0.827313173,0,0,0,0,CPI_v12_M_v01_A
ECA,CZE,Czech Republic,2008,EU-SILC,2008,National,1,0.781862554,0.879919188,0.957190534,0.957190534,0.879919188,0.781862554,14-Dec-25,1,1,N,,,,,2,2008,0.957190534,0.879919188,0,0,0,0,CPI_v12_M_v01_A
ECA,CZE,Czech Republic,2009,EU-SILC,2009,National,1,0.789832687,0.888888889,0.966947921,0.966947921,0.888888889,0.789832687,14-Dec-25,1,1,N,,,,,2,2009,0.966947921,0.888888889,0,0,0,0,CPI_v12_M_v01_A
ECA,CZE,Czech Republic,2010,EU-SILC,2010,National,1,0.801464786,0.901979818,0.981188448,0.981188448,0.901979818,0.801464786,14-Dec-25,1,1,N,,,,,2,2010,0.981188448,0.901979818,0,0,0,0,CPI_v12_M_v01_A
ECA,CZE,Czech Republic,2011,EU-SILC,2011,National,1,0.816830638,0.919272765,1,1,0.919272765,0.816830638,14-Dec-25,1,1,N,,,,,2,2011,1,0.919272765,0,0,0,0,CPI_v12_M_v01_A
ECA,CZE,Czech Republic,2012,EU-SILC,2012,National,1,0.843684955,0.949494993,1.032876236,1.032876236,0.949494993,0.843684955,14-Dec-25,1,1,N,,,,,2,2012,1.032876236,0.949494993,0,0,0,0,CPI_v12_M_v01_A
ECA,CZE,Czech Republic,2013,EU-SILC,2013,National,1,0.855819621,0.963151518,1.047732027,1.047732027,0.963151518,0.855819621,14-Dec-25,1,1,N,,,,,2,2013,1.047732027,0.963151518,0,0,0,0,CPI_v12_M_v01_A
ECA,CZE,Czech Republic,2014,EU-SILC,2014,National,1,0.858763539,0.966464645,1.051336101,1.051336101,0.966464645,0.858763539,14-Dec-25,1,1,N,,,,,2,2014,1.051336101,0.966464645,0,0,0,0,CPI_v12_M_v01_A
ECA,CZE,Czech Republic,2015,EU-SILC,2015,National,1,0.86142025,0.969454545,1.054588564,1.054588564,0.969454545,0.86142025,14-Dec-25,1,1,N,,,,,2,2015,1.054588564,0.969454545,0,0,0,0,CPI_v12_M_v01_A
ECA,CZE,Czech Republic,2016,EU-SILC,2016,National,1,0.867308086,0.976080799,1.061796712,1.061796712,0.976080799,0.867308086,14-Dec-25,1,1,N,,,,,2,2016,1.061796712,0.976080799,0,0,0,0,CPI_v12_M_v01_A
ECA,CZE,Czech Republic,2017,EU-SILC,2017,National,1,0.888561773,1,1.087816411,1.087816411,1,0.888561773,14-Dec-25,1,1,N,,,,,2,2017,1.087816411,1,0,0,0,0,CPI_v12_M_v01_A
ECA,CZE,Czech Republic,2018,EU-SILC,2018,National,1,0.907661378,1.021494965,1.111198987,1.111198987,1.021494965,0.907661378,14-Dec-25,1,1,N,,,,,2,2018,1.111198987,1.021494965,0,0,0,0,CPI_v12_M_v01_A
ECA,CZE,Czech Republic,2019,EU-SILC,2019,National,1,0.933510439,1.050585865,1.142844545,1.142844545,1.050585865,0.933510439,14-Dec-25,1,1,N,,,,,2,2019,1.142844545,1.050585865,0,0,0,0,CPI_v12_M_v01_A
ECA,CZE,Czech Republic,2020,EU-SILC,2020,National,1,0.963021467,1.083797993,1.178973244,1.178973244,1.083797993,0.963021467,14-Dec-25,1,1,N,,,,,2,2020,1.178973244,1.083797993,0,0,0,0,CPI_v12_M_v01_A
ECA,CZE,Czech Republic,2021,EU-SILC,2021,National,1,1,1.125414158,1.22424399,1.22424399,1.125414158,1,14-Dec-25,1,1,N,,,,,2,2021,1.22424399,1.125414158,0,0,0,0,CPI_v12_M_v01_A
ECA,CZE,Czech Republic,2022,EU-SILC,2022,National,1,1.151001684,1.295353591,1.409106895,1.409106895,1.295353591,1.151001684,14-Dec-25,1,1,N,,,,,2,,,,1,1,1,1,CPI_v12_M_v01_A
ECA,DEU,Germany,1991,GSOEP-LIS,1991,National,1,0.602706659,0.642014335,0.687785747,1.345171364,1.255651637,1.178773683,14-Dec-25,2,0.511299724,N,,,,,2,1991,1.345171364,1.255651637,0,0,0,0,CPI_v12_M_v01_A
ECA,DEU,Germany,1992,GSOEP-LIS,1992,National,1,0.63318539,0.674480847,0.722566907,1.413196358,1.31914964,1.238383987,14-Dec-25,2,0.511299724,N,,,,,2,1992,1.413196358,1.31914964,0,0,0,0,CPI_v12_M_v01_A
ECA,DEU,Germany,1993,GSOEP-LIS,1993,National,1,0.661517779,0.704661033,0.754898743,1.476430962,1.378176048,1.293796471,14-Dec-25,2,0.511299724,N,,,,,2,1993,1.476430962,1.378176048,0,0,0,0,CPI_v12_M_v01_A
ECA,DEU,Germany,1994,GSOEP-LIS,1994,National,1,0.679332822,0.723637948,0.775228588,1.516192073,1.415291099,1.328639133,14-Dec-25,2,0.511299724,N,,,,,2,1994,1.516192073,1.415291099,0,0,0,0,CPI_v12_M_v01_A
ECA,DEU,Germany,1995,GSOEP-LIS,1995,National,1,0.690923338,0.735984382,0.788455241,1.542060761,1.439438254,1.351307865,14-Dec-25,2,0.511299724,N,,,,,2,1995,1.542060761,1.439438254,0,0,0,0,CPI_v12_M_v01_A
ECA,DEU,Germany,1996,GSOEP-LIS,1996,National,1,0.700939826,0.746654131,0.799885673,1.5644164,1.460306149,1.370898112,14-Dec-25,2,0.511299724,N,,,,,2,1996,1.5644164,1.460306149,0,0,0,0,CPI_v12_M_v01_A
ECA,DEU,Germany,1997,GSOEP-LIS,1997,National,1,0.71453364,0.761134514,0.815398413,1.594756216,1.488626882,1.397484893,14-Dec-25,2,0.511299724,N,,,,,2,1997,1.594756216,1.488626882,0,0,0,0,CPI_v12_M_v01_A
ECA,DEU,Germany,1998,GSOEP-LIS,1998,National,1,0.72104439,0.768069885,0.822828231,1.609287454,1.502191082,1.410218617,14-Dec-25,2,0.511299724,N,,,,,2,1998,1.609287454,1.502191082,0,0,0,0,CPI_v12_M_v01_A
ECA,DEU,Germany,1999,GSOEP-LIS,1999,National,1,0.725265619,0.772566417,0.827645336,1.618708749,1.510985399,1.418474498,14-Dec-25,2,0.511299724,N,,,,,2,1999,1.618708749,1.510985399,0,0,0,0,CPI_v12_M_v01_A
ECA,DEU,Germany,2000,GSOEP-LIS,2000,National,1,0.735711375,0.783693431,0.839565633,1.642022465,1.532747613,1.438904308,14-Dec-25,2,0.511299724,N,,,,,2,2000,1.642022465,1.532747613,0,0,0,0,CPI_v12_M_v01_A
ECA,DEU,Germany,2001,GSOEP-LIS,2001,National,1,0.750306838,0.799240789,0.856221416,1.674597845,1.563155136,1.467450114,14-Dec-25,2,0.511299724,N,,,,,2,2001,1.674597845,1.563155136,0,0,0,0,CPI_v12_M_v01_A
ECA,DEU,Germany,2002,GSOEP-LIS,2002,National,1,0.760967229,0.810596436,0.868386645,1.698390601,1.585364509,1.488299706,14-Dec-25,2,0.511299724,N,,,,,2,2002,1.698390601,1.585364509,0,0,0,0,CPI_v12_M_v01_A
ECA,DEU,Germany,2003,GSOEP-LIS,2003,National,1,0.768837373,0.81897986,0.877367752,0.877367752,0.81897986,0.768837373,14-Dec-25,2,1,N,,,,,2,2003,0.877367752,0.81897986,0,0,0,0,CPI_v12_M_v01_A
ECA,DEU,Germany,2004,GSOEP-LIS,2004,National,1,0.781644172,0.8326219,0.891982381,0.891982381,0.8326219,0.781644172,14-Dec-25,2,1,N,,,,,2,2004,0.891982381,0.8326219,0,0,0,0,CPI_v12_M_v01_A
ECA,DEU,Germany,2005,GSOEP-LIS,2005,National,1,0.79373548,0.845501787,0.905780519,0.905780519,0.845501787,0.79373548,14-Dec-25,2,1,N,,,,,2,2005,0.905780519,0.845501787,0,0,0,0,CPI_v12_M_v01_A
ECA,DEU,Germany,2006,GSOEP-LIS,2006,National,1,0.806256057,0.858838938,0.920068521,0.920068521,0.858838938,0.806256057,14-Dec-25,2,1,N,,,,,2,2006,0.920068521,0.858838938,0,0,0,0,CPI_v12_M_v01_A
ECA,DEU,Germany,2007,GSOEP-LIS,2007,National,1,0.824786658,0.878578078,0.941214932,0.941214932,0.878578078,0.824786658,14-Dec-25,2,1,N,,,,,2,2007,0.941214932,0.878578078,0,0,0,0,CPI_v12_M_v01_A
ECA,DEU,Germany,2008,GSOEP-LIS,2008,National,1,0.846465185,0.901670447,0.965953637,0.965953637,0.901670447,0.846465185,14-Dec-25,2,1,N,,,,,2,2008,0.965953637,0.901670447,0,0,0,0,CPI_v12_M_v01_A
ECA,DEU,Germany,2009,GSOEP-LIS,2009,National,1,0.849112385,0.904490295,0.968974521,0.968974521,0.904490295,0.849112385,14-Dec-25,2,1,N,,,,,2,2009,0.968974521,0.904490295,0,0,0,0,CPI_v12_M_v01_A
ECA,DEU,Germany,2010,GSOEP-LIS,2010,National,1,0.85848497,0.914474146,0.979670155,0.979670155,0.914474146,0.85848497,14-Dec-25,2,1,N,,,,,2,2010,0.979670155,0.914474146,0,0,0,0,CPI_v12_M_v01_A
ECA,DEU,Germany,2011,GSOEP-LIS,2011,National,1,0.876300013,0.933451061,1,1,0.933451061,0.876300013,14-Dec-25,2,1,N,,,,,2,2011,1,0.933451061,0,0,0,0,CPI_v12_M_v01_A
ECA,DEU,Germany,2012,GSOEP-LIS,2012,National,1,0.893900422,0.952199344,1.020084912,1.020084912,0.952199344,0.893900422,14-Dec-25,2,1,N,,,,,2,2012,1.020084912,0.952199344,0,0,0,0,CPI_v12_M_v01_A
ECA,DEU,Germany,2013,GSOEP-LIS,2013,National,1,0.907351125,0.966527282,1.035434339,1.035434339,0.966527282,0.907351125,14-Dec-25,2,1,N,,,,,2,2013,1.035434339,0.966527282,0,0,0,0,CPI_v12_M_v01_A
ECA,DEU,Germany,2014,GSOEP-LIS,2014,National,1,0.915578949,0.975291714,1.044823617,1.044823617,0.975291714,0.915578949,14-Dec-25,2,1,N,,,,,2,2014,1.044823617,0.975291714,0,0,0,0,CPI_v12_M_v01_A
ECA,DEU,Germany,2015,GSOEP-LIS,2015,National,1,0.920288919,0.980308861,1.050198454,1.050198454,0.980308861,0.920288919,14-Dec-25,2,1,N,,,,,2,2015,1.050198454,0.980308861,0,0,0,0,CPI_v12_M_v01_A
ECA,DEU,Germany,2016,GSOEP-LIS,2016,National,1,0.924814383,0.985129469,1.05536274,1.05536274,0.985129469,0.924814383,14-Dec-25,2,1,N,,,,,2,2016,1.05536274,0.985129469,0,0,0,0,CPI_v12_M_v01_A
ECA,DEU,Germany,2017,GSOEP-LIS,2017,National,1,0.938774457,1,1.071293442,1.071293442,1,0.938774457,14-Dec-25,2,1,N,,,,,2,2017,1.071293442,1,0,0,0,0,CPI_v12_M_v01_A
ECA,DEU,Germany,2018,GSOEP-LIS,2018,National,1,0.955035579,1.01732165,1.089850011,1.089850011,1.01732165,0.955035579,14-Dec-25,2,1,N,,,,,2,2018,1.089850011,1.01732165,0,0,0,0,CPI_v12_M_v01_A
ECA,DEU,Germany,2019,GSOEP-LIS,2019,National,1,0.968842128,1.032028642,1.105605516,1.105605516,1.032028642,0.968842128,14-Dec-25,2,1,N,,,,,2,2019,1.105605516,1.032028642,0,0,0,0,CPI_v12_M_v01_A
ECA,DEU,Germany,2020,GSOEP-LIS,2020,National,1,0.970245799,1.033523858,1.107207331,1.107207331,1.033523858,0.970245799,14-Dec-25,2,1,N,,,,,2,2020,1.107207331,1.033523858,0,0,0,0,CPI_v12_M_v01_A
MNA,DJI,Djibouti,2002,EDAM,2002,National,1,0.579407286,0.617392951,0.682893942,0.682893942,0.617392951,0.579407286,14-Dec-25,0,1,N,,,,,2,2002,0.682893942,0.617392951,0,0,0,0,CPI_v12_M_v01_A
MNA,DJI,Djibouti,2012,EDAM,2012,National,1,0.880116442,0.937816455,1.037312097,1.037312097,0.937816455,0.880116442,14-Dec-25,1,1,N,,,,,2,2012,1.037312097,0.937816455,0,0,0,0,CPI_v12_M_v01_A
MNA,DJI,Djibouti,2013,EDAM,2013,National,1,0.903932686,0.96319408,1.065382107,1.065382107,0.96319408,0.903932686,14-Dec-25,2,1,N,,,,,2,2013,1.065382107,0.96319408,0,0,0,0,CPI_v12_M_v01_A
MNA,DJI,Djibouti,2017,EDAM,2017,National,1,0.938988198,1.000547815,1.106698807,1.106698807,1.000547815,0.938988198,14-Dec-25,3,1,N,,,,,2,2017,1.106698807,1.000547815,0,0,0,0,CPI_v12_M_v01_A
ECA,DNK,Denmark,1987,LM-LIS,1987,National,1,0.52106364,0.541361487,0.572309858,0.572309858,0.541361487,0.52106364,14-Dec-25,0,1,N,,,,,2,1987,0.572309858,0.541361487,0,0,0,0,CPI_v12_M_v01_A
ECA,DNK,Denmark,1992,LM-LIS,1992,National,1,0.61236876,0.636223366,0.672594768,0.672594768,0.636223366,0.61236876,14-Dec-25,0,1,N,,,,,2,1992,0.672594768,0.636223366,0,0,0,0,CPI_v12_M_v01_A
ECA,DNK,Denmark,1995,LM-LIS,1995,National,1,0.645600605,0.670749746,0.70909494,0.70909494,0.670749746,0.645600605,14-Dec-25,0,1,N,,,,,2,1995,0.70909494,0.670749746,0,0,0,0,CPI_v12_M_v01_A
ECA,DNK,Denmark,2000,LM-LIS,2000,National,1,0.723707164,0.751898918,0.794883221,0.794883221,0.751898918,0.723707164,14-Dec-25,0,1,N,,,,,2,2000,0.794883221,0.751898918,0,0,0,0,CPI_v12_M_v01_A
ECA,DNK,Denmark,2003,EU-SILC,2003,National,1,0.774323685,0.804487187,0.850477838,0.850477838,0.804487187,0.774323685,14-Dec-25,1,1,N,,,,,2,2003,0.850477838,0.804487187,0,0,0,0,CPI_v12_M_v01_A
ECA,DNK,Denmark,2004,EU-SILC,2004,National,1,0.783262179,0.813773877,0.860295427,0.860295427,0.813773877,0.783262179,14-Dec-25,1,1,N,,,,,2,2004,0.860295427,0.813773877,0,0,0,0,CPI_v12_M_v01_A
ECA,DNK,Denmark,2005,EU-SILC,2005,National,1,0.797500391,0.828566733,0.875933956,0.875933956,0.828566733,0.797500391,14-Dec-25,1,1,N,,,,,2,2005,0.875933956,0.828566733,0,0,0,0,CPI_v12_M_v01_A
ECA,DNK,Denmark,2006,EU-SILC,2006,National,1,0.812846053,0.84451018,0.892788853,0.892788853,0.84451018,0.812846053,14-Dec-25,1,1,N,,,,,2,2006,0.892788853,0.84451018,0,0,0,0,CPI_v12_M_v01_A
ECA,DNK,Denmark,2007,EU-SILC,2007,National,1,0.82660973,0.858810016,0.907906177,0.907906177,0.858810016,0.82660973,14-Dec-25,1,1,N,,,,,2,2007,0.907906177,0.858810016,0,0,0,0,CPI_v12_M_v01_A
ECA,DNK,Denmark,2008,EU-SILC,2008,National,1,0.854848953,0.888149288,0.938922706,0.938922706,0.888149288,0.854848953,14-Dec-25,1,1,N,,,,,2,2008,0.938922706,0.888149288,0,0,0,0,CPI_v12_M_v01_A
ECA,DNK,Denmark,2009,EU-SILC,2009,National,1,0.866002214,0.899737021,0.951172882,0.951172882,0.899737021,0.866002214,14-Dec-25,1,1,N,,,,,2,2009,0.951172882,0.899737021,0,0,0,0,CPI_v12_M_v01_A
ECA,DNK,Denmark,2010,EU-SILC,2010,National,1,0.886014881,0.920529273,0.973153779,0.973153779,0.920529273,0.886014881,14-Dec-25,1,1,N,,,,,2,2010,0.973153779,0.920529273,0,0,0,0,CPI_v12_M_v01_A
ECA,DNK,Denmark,2011,EU-SILC,2011,National,1,0.910457216,0.945923751,1,1,0.945923751,0.910457216,14-Dec-25,1,1,N,,,,,2,2011,1,0.945923751,0,0,0,0,CPI_v12_M_v01_A
ECA,DNK,Denmark,2012,EU-SILC,2012,National,1,0.932289203,0.968606196,1.023979147,1.023979147,0.968606196,0.932289203,14-Dec-25,1,1,N,,,,,2,2012,1.023979147,0.968606196,0,0,0,0,CPI_v12_M_v01_A
ECA,DNK,Denmark,2013,EU-SILC,2013,National,1,0.939645644,0.976249204,1.032059088,1.032059088,0.976249204,0.939645644,14-Dec-25,1,1,N,,,,,2,2013,1.032059088,0.976249204,0,0,0,0,CPI_v12_M_v01_A
ECA,DNK,Denmark,2014,EU-SILC,2014,National,1,0.944945429,0.98175544,1.037880103,1.037880103,0.98175544,0.944945429,14-Dec-25,1,1,N,,,,,2,2014,1.037880103,0.98175544,0,0,0,0,CPI_v12_M_v01_A
ECA,DNK,Denmark,2015,EU-SILC,2015,National,1,0.949216919,0.986193325,1.042571691,1.042571691,0.986193325,0.949216919,14-Dec-25,1,1,N,,,,,2,2015,1.042571691,0.986193325,0,0,0,0,CPI_v12_M_v01_A
ECA,DNK,Denmark,2016,EU-SILC,2016,National,1,0.951589932,0.988658778,1.045178088,1.045178088,0.988658778,0.951589932,14-Dec-25,1,1,N,,,,,2,2016,1.045178088,0.988658778,0,0,0,0,CPI_v12_M_v01_A
ECA,DNK,Denmark,2017,EU-SILC,2017,National,1,0.962505926,1,1.057167662,1.057167662,1,0.962505926,14-Dec-25,1,1,N,,,,,2,2017,1.057167662,1,0,0,0,0,CPI_v12_M_v01_A
ECA,DNK,Denmark,2018,EU-SILC,2018,National,1,0.970336969,1.008136099,1.065768882,1.065768882,1.008136099,0.970336969,14-Dec-25,1,1,N,,,,,2,2018,1.065768882,1.008136099,0,0,0,0,CPI_v12_M_v01_A
ECA,DNK,Denmark,2019,EU-SILC,2019,National,1,0.97769341,1.015779107,1.073848823,1.073848823,1.015779107,0.97769341,14-Dec-25,1,1,N,,,,,2,2019,1.073848823,1.015779107,0,0,0,0,CPI_v12_M_v01_A
ECA,DNK,Denmark,2020,EU-SILC,2020,National,1,0.981806655,1.020052582,1.078366603,1.078366603,1.020052582,0.981806655,14-Dec-25,1,1,N,,,,,2,2020,1.078366603,1.020052582,0,0,0,0,CPI_v12_M_v01_A
ECA,DNK,Denmark,2021,EU-SILC,2021,National,1,1,1.038954642,1.09834925,1.09834925,1.038954642,1,14-Dec-25,1,1,N,,,,,2,2021,1.09834925,1.038954642,0,0,0,0,CPI_v12_M_v01_A
ECA,DNK,Denmark,2022,EU-SILC,2022,National,1,1.076965648,1.11891846,1.182884411,1.182884411,1.11891846,1.076965648,14-Dec-25,1,1,N,,,,,2,,,,1,1,1,1,CPI_v12_M_v01_A
LAC,DOM,Dominican Republic,1986,ENGSLF,1986,National,1,0.022989566,0.027230288,0.032263867,0.032263867,0.027230288,0.022989566,14-Dec-25,0,1,N,,,,,2,1986,0.032263867,0.027230288,0,0,0,0,CPI_v12_M_v01_A
LAC,DOM,Dominican Republic,1989,ENGSLF,1989,National,1,0.052824632,0.062568817,0.074134799,0.074134799,0.062568817,0.052824632,14-Dec-25,1,1,N,,,,,2,1989,0.074134799,0.062568817,0,0,0,0,CPI_v12_M_v01_A
LAC,DOM,Dominican Republic,1992,ICS,1992,National,1,0.12245335,0.145041452,0.17185268,0.17185268,0.145041452,0.12245335,14-Dec-25,2,1,N,,,,,2,1992,0.17185268,0.145041452,0,0,0,0,CPI_v12_M_v01_A
LAC,DOM,Dominican Republic,1996,ENFT,1996,National,1,0.162765576,0.192789789,0.2284274,0.2284274,0.192789789,0.162765576,14-Dec-25,3,1,N,,,,,2,1996,0.2284274,0.192789789,0,0,0,0,CPI_v12_M_v01_A
LAC,DOM,Dominican Republic,1997,ENFT,1997,National,1,0.17538715,0.207739575,0.246140687,0.246140687,0.207739575,0.17538715,14-Dec-25,3,1,N,,,,,2,1997,0.246140687,0.207739575,0,0,0,0,CPI_v12_M_v01_A
LAC,DOM,Dominican Republic,2000,ENFT,2000,National,1,0.22226932,0.263269766,0.311935754,0.311935754,0.263269766,0.22226932,14-Dec-25,4,1,N,,,,,2,2000,0.311935754,0.263269766,0,0,0,0,CPI_v12_M_v01_A
LAC,DOM,Dominican Republic,2001,ENFT,2001,National,1,0.235398323,0.278820584,0.330361175,0.330361175,0.278820584,0.235398323,14-Dec-25,4,1,N,,,,,2,2001,0.330361175,0.278820584,0,0,0,0,CPI_v12_M_v01_A
LAC,DOM,Dominican Republic,2002,ENFT,2002,National,1,0.248075281,0.29383597,0.348152188,0.348152188,0.29383597,0.248075281,14-Dec-25,4,1,N,,,,,2,2002,0.348152188,0.29383597,0,0,0,0,CPI_v12_M_v01_A
LAC,DOM,Dominican Republic,2003,ENFT,2003,National,1,0.330288789,0.391214821,0.463531731,0.463531731,0.391214821,0.330288789,14-Dec-25,4,1,N,,,,,2,2003,0.463531731,0.391214821,0,0,0,0,CPI_v12_M_v01_A
LAC,DOM,Dominican Republic,2004,ENFT,2004,National,1,0.48846577,0.578569589,0.685519436,0.685519436,0.578569589,0.48846577,14-Dec-25,4,1,N,,,,,2,2004,0.685519436,0.578569589,0,0,0,0,CPI_v12_M_v01_A
LAC,DOM,Dominican Republic,2005,ENFT,2005,National,1,0.509063369,0.602966681,0.714426384,0.714426384,0.602966681,0.509063369,14-Dec-25,5,1,N,,,,,2,2005,0.714426384,0.602966681,0,0,0,0,CPI_v12_M_v01_A
LAC,DOM,Dominican Republic,2006,ENFT,2006,National,1,0.533139761,0.631484274,0.748215516,0.748215516,0.631484274,0.533139761,14-Dec-25,5,1,N,,,,,2,2006,0.748215516,0.631484274,0,0,0,0,CPI_v12_M_v01_A
LAC,DOM,Dominican Republic,2007,ENFT,2007,National,1,0.569460718,0.674505101,0.799188836,0.799188836,0.674505101,0.569460718,14-Dec-25,5,1,N,,,,,2,2007,0.799188836,0.674505101,0,0,0,0,CPI_v12_M_v01_A
LAC,DOM,Dominican Republic,2008,ENFT,2008,National,1,0.652480049,0.772838419,0.915699281,0.915699281,0.772838419,0.652480049,14-Dec-25,5,1,N,,,,,2,2008,0.915699281,0.772838419,0,0,0,0,CPI_v12_M_v01_A
LAC,DOM,Dominican Republic,2009,ENFT,2009,National,1,0.642240212,0.760709712,0.901328556,0.901328556,0.760709712,0.642240212,14-Dec-25,5,1,N,,,,,2,2009,0.901328556,0.760709712,0,0,0,0,CPI_v12_M_v01_A
LAC,DOM,Dominican Republic,2010,ENFT,2010,National,1,0.678855982,0.804079733,0.952715621,0.952715621,0.804079733,0.678855982,14-Dec-25,5,1,N,,,,,2,2010,0.952715621,0.804079733,0,0,0,0,CPI_v12_M_v01_A
LAC,DOM,Dominican Republic,2011,ENFT,2011,National,1,0.725538181,0.859373067,1.018230048,1.018230048,0.859373067,0.725538181,14-Dec-25,5,1,N,,,,,2,2011,1.018230048,0.859373067,0,0,0,0,CPI_v12_M_v01_A
LAC,DOM,Dominican Republic,2012,ENFT,2012,National,1,0.744441086,0.881762857,1.044758639,1.044758639,0.881762857,0.744441086,14-Dec-25,5,1,N,,,,,2,2012,1.044758639,0.881762857,0,0,0,0,CPI_v12_M_v01_A
LAC,DOM,Dominican Republic,2013,ENFT,2013,National,1,0.782638317,0.927006061,1.098365147,1.098365147,0.927006061,0.782638317,14-Dec-25,5,1,N,,,,,2,2013,1.098365147,0.927006061,0,0,0,0,CPI_v12_M_v01_A
LAC,DOM,Dominican Republic,2014,ENFT,2014,National,1,0.804773815,0.953224737,1.129430403,1.129430403,0.953224737,0.804773815,14-Dec-25,5,1,N,,,,,2,2014,1.129430403,0.953224737,0,0,0,0,CPI_v12_M_v01_A
LAC,DOM,Dominican Republic,2015,ENFT,2015,National,1,0.80794567,0.956981681,1.133881827,1.133881827,0.956981681,0.80794567,14-Dec-25,5,1,N,,,,,2,2015,1.133881827,0.956981681,0,0,0,0,CPI_v12_M_v01_A
LAC,DOM,Dominican Republic,2016,ENFT,2016,National,1,0.818878446,0.96993115,1.149225032,1.149225032,0.96993115,0.818878446,14-Dec-25,5,1,N,,,,,2,2016,1.149225032,0.96993115,0,0,0,0,CPI_v12_M_v01_A
LAC,DOM,Dominican Republic,2017,ECNFT-Q03,2017,National,1,0.84426451,1,1.184852175,1.184852175,1,0.84426451,14-Dec-25,6,1,N,,,,,2,2017,1.184852175,1,0,0,0,0,CPI_v12_M_v01_A
LAC,DOM,Dominican Republic,2018,ECNFT-Q03,2018,National,1,0.874357835,1.035644428,1.227085553,1.227085553,1.035644428,0.874357835,14-Dec-25,6,1,N,,,,,2,2018,1.227085553,1.035644428,0,0,0,0,CPI_v12_M_v01_A
LAC,DOM,Dominican Republic,2019,ECNFT-Q03,2019,National,1,0.890188985,1.054395838,1.249303202,1.249303202,1.054395838,0.890188985,14-Dec-25,6,1,N,,,,,2,2019,1.249303202,1.054395838,0,0,0,0,CPI_v12_M_v01_A
LAC,DOM,Dominican Republic,2020,ECNFT-Q03,2020,National,1,0.923847264,1.09426282,1.296539683,1.296539683,1.09426282,0.923847264,14-Dec-25,6,1,N,,,,,2,2020,1.296539683,1.09426282,0,0,0,0,CPI_v12_M_v01_A
LAC,DOM,Dominican Republic,2021,ECNFT-Q03,2021,National,1,1,1.184462912,1.403413458,1.403413458,1.184462912,1,14-Dec-25,6,1,N,,,,,2,2021,1.403413458,1.184462912,0,0,0,0,CPI_v12_M_v01_A
LAC,DOM,Dominican Republic,2022,ECNFT-Q03,2022,National,1,1.088110935,1.288827047,1.527069529,1.527069529,1.288827047,1.088110935,14-Dec-25,6,1,N,,,,,2,2022,1.527069529,1.288827047,0,0,0,0,CPI_v12_M_v01_A
LAC,DOM,Dominican Republic,2023,ECNFT-Q03,2023,National,1,1.140183769,1.350505388,1.600149246,1.600149246,1.350505388,1.140183769,14-Dec-25,6,1,N,,,,,2,,,,1,1,1,1,CPI_v12_M_v01_A
MNA,DZA,Algeria,1988,EDCM,1988,National,1,0.073015296,0.085237837,0.116112062,0.116112062,0.085237837,0.073015296,14-Dec-25,0,1,N,,,,,2,1988,0.116112062,0.085237837,0,0,0,0,CPI_v12_M_v01_A
MNA,DZA,Algeria,1995,ENMNV,1995,National,1,0.3115294,0.363678482,0.495407438,0.495407438,0.363678482,0.3115294,14-Dec-25,1,1,N,,,,,2,1995,0.495407438,0.363678482,0,0,0,0,CPI_v12_M_v01_A
MNA,DZA,Algeria,2011,ENCNVM,2011.17,National,1,0.638339859,0.745196029,1.015115475,1.015115475,0.745196029,0.638339859,14-Dec-25,2,1,N,,,,,2,2011.17,1.015115475,0.745196029,0,0,0,0,CPI_v12_M_v01_A
LAC,ECU,Ecuador,1987,EPED,1987,National,1,1.04E-07,1.04E-07,1.23E-07,0.003076215,0.002589915,0.002594191,14-Dec-25,0,0.00004,U,,,,,2,1987,0.003076215,0.002589915,0,0,0,0,CPI_v12_M_v01_A
LAC,ECU,Ecuador,1994,ECV,1994,National,1,0.04657493,0.046498153,0.055228974,1380.724359,1162.453834,1164.373253,14-Dec-25,1,0.00004,N,,,,,2,1994,1380.724359,1162.453834,0,0,0,0,CPI_v12_M_v01_A
LAC,ECU,Ecuador,1995,EPED,1995,National,1,0.059745401,0.059646913,0.070846638,1771.165951,1491.17283,1493.635023,14-Dec-25,2,0.00004,U,,,,,2,1995,1771.165951,1491.17283,0,0,0,0,CPI_v12_M_v01_A
LAC,ECU,Ecuador,1998,EPED,1998,National,1,0.121851515,0.121650648,0.144492631,3612.315787,3041.266208,3046.287882,14-Dec-25,3,0.00004,U,,,,,2,1998,3612.315787,3041.266208,0,0,0,0,CPI_v12_M_v01_A
LAC,ECU,Ecuador,1999,ECV,1999,National,1,0.169090123,0.168811386,0.200508601,5012.715029,4220.284639,4227.253084,14-Dec-25,4,0.00004,N,,,,,2,1999,5012.715029,4220.284639,0,0,0,0,CPI_v12_M_v01_A
LAC,ECU,Ecuador,2000,EPED,2000,National,1,0.428761495,0.4280547,0.508429268,0.508429268,0.4280547,0.428761495,14-Dec-25,5,1,N,,,,,2,2000,0.508429268,0.4280547,0,0,0,0,CPI_v12_M_v01_A
LAC,ECU,Ecuador,2003,ENEMDU,2003,National,1,0.624185284,0.623156342,0.740164569,0.740164569,0.623156342,0.624185284,14-Dec-25,6,1,N,,,,,2,2003,0.740164569,0.623156342,0,0,0,0,CPI_v12_M_v01_A
LAC,ECU,Ecuador,2004,ENEMDU,2004,National,1,0.636478087,0.635428881,0.754741486,0.754741486,0.635428881,0.636478087,14-Dec-25,6,1,N,,,,,2,2004,0.754741486,0.635428881,0,0,0,0,CPI_v12_M_v01_A
LAC,ECU,Ecuador,2005,ENEMDU,2005,National,1,0.654053487,0.652975308,0.775582554,0.775582554,0.652975308,0.654053487,14-Dec-25,6,1,N,,,,,2,2005,0.775582554,0.652975308,0,0,0,0,CPI_v12_M_v01_A
LAC,ECU,Ecuador,2006,ENEMDU,2006,National,1,0.675041861,0.673929083,0.800470758,0.800470758,0.673929083,0.675041861,14-Dec-25,6,1,N,,,,,2,2006,0.800470758,0.673929083,0,0,0,0,CPI_v12_M_v01_A
LAC,ECU,Ecuador,2007,ENEMDU,2007,National,1,0.693266402,0.692123583,0.822081585,0.822081585,0.692123583,0.693266402,14-Dec-25,7,1,N,,,,,2,2007,0.822081585,0.692123583,0,0,0,0,CPI_v12_M_v01_A
LAC,ECU,Ecuador,2008,ENEMDU,2008,National,1,0.756583863,0.755336668,0.897164004,0.897164004,0.755336668,0.756583863,14-Dec-25,7,1,N,,,,,2,2008,0.897164004,0.755336668,0,0,0,0,CPI_v12_M_v01_A
LAC,ECU,Ecuador,2009,ENEMDU,2009,National,1,0.786987172,0.785689857,0.933216523,0.933216523,0.785689857,0.786987172,14-Dec-25,7,1,N,,,,,2,2009,0.933216523,0.785689857,0,0,0,0,CPI_v12_M_v01_A
LAC,ECU,Ecuador,2010,ENEMDU,2010,National,1,0.813672601,0.812331297,0.964860347,0.964860347,0.812331297,0.813672601,14-Dec-25,7,1,N,,,,,2,2010,0.964860347,0.812331297,0,0,0,0,CPI_v12_M_v01_A
LAC,ECU,Ecuador,2011,ENEMDU,2011,National,1,0.858681906,0.857266406,1.018232789,1.018232789,0.857266406,0.858681906,14-Dec-25,7,1,N,,,,,2,2011,1.018232789,0.857266406,0,0,0,0,CPI_v12_M_v01_A
LAC,ECU,Ecuador,2012,ENEMDU,2012,National,1,0.899667364,0.898184302,1.066833717,1.066833717,0.898184302,0.899667364,14-Dec-25,7,1,N,,,,,2,2012,1.066833717,0.898184302,0,0,0,0,CPI_v12_M_v01_A
LAC,ECU,Ecuador,2013,ENEMDU,2013,National,1,0.920371981,0.918854788,1.091385439,1.091385439,0.918854788,0.920371981,14-Dec-25,7,1,N,,,,,2,2013,1.091385439,0.918854788,0,0,0,0,CPI_v12_M_v01_A
LAC,ECU,Ecuador,2014,ENEMDU,2014,National,1,0.954971061,0.953396833,1.132413342,1.132413342,0.953396833,0.954971061,14-Dec-25,7,1,N,,,,,2,2014,1.132413342,0.953396833,0,0,0,0,CPI_v12_M_v01_A
LAC,ECU,Ecuador,2015,ENEMDU,2015,National,1,0.987450975,0.985823205,1.170928318,1.170928318,0.985823205,0.987450975,14-Dec-25,7,1,N,,,,,2,2015,1.170928318,0.985823205,0,0,0,0,CPI_v12_M_v01_A
LAC,ECU,Ecuador,2016,ENEMDU,2016,National,1,0.9978665,0.99622156,1.183279142,1.183279142,0.99622156,0.9978665,14-Dec-25,7,1,N,,,,,2,2016,1.183279142,0.99622156,0,0,0,0,CPI_v12_M_v01_A
LAC,ECU,Ecuador,2017,ENEMDU,2017,National,1,0.995698227,0.994056862,1.180707984,1.180707984,0.994056862,0.995698227,14-Dec-25,7,1,N,,,,,2,2017,1.180707984,0.994056862,0,0,0,0,CPI_v12_M_v01_A
LAC,ECU,Ecuador,2018,ENEMDU,2018,National,1,0.999149188,0.997502134,1.184800165,1.184800165,0.997502134,0.999149188,14-Dec-25,7,1,N,,,,,2,2018,1.184800165,0.997502134,0,0,0,0,CPI_v12_M_v01_A
LAC,ECU,Ecuador,2019,ENEMDU,2019,National,1,0.999568502,0.997920757,1.185297392,1.185297392,0.997920757,0.999568502,14-Dec-25,7,1,N,,,,,2,2019,1.185297392,0.997920757,0,0,0,0,CPI_v12_M_v01_A
LAC,ECU,Ecuador,2020,ENEMDU,2020,National,1,0.990444959,0.988812253,1.174478611,1.174478611,0.988812253,0.990444959,14-Dec-25,7,1,N,,,,,2,2020,1.174478611,0.988812253,0,0,0,0,CPI_v12_M_v01_A
LAC,ECU,Ecuador,2021,ENEMDU,2021,National,1,1.008696171,1.007033379,1.196121064,1.196121064,1.007033379,1.008696171,14-Dec-25,7,1,N,,,,,2,2021,1.196121064,1.007033379,0,0,0,0,CPI_v12_M_v01_A
LAC,ECU,Ecuador,2022,ENEMDU,2022,National,1,1.045455152,1.043731764,1.239710196,1.239710196,1.043731764,1.045455152,14-Dec-25,7,1,N,,,,,2,2022,1.239710196,1.043731764,0,0,0,0,CPI_v12_M_v01_A
LAC,ECU,Ecuador,2023,ENEMDU,2023,National,1,1.06147407,1.059724276,1.258705575,1.258705575,1.059724276,1.06147407,14-Dec-25,7,1,N,,,,,2,2023,1.258705545,1.059724251,0,0,0,0,CPI_v12_M_v01_A
MNA,EGY,"Egypt, Arab Rep.",1990,HIECS,1990.5,National,1,0.065978656,0.091058143,0.191187165,0.191187165,0.091058143,0.065978656,14-Dec-25,0,1,N,,,,,2,1990.5,0.191187165,0.091058143,0,0,0,0,CPI_v12_M_v01_A
MNA,EGY,"Egypt, Arab Rep.",1995,HIECS,1995.75,National,1,0.120794774,0.166710699,0.350028507,0.350028507,0.166710699,0.120794774,14-Dec-25,0,1,N,,,,,2,1995.75,0.350028507,0.166710699,0,0,0,0,CPI_v12_M_v01_A
MNA,EGY,"Egypt, Arab Rep.",1999,HIECS,1999.75,National,1,0.140401289,0.193769947,0.406842545,0.406842545,0.193769947,0.140401289,14-Dec-25,1,1,N,,,,,2,1999.75,0.406842545,0.193769947,0,0,0,0,CPI_v12_M_v01_A
MNA,EGY,"Egypt, Arab Rep.",2004,HIECS,2004.49,National,1,0.17679215,0.243993527,0.512292792,0.512292792,0.243993527,0.17679215,14-Dec-25,2,1,N,,,,,2,2004.49,0.512292792,0.243993527,0,0,0,0,CPI_v12_M_v01_A
MNA,EGY,"Egypt, Arab Rep.",2008,HIECS,2008.24,National,1,0.259328957,0.357903825,0.751460715,0.751460715,0.357903825,0.259328957,14-Dec-25,2,1,N,,,,,2,2008.24,0.751460715,0.357903825,0,0,0,0,CPI_v12_M_v01_A
MNA,EGY,"Egypt, Arab Rep.",2010,HIECS,2010.49,National,1,0.329005354,0.454065277,0.953362869,0.953362869,0.454065277,0.329005354,14-Dec-25,3,1,N,,,,,2,2010.49,0.953362869,0.454065277,0,0,0,0,CPI_v12_M_v01_A
MNA,EGY,"Egypt, Arab Rep.",2012,HIECS,2012.49,National,1,0.386794403,0.533820818,1.120818907,1.120818907,0.533820818,0.386794403,14-Dec-25,3,1,N,,,,,2,2012.49,1.120818907,0.533820818,0,0,0,0,CPI_v12_M_v01_A
MNA,EGY,"Egypt, Arab Rep.",2015,HIECS,2015,National,1,0.491584944,0.678443833,1.424471751,1.424471751,0.678443833,0.491584944,14-Dec-25,3,1,N,,,,,2,2015,1.424471751,0.678443833,0,0,0,0,CPI_v12_M_v01_A
MNA,EGY,"Egypt, Arab Rep.",2017,HIECS,2017.75,National,1,0.802839532,1.108011009,2.326398007,2.326398007,1.108011009,0.802839532,14-Dec-25,3,1,N,,,,,2,2017.75,2.326398007,1.108011009,0,0,0,0,CPI_v12_M_v01_A
MNA,EGY,"Egypt, Arab Rep.",2019,HIECS,2019.43,National,1,0.924424941,1.275812874,2.678717543,2.678717543,1.275812874,0.924424941,14-Dec-25,4,1,N,,,,,2,2019.43,2.678717543,1.275812874,0,0,0,0,CPI_v12_M_v01_A
MNA,EGY,"Egypt, Arab Rep.",2021,HIECS,2021.77,National,1,1.106996578,1.527782758,3.207757625,3.207757625,1.527782758,1.106996578,14-Dec-25,3,1,N,,,,,2,,,,1,1,1,1,CPI_v12_M_v01_A
ECA,ESP,Spain,1980,HBS-LIS,1980,National,1,0.186790204,0.196526612,0.206390022,34.34123579,32.70006293,31.08002209,14-Dec-25,0,0.006009977,N,,,,,2,1980,34.34123579,32.70006293,0,0,0,0,CPI_v12_M_v01_A
ECA,ESP,Spain,1985,HBCS-LIS,1985,National,1,0.332527032,0.349859947,0.367418954,61.13483982,58.21319658,55.32917289,14-Dec-25,1,0.006009977,N,,,,,2,,,,1,1,1,1,CPI_v12_M_v01_A
ECA,ESP,Spain,1990,HBS-LIS,1990,National,1,0.454940845,0.478654559,0.502677597,83.64052542,79.64333205,75.69760721,14-Dec-25,0,0.006009977,N,,,,,2,1990,83.64052542,79.64333205,0,0,0,0,CPI_v12_M_v01_A
ECA,ESP,Spain,1993,ECHP-LIS,1993,National,1,0.533815267,0.561640297,0.58982828,98.14152745,93.451329,88.82152232,14-Dec-25,2,0.006009977,N,,,,,2,1993,98.14152745,93.451329,0,0,0,0,CPI_v12_M_v01_A
ECA,ESP,Spain,1994,ECHP-LIS,1994,National,1,0.559002868,0.588140797,0.617658805,102.7722486,97.86074728,93.01248727,14-Dec-25,2,0.006009977,N,,,,,2,1994,102.7722486,97.86074728,0,0,0,0,CPI_v12_M_v01_A
ECA,ESP,Spain,1995,ECHP-LIS,1995,National,1,0.585129587,0.615629367,0.64652699,107.5756258,102.4345704,97.35971203,14-Dec-25,2,0.006009977,N,,,,,2,1995,107.5756258,102.4345704,0,0,0,0,CPI_v12_M_v01_A
ECA,ESP,Spain,1996,ECHP-LIS,1996,National,1,0.60595344,0.63753866,0.669535881,111.4040752,106.0800576,100.8245929,14-Dec-25,2,0.006009977,N,,,,,2,1996,111.4040752,106.0800576,0,0,0,0,CPI_v12_M_v01_A
ECA,ESP,Spain,1997,ECHP-LIS,1997,National,1,0.617897242,0.65010503,0.682732941,113.599934,108.170976,102.8119221,14-Dec-25,2,0.006009977,N,,,,,2,1997,113.599934,108.170976,0,0,0,0,CPI_v12_M_v01_A
ECA,ESP,Spain,1998,ECHP-LIS,1998,National,1,0.629231492,0.662030076,0.695256489,115.6837271,110.1551843,104.6978279,14-Dec-25,2,0.006009977,N,,,,,2,1998,115.6837271,110.1551843,0,0,0,0,CPI_v12_M_v01_A
ECA,ESP,Spain,1999,ECHP-LIS,1999,National,1,0.643768933,0.677325278,0.711319337,118.3564245,112.7001531,107.1167127,14-Dec-25,2,0.006009977,N,,,,,2,1999,118.3564245,112.7001531,0,0,0,0,CPI_v12_M_v01_A
ECA,ESP,Spain,2000,ECHP-LIS,2000,National,1,0.665872844,0.700581353,0.735742603,122.4202117,116.5697313,110.7945826,14-Dec-25,2,0.006009977,N,,,,,2,2000,122.4202117,116.5697313,0,0,0,0,CPI_v12_M_v01_A
ECA,ESP,Spain,2003,EU-SILC,2003,National,1,0.732526892,0.770709731,0.809390632,0.809390632,0.770709731,0.732526892,14-Dec-25,3,1,N,,,,,2,2003,0.809390632,0.770709731,0,0,0,0,CPI_v12_M_v01_A
ECA,ESP,Spain,2004,EU-SILC,2004,National,1,0.754790183,0.794133493,0.833990001,0.833990001,0.794133493,0.754790183,14-Dec-25,3,1,N,,,,,2,2004,0.833990001,0.794133493,0,0,0,0,CPI_v12_M_v01_A
ECA,ESP,Spain,2005,EU-SILC,2005,National,1,0.780217657,0.82088637,0.862085569,0.862085569,0.82088637,0.780217657,14-Dec-25,3,1,N,,,,,2,2005,0.862085569,0.82088637,0,0,0,0,CPI_v12_M_v01_A
ECA,ESP,Spain,2006,EU-SILC,2006,National,1,0.807646816,0.849745269,0.892392859,0.892392859,0.849745269,0.807646816,14-Dec-25,3,1,N,,,,,2,2006,0.892392859,0.849745269,0,0,0,0,CPI_v12_M_v01_A
ECA,ESP,Spain,2007,EU-SILC,2007,National,1,0.83015433,0.873425983,0.917262076,0.917262076,0.873425983,0.83015433,14-Dec-25,3,1,N,,,,,2,2007,0.917262076,0.873425983,0,0,0,0,CPI_v12_M_v01_A
ECA,ESP,Spain,2008,EU-SILC,2008,National,1,0.863985924,0.909021042,0.954643605,0.954643605,0.909021042,0.863985924,14-Dec-25,3,1,N,,,,,2,2008,0.954643605,0.909021042,0,0,0,0,CPI_v12_M_v01_A
ECA,ESP,Spain,2009,EU-SILC,2009,National,1,0.861499274,0.906404776,0.951896032,0.951896032,0.906404776,0.861499274,14-Dec-25,3,1,N,,,,,2,2009,0.951896032,0.906404776,0,0,0,0,CPI_v12_M_v01_A
ECA,ESP,Spain,2010,EU-SILC,2010,National,1,0.877005106,0.922718847,0.969028884,0.969028884,0.922718847,0.877005106,14-Dec-25,3,1,N,,,,,2,2010,0.969028884,0.922718847,0,0,0,0,CPI_v12_M_v01_A
ECA,ESP,Spain,2011,EU-SILC,2011,National,1,0.905035051,0.952209849,1,1,0.952209849,0.905035051,14-Dec-25,3,1,N,,,,,2,2011,1,0.952209849,0,0,0,0,CPI_v12_M_v01_A
ECA,ESP,Spain,2012,EU-SILC,2012,National,1,0.927173422,0.975502178,1.02446134,1.02446134,0.975502178,0.927173422,14-Dec-25,3,1,N,,,,,2,2012,1.02446134,0.975502178,0,0,0,0,CPI_v12_M_v01_A
ECA,ESP,Spain,2013,EU-SILC,2013,National,1,0.940233419,0.989242925,1.038891718,1.038891718,0.989242925,0.940233419,14-Dec-25,3,1,N,,,,,2,2013,1.038891718,0.989242925,0,0,0,0,CPI_v12_M_v01_A
ECA,ESP,Spain,2014,EU-SILC,2014,National,1,0.938812581,0.987748027,1.037321792,1.037321792,0.987748027,0.938812581,14-Dec-25,3,1,N,,,,,2,2014,1.037321792,0.987748027,0,0,0,0,CPI_v12_M_v01_A
ECA,ESP,Spain,2015,EU-SILC,2015,National,1,0.934115085,0.982805674,1.03213139,1.03213139,0.982805674,0.934115085,14-Dec-25,3,1,N,,,,,2,2015,1.03213139,0.982805674,0,0,0,0,CPI_v12_M_v01_A
ECA,ESP,Spain,2016,EU-SILC,2016,National,1,0.932222531,0.980814471,1.03004025,1.03004025,0.980814471,0.932222531,14-Dec-25,3,1,N,,,,,2,2016,1.03004025,0.980814471,0,0,0,0,CPI_v12_M_v01_A
ECA,ESP,Spain,2017,EU-SILC,2017,National,1,0.950457562,1,1.050188676,1.050188676,1,0.950457562,14-Dec-25,3,1,N,,,,,2,2017,1.050188676,1,0,0,0,0,CPI_v12_M_v01_A
ECA,ESP,Spain,2018,EU-SILC,2018,National,1,0.966377501,1.016749763,1.067779087,1.067779087,1.016749763,0.966377501,14-Dec-25,3,1,N,,,,,2,2018,1.067779087,1.016749763,0,0,0,0,CPI_v12_M_v01_A
ECA,ESP,Spain,2019,EU-SILC,2019,National,1,0.973137503,1.023862129,1.075248414,1.075248414,1.023862129,0.973137503,14-Dec-25,3,1,N,,,,,2,2019,1.075248414,1.023862129,0,0,0,0,CPI_v12_M_v01_A
ECA,ESP,Spain,2020,EU-SILC,2020,National,1,0.969996673,1.020557583,1.071778017,1.071778017,1.020557583,0.969996673,14-Dec-25,3,1,N,,,,,2,2020,1.071778017,1.020557583,0,0,0,0,CPI_v12_M_v01_A
ECA,ESP,Spain,2021,EU-SILC,2021,National,1,1,1.052124829,1.104929581,1.104929581,1.052124829,1,14-Dec-25,3,1,N,,,,,2,2021,1.104929581,1.052124829,0,0,0,0,CPI_v12_M_v01_A
ECA,ESP,Spain,2022,EU-SILC,2022,National,1,1.083905767,1.14040417,1.197639545,1.197639545,1.14040417,1.083905767,14-Dec-25,3,1,N,,,,,2,,,,1,1,1,1,CPI_v12_M_v01_A
ECA,EST,Estonia,1993,HIES,1993,National,1,0.011094048,0.012228121,0.013448048,0.210416223,0.191328517,0.17358413,14-Dec-25,0,0.063911649,N,,,,,2,1993,0.210416223,0.191328517,0,0,0,0,CPI_v12_M_v01_A
ECA,EST,Estonia,1995,HIES,1995,National,1,0.021094744,0.023251124,0.02557075,0.400095303,0.36380104,0.330061027,14-Dec-25,1,0.063911649,N,,,,,2,1995,0.400095303,0.36380104,0,0,0,0,CPI_v12_M_v01_A
ECA,EST,Estonia,1998,HIES,1998,National,1,0.031060022,0.034235088,0.037650519,0.589102607,0.535662727,0.48598374,14-Dec-25,1,0.063911649,N,,,,,2,1998,0.589102607,0.535662727,0,0,0,0,CPI_v12_M_v01_A
ECA,EST,Estonia,2000,HBS,2000,National,1,0.522175216,0.575553824,0.632973401,9.90388162,9.005460466,8.170266738,14-Dec-25,2,0.063911649,N,,,,,2,2000,9.90388162,9.005460466,0,0,0,0,CPI_v12_M_v01_A
ECA,EST,Estonia,2001,HBS,2001,National,1,0.552191334,0.608638297,0.669358515,10.47318493,9.523119975,8.639916933,14-Dec-25,2,0.063911649,N,,,,,2,2001,10.47318493,9.523119975,0,0,0,0,CPI_v12_M_v01_A
ECA,EST,Estonia,2002,HBS,2002,National,1,0.571915128,0.630378327,0.693267418,10.84727798,9.863277524,8.948527239,14-Dec-25,2,0.063911649,N,,,,,2,2002,10.84727798,9.863277524,0,0,0,0,CPI_v12_M_v01_A
ECA,EST,Estonia,2003,EU-SILC,2003,National,1,0.579550123,0.638793798,0.702522451,10.99208778,9.994951047,9.06798896,14-Dec-25,3,0.063911649,N,,,,,2,2003,10.99208778,9.994951047,0,0,0,0,CPI_v12_M_v01_A
ECA,EST,Estonia,2003,HBS,2003,National,1,0.579550123,0.638793798,0.702522451,10.99208778,9.994951047,9.06798896,14-Dec-25,2,0.063911649,N,,,,,2,2003,10.99208778,9.994951047,0,0,0,0,CPI_v12_M_v01_A
ECA,EST,Estonia,2004,EU-SILC,2004,National,1,0.597215452,0.65826494,0.723936112,11.32713877,10.2996082,9.344391288,14-Dec-25,3,0.063911649,N,,,,,2,2004,11.32713877,10.2996082,0,0,0,0,CPI_v12_M_v01_A
ECA,EST,Estonia,2004,HBS,2004,National,1,0.597215452,0.65826494,0.723936112,11.32713877,10.2996082,9.344391288,14-Dec-25,2,0.063911649,N,,,,,2,2004,11.32713877,10.2996082,0,0,0,0,CPI_v12_M_v01_A
ECA,EST,Estonia,2005,EU-SILC,2005,National,1,0.621580159,0.685120294,0.753470665,11.7892541,10.71980319,9.725616114,14-Dec-25,3,0.063911649,N,,,,,2,2005,11.7892541,10.71980319,0,0,0,0,CPI_v12_M_v01_A
ECA,EST,Estonia,2006,EU-SILC,2006,National,1,0.649163529,0.715523334,0.786906836,12.3124165,11.19550741,10.15720208,14-Dec-25,3,0.063911649,N,,,,,2,2006,12.3124165,11.19550741,0,0,0,0,CPI_v12_M_v01_A
ECA,EST,Estonia,2007,EU-SILC,2007,National,1,0.692016891,0.762757319,0.838853074,13.1251985,11.93455867,10.82771149,14-Dec-25,3,0.063911649,N,,,,,2,2007,13.1251985,11.93455867,0,0,0,0,CPI_v12_M_v01_A
ECA,EST,Estonia,2008,EU-SILC,2008,National,1,0.763726172,0.841796978,0.925778049,14.48527882,13.1712606,11.94971793,14-Dec-25,3,0.063911649,N,,,,,2,2008,14.48527882,13.1712606,0,0,0,0,CPI_v12_M_v01_A
ECA,EST,Estonia,2009,EU-SILC,2009,National,1,0.763127368,0.841136962,0.925052187,14.47392155,13.16093359,11.94034868,14-Dec-25,3,0.063911649,N,,,,,2,2009,14.47392155,13.16093359,0,0,0,0,CPI_v12_M_v01_A
ECA,EST,Estonia,2010,EU-SILC,2010,National,1,0.785807833,0.866135905,0.952545125,14.90409255,13.55208205,12.29522084,14-Dec-25,3,0.063911649,N,,,,,2,2010,14.90409255,13.55208205,0,0,0,0,CPI_v12_M_v01_A
ECA,EST,Estonia,2011,EU-SILC,2011,National,1,0.824956017,0.909285956,1,1,0.909285956,0.824956017,14-Dec-25,3,1,N,,,,,2,2011,1,0.909285956,0,0,0,0,CPI_v12_M_v01_A
ECA,EST,Estonia,2012,EU-SILC,2012,National,1,0.857404823,0.945051794,1.039333983,1.039333983,0.945051794,0.857404823,14-Dec-25,3,1,N,,,,,2,2012,1.039333983,0.945051794,0,0,0,0,CPI_v12_M_v01_A
ECA,EST,Estonia,2013,EU-SILC,2013,National,1,0.881245547,0.971329601,1.06823337,1.06823337,0.971329601,0.881245547,14-Dec-25,3,1,N,,,,,2,2013,1.06823337,0.971329601,0,0,0,0,CPI_v12_M_v01_A
ECA,EST,Estonia,2014,EU-SILC,2014,National,1,0.88030987,0.970298276,1.067099156,1.067099156,0.970298276,0.88030987,14-Dec-25,3,1,N,,,,,2,2014,1.067099156,0.970298276,0,0,0,0,CPI_v12_M_v01_A
ECA,EST,Estonia,2015,EU-SILC,2015,National,1,0.875975852,0.96552122,1.061845521,1.061845521,0.96552122,0.875975852,14-Dec-25,3,1,N,,,,,2,2015,1.061845521,0.96552122,0,0,0,0,CPI_v12_M_v01_A
ECA,EST,Estonia,2016,EU-SILC,2016,National,1,0.877278318,0.966956828,1.063424351,1.063424351,0.966956828,0.877278318,14-Dec-25,3,1,N,,,,,2,2016,1.063424351,0.966956828,0,0,0,0,CPI_v12_M_v01_A
ECA,EST,Estonia,2017,EU-SILC,2017,National,1,0.907256966,1,1.099764044,1.099764044,1,0.907256966,14-Dec-25,3,1,N,,,,,2,2017,1.099764044,1,0,0,0,0,CPI_v12_M_v01_A
ECA,EST,Estonia,2018,EU-SILC,2018,National,1,0.938433282,1.034363271,1.137555533,1.137555533,1.034363271,0.938433282,14-Dec-25,3,1,N,,,,,2,2018,1.137555533,1.034363271,0,0,0,0,CPI_v12_M_v01_A
ECA,EST,Estonia,2019,EU-SILC,2019,National,1,0.959803848,1.057918411,1.16346063,1.16346063,1.057918411,0.959803848,14-Dec-25,3,1,N,,,,,2,2019,1.16346063,1.057918411,0,0,0,0,CPI_v12_M_v01_A
ECA,EST,Estonia,2020,EU-SILC,2020,National,1,0.955537217,1.05321563,1.15828868,1.15828868,1.05321563,0.955537217,14-Dec-25,3,1,N,,,,,2,2020,1.15828868,1.05321563,0,0,0,0,CPI_v12_M_v01_A
ECA,EST,Estonia,2021,EU-SILC,2021,National,1,1,1.102223557,1.212185836,1.212185836,1.102223557,1,14-Dec-25,3,1,N,,,,,2,2021,1.212185836,1.102223557,0,0,0,0,CPI_v12_M_v01_A
ECA,EST,Estonia,2022,EU-SILC,2022,National,1,1.19398258,1.316035726,1.447328772,1.447328772,1.316035726,1.19398258,14-Dec-25,3,1,N,,,,,2,,,,1,1,1,1,CPI_v12_M_v01_A
SSA,ETH,Ethiopia,1981,HICES,1981.33,National,1,0.028391082,0.057137144,0.104904691,0.104904691,0.057137144,0.028391082,14-Dec-25,0,1,R,,,,,2,1981.33,0.104904691,0.057137144,0,0,0,0,CPI_v12_M_v01_A
SSA,ETH,Ethiopia,1995,HICES,1995.25,National,1,0.073331868,0.147580621,0.27096033,0.27096033,0.147580621,0.073331868,14-Dec-25,1,1,N,,,,,2,1995.25,0.27096033,0.147580621,0,0,0,0,CPI_v12_M_v01_A
SSA,ETH,Ethiopia,1999,HICES,1999.5,National,1,0.076050237,0.153051346,0.281004668,0.281004668,0.153051346,0.076050237,14-Dec-25,1,1,N,,,,,2,1999.5,0.281004668,0.153051346,0,0,0,0,CPI_v12_M_v01_A
SSA,ETH,Ethiopia,2004,HICES,2004.5,National,1,0.086954745,0.174996704,0.321296688,0.321296688,0.174996704,0.086954745,14-Dec-25,1,1,N,,,,,2,2004.5,0.321296688,0.174996704,0,0,0,0,CPI_v12_M_v01_A
SSA,ETH,Ethiopia,2010,HICES,2010.5,National,1,0.236870807,0.476703261,0.87523465,0.87523465,0.476703261,0.236870807,14-Dec-25,1,1,N,,,,,2,2010.5,0.87523465,0.476703261,0,0,0,0,CPI_v12_M_v01_A
SSA,ETH,Ethiopia,2015,HICES,2015.5,National,1,0.428965129,0.863293701,1.58502075,1.58502075,0.863293701,0.428965129,14-Dec-25,1,1,N,,,,,2,2015.5,1.58502075,0.863293701,0,0,0,0,CPI_v12_M_v01_A
SSA,ETH,Ethiopia,2021,HCES,2021,National,1,1.119265383,2.252525182,4.135671498,4.135671498,2.252525182,1.119265383,14-Dec-25,1,1,N,,,,,2,2021,4.135671498,2.252525182,0,0,0,0,CPI_v12_M_v01_A
ECA,FIN,Finland,1987,IDS-LIS,1987,National,1,0.522687931,0.547062524,0.581890931,3.459748908,3.252669646,3.107745631,14-Dec-25,0,0.168188775,N,,,,,2,1987,3.459748908,3.252669646,0,0,0,0,CPI_v12_M_v01_A
ECA,FIN,Finland,1991,IDS-LIS,1991,National,1,0.648276717,0.678507912,0.721704711,4.2910397,4.034204491,3.854458874,14-Dec-25,0,0.168188775,N,,,,,2,1991,4.2910397,4.034204491,0,0,0,0,CPI_v12_M_v01_A
ECA,FIN,Finland,1995,IDS-LIS,1995,National,1,0.694693573,0.727089333,0.773379039,4.598279754,4.323055048,4.130439577,14-Dec-25,0,0.168188775,N,,,,,2,1995,4.598279754,4.323055048,0,0,0,0,CPI_v12_M_v01_A
ECA,FIN,Finland,2000,IDS-LIS,2000,National,1,0.747712582,0.782580787,0.832403323,4.949220438,4.652990584,4.445674701,14-Dec-25,0,0.168188775,N,,,,,2,2000,4.949220438,4.652990584,0,0,0,0,CPI_v12_M_v01_A
ECA,FIN,Finland,2003,EU-SILC,2003,National,1,0.785878619,0.822526627,0.874892291,0.874892291,0.822526627,0.785878619,14-Dec-25,1,1,N,,,,,2,2003,0.874892291,0.822526627,0,0,0,0,CPI_v12_M_v01_A
ECA,FIN,Finland,2004,EU-SILC,2004,National,1,0.787349159,0.824065742,0.876529393,0.876529393,0.824065742,0.787349159,14-Dec-25,1,1,N,,,,,2,2004,0.876529393,0.824065742,0,0,0,0,CPI_v12_M_v01_A
ECA,FIN,Finland,2005,EU-SILC,2005,National,1,0.792261229,0.829206877,0.881997836,0.881997836,0.829206877,0.792261229,14-Dec-25,1,1,N,,,,,2,2005,0.881997836,0.829206877,0,0,0,0,CPI_v12_M_v01_A
ECA,FIN,Finland,2006,EU-SILC,2006,National,1,0.804673308,0.842197772,0.895815788,0.895815788,0.842197772,0.804673308,14-Dec-25,1,1,N,,,,,2,2006,0.895815788,0.842197772,0,0,0,0,CPI_v12_M_v01_A
ECA,FIN,Finland,2007,EU-SILC,2007,National,1,0.824875981,0.863342558,0.918306744,0.918306744,0.863342558,0.824875981,14-Dec-25,1,1,N,,,,,2,2007,0.918306744,0.863342558,0,0,0,0,CPI_v12_M_v01_A
ECA,FIN,Finland,2008,EU-SILC,2008,National,1,0.85841503,0.89844564,0.955644642,0.955644642,0.89844564,0.85841503,14-Dec-25,1,1,N,,,,,2,2008,0.955644642,0.89844564,0,0,0,0,CPI_v12_M_v01_A
ECA,FIN,Finland,2009,EU-SILC,2009,National,1,0.85841503,0.89844564,0.955644642,0.955644642,0.89844564,0.85841503,14-Dec-25,1,1,N,,,,,2,2009,0.955644642,0.89844564,0,0,0,0,CPI_v12_M_v01_A
ECA,FIN,Finland,2010,EU-SILC,2010,National,1,0.86857985,0.909084478,0.966960796,0.966960796,0.909084478,0.86857985,14-Dec-25,1,1,N,,,,,2,2010,0.966960796,0.909084478,0,0,0,0,CPI_v12_M_v01_A
ECA,FIN,Finland,2011,EU-SILC,2011,National,1,0.898257565,0.940146159,1,1,0.940146159,0.898257565,14-Dec-25,1,1,N,,,,,2,2011,1,0.940146159,0,0,0,0,CPI_v12_M_v01_A
ECA,FIN,Finland,2012,EU-SILC,2012,National,1,0.923483637,0.966548601,1.028083338,1.028083338,0.966548601,0.923483637,14-Dec-25,1,1,N,,,,,2,2012,1.028083338,0.966548601,0,0,0,0,CPI_v12_M_v01_A
ECA,FIN,Finland,2013,EU-SILC,2013,National,1,0.93713538,0.980836969,1.043281366,1.043281366,0.980836969,0.93713538,14-Dec-25,1,1,N,,,,,2,2013,1.043281366,0.980836969,0,0,0,0,CPI_v12_M_v01_A
ECA,FIN,Finland,2014,EU-SILC,2014,National,1,0.946892789,0.991049396,1.054143962,1.054143962,0.991049396,0.946892789,14-Dec-25,1,1,N,,,,,2,2014,1.054143962,0.991049396,0,0,0,0,CPI_v12_M_v01_A
ECA,FIN,Finland,2015,EU-SILC,2015,National,1,0.944923918,0.988988711,1.051952085,1.051952085,0.988988711,0.944923918,14-Dec-25,1,1,N,,,,,2,2015,1.051952085,0.988988711,0,0,0,0,CPI_v12_M_v01_A
ECA,FIN,Finland,2016,EU-SILC,2016,National,1,0.948294344,0.99251631,1.055704266,1.055704266,0.99251631,0.948294344,14-Dec-25,1,1,N,,,,,2,2016,1.055704266,0.99251631,0,0,0,0,CPI_v12_M_v01_A
ECA,FIN,Finland,2017,EU-SILC,2017,National,1,0.955444595,1,1.0636644,1.0636644,1,0.955444595,14-Dec-25,1,1,N,,,,,2,2017,1.0636644,1,0,0,0,0,CPI_v12_M_v01_A
ECA,FIN,Finland,2018,EU-SILC,2018,National,1,0.965799933,1.010838241,1.075192651,1.075192651,1.010838241,0.965799933,14-Dec-25,1,1,N,,,,,2,2018,1.075192651,1.010838241,0,0,0,0,CPI_v12_M_v01_A
ECA,FIN,Finland,2019,EU-SILC,2019,National,1,0.975690606,1.021190147,1.086203605,1.086203605,1.021190147,0.975690606,14-Dec-25,1,1,N,,,,,2,2019,1.086203605,1.021190147,0,0,0,0,CPI_v12_M_v01_A
ECA,FIN,Finland,2020,EU-SILC,2020,National,1,0.978525524,1.024157267,1.089359625,1.089359625,1.024157267,0.978525524,14-Dec-25,1,1,N,,,,,2,2020,1.089359625,1.024157267,0,0,0,0,CPI_v12_M_v01_A
ECA,FIN,Finland,2021,EU-SILC,2021,National,1,1,1.046633165,1.113266438,1.113266438,1.046633165,1,14-Dec-25,1,1,N,,,,,2,2021,1.113266438,1.046633165,0,0,0,0,CPI_v12_M_v01_A
ECA,FIN,Finland,2022,EU-SILC,2022,National,1,1.071235052,1.121190133,1.19257003,1.19257003,1.121190133,1.071235052,14-Dec-25,1,1,N,,,,,2,,,,1,1,1,1,CPI_v12_M_v01_A
EAP,FJI,Fiji,2002,HIES,2002.5,National,1,0.582925089,0.602387165,0.701308221,0.701308221,0.602387165,0.582925089,14-Dec-25,0,1,N,,,,,2,2002.5,0.701308221,0.602387165,0,0,0,0,CPI_v12_M_v01_A
EAP,FJI,Fiji,2008,HIES,2008.5,National,1,0.73589671,0.760466038,0.885346028,0.885346028,0.760466038,0.73589671,14-Dec-25,0,1,N,,,,,2,2008.5,0.885346028,0.760466038,0,0,0,0,CPI_v12_M_v01_A
EAP,FJI,Fiji,2013,HIES,2013.24,National,1,0.885800666,0.915374826,1.065693174,1.065693174,0.915374826,0.885800666,14-Dec-25,0,1,N,,,,,2,2013.24,1.065693174,0.915374826,0,0,0,0,CPI_v12_M_v01_A
EAP,FJI,Fiji,2019,HIES,2019.15,National,1,1.021055927,1.055145844,1.228416701,1.228416701,1.055145844,1.021055927,14-Dec-25,1,1,N,,,,,2,2019.15,1.228416701,1.055145844,0,0,0,0,CPI_v12_M_v01_A
ECA,FRA,France,1970,TIS-LIS,1970,National,1,0.137213512,0.144306905,0.151023779,0.990655579,0.946595576,0.900065755,14-Dec-25,0,0.15244832,N,,,,,2,1970,0.990655579,0.946595576,0,0,0,0,CPI_v12_M_v01_A
ECA,FRA,France,1975,TIS-LIS,1975,National,1,0.209065469,0.219873323,0.230107492,1.509413105,1.442281048,1.371385852,14-Dec-25,0,0.15244832,N,,,,,2,1975,1.509413105,1.442281048,0,0,0,0,CPI_v12_M_v01_A
ECA,FRA,France,1979,TIS-LIS,1979,National,1,0.303353239,0.319035395,0.333885138,2.190152949,2.092744578,1.989875906,14-Dec-25,0,0.15244832,N,,,,,2,1979,2.190152949,2.092744578,0,0,0,0,CPI_v12_M_v01_A
ECA,FRA,France,1984,TIS-LIS,1984,National,1,0.515189829,0.541823095,0.567042659,3.719573024,3.554142775,3.379439205,14-Dec-25,0,0.15244832,N,,,,,2,1984,3.719573024,3.554142775,0,0,0,0,CPI_v12_M_v01_A
ECA,FRA,France,1990,TIS-LIS,1990,National,1,0.633408732,0.666153445,0.697160058,4.573091117,4.369700137,4.154907918,14-Dec-25,0,0.15244832,N,,,,,2,1990,4.573091117,4.369700137,0,0,0,0,CPI_v12_M_v01_A
ECA,FRA,France,1996,TSIS-LIS,1996,National,1,0.72111102,0.758389592,0.793689407,5.206285031,4.97473237,4.730199846,14-Dec-25,1,0.15244832,N,,,,,2,1996,5.206285031,4.97473237,0,0,0,0,CPI_v12_M_v01_A
ECA,FRA,France,1997,TSIS-LIS,1997,National,1,0.729792755,0.767520139,0.803244941,5.268965517,5.034625103,4.787148558,14-Dec-25,1,0.15244832,N,,,,,2,1997,5.268965517,5.034625103,0,0,0,0,CPI_v12_M_v01_A
ECA,FRA,France,1998,TSIS-LIS,1998,National,1,0.734544626,0.772517662,0.808475078,5.303273123,5.067406858,4.818318928,14-Dec-25,1,0.15244832,N,,,,,2,1998,5.303273123,5.067406858,0,0,0,0,CPI_v12_M_v01_A
ECA,FRA,France,1999,TSIS-LIS,1999,National,1,0.738490172,0.776667177,0.812817735,5.331759218,5.094626017,4.844200131,14-Dec-25,1,0.15244832,N,,,,,2,1999,5.331759218,5.094626017,0,0,0,0,CPI_v12_M_v01_A
ECA,FRA,France,2000,TSIS-LIS,2000,National,1,0.750866962,0.789683798,0.826440225,5.421117298,5.180009842,4.925386923,14-Dec-25,1,0.15244832,N,,,,,2,2000,5.421117298,5.180009842,0,0,0,0,CPI_v12_M_v01_A
ECA,FRA,France,2001,TSIS-LIS,2001,National,1,0.763141994,0.8025934,0.839950714,5.509740705,5.26469167,5.005906223,14-Dec-25,1,0.15244832,N,,,,,2,2001,5.509740705,5.26469167,0,0,0,0,CPI_v12_M_v01_A
ECA,FRA,France,2002,TSIS-LIS,2002,National,1,0.777820386,0.818030607,0.856106457,5.615715919,5.365953572,5.102190605,14-Dec-25,1,0.15244832,N,,,,,2,2002,5.615715919,5.365953572,0,0,0,0,CPI_v12_M_v01_A
ECA,FRA,France,2003,EU-SILC,2003,National,1,0.794142722,0.835196743,0.874071604,0.874071604,0.835196743,0.794142722,14-Dec-25,2,1,N,,,,,2,2003,0.874071604,0.835196743,0,0,0,0,CPI_v12_M_v01_A
ECA,FRA,France,2004,EU-SILC,2004,National,1,0.811153944,0.853087377,0.892794971,0.892794971,0.853087377,0.811153944,14-Dec-25,2,1,N,,,,,2,2004,0.892794971,0.853087377,0,0,0,0,CPI_v12_M_v01_A
ECA,FRA,France,2005,EU-SILC,2005,National,1,0.825315672,0.86798121,0.908382049,0.908382049,0.86798121,0.825315672,14-Dec-25,2,1,N,,,,,2,2005,0.908382049,0.86798121,0,0,0,0,CPI_v12_M_v01_A
ECA,FRA,France,2006,EU-SILC,2006,National,1,0.839140696,0.882520934,0.923598534,0.923598534,0.882520934,0.839140696,14-Dec-25,2,1,N,,,,,2,2006,0.923598534,0.882520934,0,0,0,0,CPI_v12_M_v01_A
ECA,FRA,France,2007,EU-SILC,2007,National,1,0.851627119,0.895652854,0.93734169,0.93734169,0.895652854,0.851627119,14-Dec-25,2,1,N,,,,,2,2007,0.93734169,0.895652854,0,0,0,0,CPI_v12_M_v01_A
ECA,FRA,France,2008,EU-SILC,2008,National,1,0.875582248,0.920846369,0.963707856,0.963707856,0.920846369,0.875582248,14-Dec-25,2,1,N,,,,,2,2008,0.963707856,0.920846369,0,0,0,0,CPI_v12_M_v01_A
ECA,FRA,France,2009,EU-SILC,2009,National,1,0.876349404,0.921653184,0.964552224,0.964552224,0.921653184,0.876349404,14-Dec-25,2,1,N,,,,,2,2009,0.964552224,0.921653184,0,0,0,0,CPI_v12_M_v01_A
ECA,FRA,France,2010,EU-SILC,2010,National,1,0.889767397,0.935764833,0.979320711,0.979320711,0.935764833,0.889767397,14-Dec-25,2,1,N,,,,,2,2010,0.979320711,0.935764833,0,0,0,0,CPI_v12_M_v01_A
ECA,FRA,France,2011,EU-SILC,2011,National,1,0.908555682,0.955524398,1,1,0.955524398,0.908555682,14-Dec-25,2,1,N,,,,,2,2011,1,0.955524398,0,0,0,0,CPI_v12_M_v01_A
ECA,FRA,France,2012,EU-SILC,2012,National,1,0.926310639,0.974197216,1.019541958,1.019541958,0.974197216,0.926310639,14-Dec-25,2,1,N,,,,,2,2012,1.019541958,0.974197216,0,0,0,0,CPI_v12_M_v01_A
ECA,FRA,France,2013,EU-SILC,2013,National,1,0.934311363,0.982611546,1.028347939,1.028347939,0.982611546,0.934311363,14-Dec-25,2,1,N,,,,,2,2013,1.028347939,0.982611546,0,0,0,0,CPI_v12_M_v01_A
ECA,FRA,France,2014,EU-SILC,2014,National,1,0.939055427,0.987600859,1.033569484,1.033569484,0.987600859,0.939055427,14-Dec-25,2,1,N,,,,,2,2014,1.033569484,0.987600859,0,0,0,0,CPI_v12_M_v01_A
ECA,FRA,France,2015,EU-SILC,2015,National,1,0.939407677,0.987971318,1.033957187,1.033957187,0.987971318,0.939407677,14-Dec-25,2,1,N,,,,,2,2015,1.033957187,0.987971318,0,0,0,0,CPI_v12_M_v01_A
ECA,FRA,France,2016,EU-SILC,2016,National,1,0.941129958,0.989782635,1.035852812,1.035852812,0.989782635,0.941129958,14-Dec-25,2,1,N,,,,,2,2016,1.035852812,0.989782635,0,0,0,0,CPI_v12_M_v01_A
ECA,FRA,France,2017,EU-SILC,2017,National,1,0.95084509,1,1.046545752,1.046545752,1,0.95084509,14-Dec-25,2,1,N,,,,,2,2017,1.046545752,1,0,0,0,0,CPI_v12_M_v01_A
ECA,FRA,France,2018,EU-SILC,2018,National,1,0.968443439,1.018508114,1.06591534,1.06591534,1.018508114,0.968443439,14-Dec-25,2,1,N,,,,,2,2018,1.06591534,1.018508114,0,0,0,0,CPI_v12_M_v01_A
ECA,FRA,France,2019,EU-SILC,2019,National,1,0.979176285,1.029795805,1.077728426,1.077728426,1.029795805,0.979176285,14-Dec-25,2,1,N,,,,,2,2019,1.077728426,1.029795805,0,0,0,0,CPI_v12_M_v01_A
ECA,FRA,France,2020,EU-SILC,2020,National,1,0.983842011,1.034702731,1.082863748,1.082863748,1.034702731,0.983842011,14-Dec-25,2,1,N,,,,,2,2020,1.082863748,1.034702731,0,0,0,0,CPI_v12_M_v01_A
ECA,FRA,France,2021,EU-SILC,2021,National,1,1,1.051696024,1.100648006,1.100648006,1.051696024,1,14-Dec-25,2,1,N,,,,,2,2021,1.100648006,1.051696024,0,0,0,0,CPI_v12_M_v01_A
ECA,FRA,France,2022,EU-SILC,2022,National,1,1.052223668,1.106619448,1.158127883,1.158127883,1.106619448,1.052223668,14-Dec-25,2,1,N,,,,,2,,,,1,1,1,1,CPI_v12_M_v01_A
EAP,FSM,"Micronesia, Fed. Sts.",2000,CPH,2000,National,1,0.601492002,0.645668825,0.68917661,0.68917661,0.645668825,0.601492002,14-Dec-25,0,1,U,,,,,2,2000,0.68917661,0.645668825,0,0,0,0,CPI_v12_M_v01_A
EAP,FSM,"Micronesia, Fed. Sts.",2005,HIES,2005,National,1,0.64469892,0.692049092,0.738682168,0.738682168,0.692049092,0.64469892,14-Dec-25,1,1,N,,,,,2,2005,0.738682168,0.692049092,0,0,0,0,CPI_v12_M_v01_A
EAP,FSM,"Micronesia, Fed. Sts.",2013,HIES,2013,National,1,0.932630264,1.00112767,1.068587715,1.068587715,1.00112767,0.932630264,14-Dec-25,2,1,N,,,,,2,2013,1.068587715,1.00112767,0,0,0,0,CPI_v12_M_v01_A
SSA,GAB,Gabon,2005,EGEP,2005,National,1,0.706428467,0.776823859,0.87646775,0.87646775,0.776823859,0.706428467,14-Dec-25,0,1,N,,,,,2,2005,0.87646775,0.776823859,0,0,0,0,CPI_v12_M_v01_A
SSA,GAB,Gabon,2017,EGEP,2017,National,1,0.909380497,1,1.128270894,1.128270894,1,0.909380497,14-Dec-25,1,1,N,,,,,2,2017,1.128270894,1,0,0,0,0,CPI_v12_M_v01_A
ECA,GBR,United Kingdom,1968,FES-LIS,1968,National,1,0.067200262,0.072406528,0.08013651,0.08013651,0.072406528,0.067200262,14-Dec-25,0,1,N,,,,,2,1968,0.08013651,0.072406528,0,0,0,0,CPI_v12_M_v01_A
ECA,GBR,United Kingdom,1969,FES-LIS,1969,National,1,0.070860438,0.076350272,0.084501281,0.084501281,0.076350272,0.070860438,14-Dec-25,0,1,N,,,,,2,1969,0.084501281,0.076350272,0,0,0,0,CPI_v12_M_v01_A
ECA,GBR,United Kingdom,1970,FES-LIS,1970,National,1,0.075371814,0.081211163,0.089881111,0.089881111,0.081211163,0.075371814,14-Dec-25,0,1,N,,,,,2,1970,0.089881111,0.081211163,0,0,0,0,CPI_v12_M_v01_A
ECA,GBR,United Kingdom,1971,FES-LIS,1971,National,1,0.082490564,0.088881431,0.098370241,0.098370241,0.088881431,0.082490564,14-Dec-25,0,1,N,,,,,2,1971,0.098370241,0.088881431,0,0,0,0,CPI_v12_M_v01_A
ECA,GBR,United Kingdom,1972,FES-LIS,1972,National,1,0.088323547,0.095166316,0.105326089,0.105326089,0.095166316,0.088323547,14-Dec-25,0,1,N,,,,,2,1972,0.105326089,0.095166316,0,0,0,0,CPI_v12_M_v01_A
ECA,GBR,United Kingdom,1973,FES-LIS,1973,National,1,0.09644581,0.103917843,0.115011912,0.115011912,0.103917843,0.09644581,14-Dec-25,0,1,N,,,,,2,1973,0.115011912,0.103917843,0,0,0,0,CPI_v12_M_v01_A
ECA,GBR,United Kingdom,1974,FES-LIS,1974,National,1,0.111919588,0.120590435,0.133464438,0.133464438,0.120590435,0.111919588,14-Dec-25,0,1,N,,,,,2,1974,0.133464438,0.120590435,0,0,0,0,CPI_v12_M_v01_A
ECA,GBR,United Kingdom,1975,FES-LIS,1975,National,1,0.139012289,0.149782114,0.165772564,0.165772564,0.149782114,0.139012289,14-Dec-25,0,1,N,,,,,2,1975,0.165772564,0.149782114,0,0,0,0,CPI_v12_M_v01_A
ECA,GBR,United Kingdom,1976,FES-LIS,1976,National,1,0.162032062,0.174585318,0.193223711,0.193223711,0.174585318,0.162032062,14-Dec-25,0,1,N,,,,,2,1976,0.193223711,0.174585318,0,0,0,0,CPI_v12_M_v01_A
ECA,GBR,United Kingdom,1977,FES-LIS,1977,National,1,0.187698372,0.202240097,0.223830861,0.223830861,0.202240097,0.187698372,14-Dec-25,0,1,N,,,,,2,1977,0.223830861,0.202240097,0,0,0,0,CPI_v12_M_v01_A
ECA,GBR,United Kingdom,1978,FES-LIS,1978,National,1,0.203208149,0.218951478,0.242326316,0.242326316,0.218951478,0.203208149,14-Dec-25,0,1,N,,,,,2,1978,0.242326316,0.218951478,0,0,0,0,CPI_v12_M_v01_A
ECA,GBR,United Kingdom,1979,FES-LIS,1979,National,1,0.230481284,0.248337569,0.27484961,0.27484961,0.248337569,0.230481284,14-Dec-25,0,1,N,,,,,2,1979,0.27484961,0.248337569,0,0,0,0,CPI_v12_M_v01_A
ECA,GBR,United Kingdom,1980,FES-LIS,1980,National,1,0.271889366,0.292953697,0.32422887,0.32422887,0.292953697,0.271889366,14-Dec-25,0,1,N,,,,,2,1980,0.32422887,0.292953697,0,0,0,0,CPI_v12_M_v01_A
ECA,GBR,United Kingdom,1981,FES-LIS,1981,National,1,0.304180674,0.327746739,0.36273635,0.36273635,0.327746739,0.304180674,14-Dec-25,0,1,N,,,,,2,1981,0.36273635,0.327746739,0,0,0,0,CPI_v12_M_v01_A
ECA,GBR,United Kingdom,1982,FES-LIS,1982,National,1,0.33033674,0.355929217,0.393927536,0.393927536,0.355929217,0.33033674,14-Dec-25,0,1,N,,,,,2,1982,0.393927536,0.355929217,0,0,0,0,CPI_v12_M_v01_A
ECA,GBR,United Kingdom,1983,FES-LIS,1983,National,1,0.345562976,0.372335089,0.412084867,0.412084867,0.372335089,0.345562976,14-Dec-25,0,1,N,,,,,2,1983,0.412084867,0.372335089,0,0,0,0,CPI_v12_M_v01_A
ECA,GBR,United Kingdom,1984,FES-LIS,1984,National,1,0.362705359,0.390805559,0.432527209,0.432527209,0.390805559,0.362705359,14-Dec-25,0,1,N,,,,,2,1984,0.432527209,0.390805559,0,0,0,0,CPI_v12_M_v01_A
ECA,GBR,United Kingdom,1985,FES-LIS,1985,National,1,0.384726632,0.414532906,0.458787642,0.458787642,0.414532906,0.384726632,14-Dec-25,0,1,N,,,,,2,1985,0.458787642,0.414532906,0,0,0,0,CPI_v12_M_v01_A
ECA,GBR,United Kingdom,1986,FES-LIS,1986,National,1,0.397913547,0.428741463,0.474513077,0.474513077,0.428741463,0.397913547,14-Dec-25,0,1,N,,,,,2,1986,0.474513077,0.428741463,0,0,0,0,CPI_v12_M_v01_A
ECA,GBR,United Kingdom,1987,FES-LIS,1987,National,1,0.414422656,0.446529597,0.494200238,0.494200238,0.446529597,0.414422656,14-Dec-25,0,1,N,,,,,2,1987,0.494200238,0.446529597,0,0,0,0,CPI_v12_M_v01_A
ECA,GBR,United Kingdom,1988,FES-LIS,1988,National,1,0.431643397,0.465084496,0.514736023,0.514736023,0.465084496,0.431643397,14-Dec-25,0,1,N,,,,,2,1988,0.514736023,0.465084496,0,0,0,0,CPI_v12_M_v01_A
ECA,GBR,United Kingdom,1989,FES-LIS,1989,National,1,0.456507134,0.491874524,0.544386102,0.544386102,0.491874524,0.456507134,14-Dec-25,0,1,N,,,,,2,1989,0.544386102,0.491874524,0,0,0,0,CPI_v12_M_v01_A
ECA,GBR,United Kingdom,1990,FES-LIS,1990,National,1,0.493317388,0.531536612,0.588282439,0.588282439,0.531536612,0.493317388,14-Dec-25,0,1,N,,,,,2,1990,0.588282439,0.531536612,0,0,0,0,CPI_v12_M_v01_A
ECA,GBR,United Kingdom,1991,FES-LIS,1991,National,1,0.530127673,0.571198733,0.632178812,0.632178812,0.571198733,0.530127673,14-Dec-25,0,1,N,,,,,2,1991,0.632178812,0.571198733,0,0,0,0,CPI_v12_M_v01_A
ECA,GBR,United Kingdom,1992,FES-LIS,1992,National,1,0.554468743,0.597425601,0.66120561,0.66120561,0.597425601,0.554468743,14-Dec-25,0,1,N,,,,,2,1992,0.66120561,0.597425601,0,0,0,0,CPI_v12_M_v01_A
ECA,GBR,United Kingdom,1993,FES-LIS,1993,National,1,0.568655252,0.612711194,0.678123063,0.678123063,0.612711194,0.568655252,14-Dec-25,0,1,N,,,,,2,1993,0.678123063,0.612711194,0,0,0,0,CPI_v12_M_v01_A
ECA,GBR,United Kingdom,1994,FRS-LIS,1994,National,1,0.581273791,0.626307341,0.693170709,0.693170709,0.626307341,0.581273791,14-Dec-25,1,1,N,,,,,2,1994,0.693170709,0.626307341,0,0,0,0,CPI_v12_M_v01_A
ECA,GBR,United Kingdom,1995,FRS-LIS,1995,National,1,0.596953607,0.643201933,0.711868935,0.711868935,0.643201933,0.596953607,14-Dec-25,1,1,N,,,,,2,1995,0.711868935,0.643201933,0,0,0,0,CPI_v12_M_v01_A
ECA,GBR,United Kingdom,1996,FRS-LIS,1996,National,1,0.613977467,0.661544698,0.732169938,0.732169938,0.661544698,0.613977467,14-Dec-25,1,1,N,,,,,2,1996,0.732169938,0.661544698,0,0,0,0,CPI_v12_M_v01_A
ECA,GBR,United Kingdom,1997,FRS-LIS,1997,National,1,0.627491953,0.676106204,0.748286003,0.748286003,0.676106204,0.627491953,14-Dec-25,1,1,N,,,,,2,1997,0.748286003,0.676106204,0,0,0,0,CPI_v12_M_v01_A
ECA,GBR,United Kingdom,1998,FRS-LIS,1998,National,1,0.638915835,0.688415139,0.761909016,0.761909016,0.688415139,0.638915835,14-Dec-25,1,1,N,,,,,2,1998,0.761909016,0.688415139,0,0,0,0,CPI_v12_M_v01_A
ECA,GBR,United Kingdom,1999,FRS-LIS,1999,National,1,0.65011573,0.700482733,0.775264923,0.775264923,0.700482733,0.65011573,14-Dec-25,1,1,N,,,,,2,1999,0.775264923,0.700482733,0,0,0,0,CPI_v12_M_v01_A
ECA,GBR,United Kingdom,2000,FRS-LIS,2000,National,1,0.657806313,0.708769136,0.784435966,0.784435966,0.708769136,0.657806313,14-Dec-25,1,1,N,,,,,2,2000,0.784435966,0.708769136,0,0,0,0,CPI_v12_M_v01_A
ECA,GBR,United Kingdom,2001,FRS-LIS,2001,National,1,0.667886212,0.719629964,0.796456276,0.796456276,0.719629964,0.667886212,14-Dec-25,1,1,N,,,,,2,2001,0.796456276,0.719629964,0,0,0,0,CPI_v12_M_v01_A
ECA,GBR,United Kingdom,2002,FRS-LIS,2002,National,1,0.678040773,0.730571239,0.80856562,0.80856562,0.730571239,0.678040773,14-Dec-25,1,1,N,,,,,2,2002,0.80856562,0.730571239,0,0,0,0,CPI_v12_M_v01_A
ECA,GBR,United Kingdom,2003,FRS-LIS,2003,National,1,0.687373988,0.740627534,0.819695506,0.819695506,0.740627534,0.687373988,14-Dec-25,1,1,N,,,,,2,2003,0.819695506,0.740627534,0,0,0,0,CPI_v12_M_v01_A
ECA,GBR,United Kingdom,2004,FRS-LIS,2004,National,1,0.696931251,0.750925236,0.831092571,0.831092571,0.750925236,0.696931251,14-Dec-25,1,1,N,,,,,2,2004,0.831092571,0.750925236,0,0,0,0,CPI_v12_M_v01_A
ECA,GBR,United Kingdom,2005,FRS-LIS,2005,National,1,0.711491071,0.766613062,0.848455199,0.848455199,0.766613062,0.711491071,14-Dec-25,1,1,N,,,,,2,2005,0.848455199,0.766613062,0,0,0,0,CPI_v12_M_v01_A
ECA,GBR,United Kingdom,2006,FRS-LIS,2006,National,1,0.728962905,0.785438507,0.869290412,0.869290412,0.785438507,0.728962905,14-Dec-25,1,1,N,,,,,2,2006,0.869290412,0.785438507,0,0,0,0,CPI_v12_M_v01_A
ECA,GBR,United Kingdom,2007,FRS-LIS,2007,National,1,0.746360014,0.804183438,0.890036516,0.890036516,0.804183438,0.746360014,14-Dec-25,1,1,N,,,,,2,2007,0.890036516,0.804183438,0,0,0,0,CPI_v12_M_v01_A
ECA,GBR,United Kingdom,2008,FRS-LIS,2008,National,1,0.772642426,0.832502051,0.92137837,0.92137837,0.832502051,0.772642426,14-Dec-25,1,1,N,,,,,2,2008,0.92137837,0.832502051,0,0,0,0,CPI_v12_M_v01_A
ECA,GBR,United Kingdom,2009,FRS-LIS,2009,National,1,0.787799606,0.848833517,0.939453352,0.939453352,0.848833517,0.787799606,14-Dec-25,1,1,N,,,,,2,2009,0.939453352,0.848833517,0,0,0,0,CPI_v12_M_v01_A
ECA,GBR,United Kingdom,2010,FRS-LIS,2010,National,1,0.807436707,0.869991981,0.962870652,0.962870652,0.869991981,0.807436707,14-Dec-25,1,1,N,,,,,2,2010,0.962870652,0.869991981,0,0,0,0,CPI_v12_M_v01_A
ECA,GBR,United Kingdom,2011,FRS-LIS,2011,National,1,0.838572351,0.903539825,1,1,0.903539825,0.838572351,14-Dec-25,1,1,N,,,,,2,2011,1,0.903539825,0,0,0,0,CPI_v12_M_v01_A
ECA,GBR,United Kingdom,2012,FRS-LIS,2012,National,1,0.860150794,0.926790034,1.025732357,1.025732357,0.926790034,0.860150794,14-Dec-25,1,1,N,,,,,2,2012,1.025732357,0.926790034,0,0,0,0,CPI_v12_M_v01_A
ECA,GBR,United Kingdom,2013,FRS-LIS,2013,National,1,0.879862619,0.948029011,1.049238766,1.049238766,0.948029011,0.879862619,14-Dec-25,1,1,N,,,,,2,2013,1.049238766,0.948029011,0,0,0,0,CPI_v12_M_v01_A
ECA,GBR,United Kingdom,2014,FRS-LIS,2014,National,1,0.892630483,0.961786051,1.064464481,1.064464481,0.961786051,0.892630483,14-Dec-25,1,1,N,,,,,2,2014,1.064464481,0.961786051,0,0,0,0,CPI_v12_M_v01_A
ECA,GBR,United Kingdom,2015,FRS-LIS,2015,National,1,0.895915746,0.965325836,1.068382167,1.068382167,0.965325836,0.895915746,14-Dec-25,1,1,N,,,,,2,2015,1.068382167,0.965325836,0,0,0,0,CPI_v12_M_v01_A
ECA,GBR,United Kingdom,2016,FRS-LIS,2016,National,1,0.904950312,0.975060345,1.079155913,1.079155913,0.975060345,0.904950312,14-Dec-25,1,1,N,,,,,2,2016,1.079155913,0.975060345,0,0,0,0,CPI_v12_M_v01_A
ECA,GBR,United Kingdom,2017,FRS-LIS,2017,National,1,0.928096724,1,1.106758078,1.106758078,1,0.928096724,14-Dec-25,1,1,N,,,,,2,2017,1.106758078,1,0,0,0,0,CPI_v12_M_v01_A
ECA,GBR,United Kingdom,2018,FRS-LIS,2018,National,1,0.949376518,1.022928423,1.132134295,1.132134295,1.022928423,0.949376518,14-Dec-25,1,1,N,,,,,2,2018,1.132134295,1.022928423,0,0,0,0,CPI_v12_M_v01_A
ECA,GBR,United Kingdom,2019,FRS-LIS,2019,National,1,0.96587768,1.040707994,1.151811979,1.151811979,1.040707994,0.96587768,14-Dec-25,1,1,N,,,,,2,2019,1.151811979,1.040707994,0,0,0,0,CPI_v12_M_v01_A
ECA,GBR,United Kingdom,2020,FRS-LIS,2020,National,1,0.975434882,1.05100563,1.16320897,1.16320897,1.05100563,0.975434882,14-Dec-25,1,1,N,,,,,2,2020,1.16320897,1.05100563,0,0,0,0,CPI_v12_M_v01_A
ECA,GBR,United Kingdom,2021,FRS-LIS,2021,National,1,1,1.077473904,1.192502947,1.192502947,1.077473904,1,14-Dec-25,1,1,N,,,,,2,2021,1.192502947,1.077473904,0,0,0,0,CPI_v12_M_v01_A
ECA,GEO,Georgia,1996,HIS,1996,National,1,0.249379513,0.309284727,0.353843789,0.353843789,0.309284727,0.249379513,14-Dec-25,0,1,N,,,,,2,1996,0.353843789,0.309284727,0,0,0,0,CPI_v12_M_v01_A
ECA,GEO,Georgia,1997,HIS,1997,National,1,0.267054591,0.331205662,0.378922901,0.378922901,0.331205662,0.267054591,14-Dec-25,1,1,N,,,,,2,1997,0.378922901,0.331205662,0,0,0,0,CPI_v12_M_v01_A
ECA,GEO,Georgia,1998,HIS,1998,National,1,0.27657989,0.3430191,0.392438317,0.392438317,0.3430191,0.27657989,14-Dec-25,2,1,N,,,,,2,1998,0.392438317,0.3430191,0,0,0,0,CPI_v12_M_v01_A
ECA,GEO,Georgia,1999,HIS,1999,National,1,0.329662987,0.408853662,0.467757752,0.467757752,0.408853662,0.329662987,14-Dec-25,2,1,N,,,,,2,1999,0.467757752,0.408853662,0,0,0,0,CPI_v12_M_v01_A
ECA,GEO,Georgia,2000,HIS,2000,National,1,0.343060367,0.425469322,0.486767252,0.486767252,0.425469322,0.343060367,14-Dec-25,2,1,N,,,,,2,2000,0.486767252,0.425469322,0,0,0,0,CPI_v12_M_v01_A
ECA,GEO,Georgia,2001,HIS,2001,National,1,0.358999092,0.445236801,0.509382658,0.509382658,0.445236801,0.358999092,14-Dec-25,2,1,N,,,,,2,2001,0.509382658,0.445236801,0,0,0,0,CPI_v12_M_v01_A
ECA,GEO,Georgia,2002,HIS,2002,National,1,0.379059397,0.470115932,0.537846159,0.537846159,0.470115932,0.379059397,14-Dec-25,2,1,N,,,,,2,2002,0.537846159,0.470115932,0,0,0,0,CPI_v12_M_v01_A
ECA,GEO,Georgia,2003,HIS,2003,National,1,0.39711936,0.492514207,0.563471383,0.563471383,0.492514207,0.39711936,14-Dec-25,2,1,N,,,,,2,2003,0.563471383,0.492514207,0,0,0,0,CPI_v12_M_v01_A
ECA,GEO,Georgia,2004,HIS,2004,National,1,0.419608583,0.520405725,0.595381269,0.595381269,0.520405725,0.419608583,14-Dec-25,2,1,N,,,,,2,2004,0.595381269,0.520405725,0,0,0,0,CPI_v12_M_v01_A
ECA,GEO,Georgia,2005,HIS,2005,National,1,0.454275464,0.563400182,0.644569995,0.644569995,0.563400182,0.454275464,14-Dec-25,2,1,N,,,,,2,2005,0.644569995,0.563400182,0,0,0,0,CPI_v12_M_v01_A
ECA,GEO,Georgia,2006,HIS,2006,National,1,0.495891474,0.615013068,0.703618818,0.703618818,0.615013068,0.495891474,14-Dec-25,2,1,N,,,,,2,2006,0.703618818,0.615013068,0,0,0,0,CPI_v12_M_v01_A
ECA,GEO,Georgia,2007,HIS,2007,National,1,0.541736139,0.671870405,0.768667666,0.768667666,0.671870405,0.541736139,14-Dec-25,2,1,N,,,,,2,2007,0.768667666,0.671870405,0,0,0,0,CPI_v12_M_v01_A
ECA,GEO,Georgia,2008,HIS,2008,National,1,0.595906989,0.739054017,0.845530511,0.845530511,0.739054017,0.595906989,14-Dec-25,2,1,N,,,,,2,2008,0.845530511,0.739054017,0,0,0,0,CPI_v12_M_v01_A
ECA,GEO,Georgia,2009,HIS,2009,National,1,0.606201364,0.751821277,0.860137167,0.860137167,0.751821277,0.606201364,14-Dec-25,2,1,N,,,,,2,2009,0.860137167,0.751821277,0,0,0,0,CPI_v12_M_v01_A
ECA,GEO,Georgia,2010,HIS,2010,National,1,0.649303363,0.805277111,0.921294454,0.921294454,0.805277111,0.649303363,14-Dec-25,2,1,N,,,,,2,2010,0.921294454,0.805277111,0,0,0,0,CPI_v12_M_v01_A
ECA,GEO,Georgia,2011,HIS,2011,National,1,0.704772899,0.874071376,1,1,0.874071376,0.704772899,14-Dec-25,2,1,N,,,,,2,2011,1,0.874071376,0,0,0,0,CPI_v12_M_v01_A
ECA,GEO,Georgia,2012,HIS,2012,National,1,0.698122285,0.865823171,0.990563466,0.990563466,0.865823171,0.698122285,14-Dec-25,2,1,N,,,,,2,2012,0.990563466,0.865823171,0,0,0,0,CPI_v12_M_v01_A
ECA,GEO,Georgia,2013,HIS,2013,National,1,0.694547481,0.861389638,0.985491187,0.985491187,0.861389638,0.694547481,14-Dec-25,2,1,N,,,,,2,2013,0.985491187,0.861389638,0,0,0,0,CPI_v12_M_v01_A
ECA,GEO,Georgia,2014,HIS,2014,National,1,0.715861813,0.887824036,1.015734024,1.015734024,0.887824036,0.715861813,14-Dec-25,2,1,N,,,,,2,2014,1.015734024,0.887824036,0,0,0,0,CPI_v12_M_v01_A
ECA,GEO,Georgia,2015,HIS,2015,National,1,0.744521924,0.923368795,1.056399764,1.056399764,0.923368795,0.744521924,14-Dec-25,2,1,N,,,,,2,2015,1.056399764,0.923368795,0,0,0,0,CPI_v12_M_v01_A
ECA,GEO,Georgia,2016,HIS,2016,National,1,0.760416907,0.943082024,1.078953104,1.078953104,0.943082024,0.760416907,14-Dec-25,2,1,N,,,,,2,2016,1.078953104,0.943082024,0,0,0,0,CPI_v12_M_v01_A
ECA,GEO,Georgia,2017,HIS,2017,National,1,0.806310467,1,1.144071328,1.144071328,1,0.806310467,14-Dec-25,2,1,N,,,,,2,2017,1.144071328,1,0,0,0,0,CPI_v12_M_v01_A
ECA,GEO,Georgia,2018,HIS,2018,National,1,0.827397469,1.02615246,1.173991608,1.173991608,1.02615246,0.827397469,14-Dec-25,2,1,N,,,,,2,2018,1.173991608,1.02615246,0,0,0,0,CPI_v12_M_v01_A
ECA,GEO,Georgia,2019,HIS,2019,National,1,0.867550278,1.075950659,1.230964299,1.230964299,1.075950659,0.867550278,14-Dec-25,2,1,N,,,,,2,2019,1.230964299,1.075950659,0,0,0,0,CPI_v12_M_v01_A
ECA,GEO,Georgia,2020,HIS,2020,National,1,0.912684272,1.131926609,1.295004779,1.295004779,1.131926609,0.912684272,14-Dec-25,2,1,N,,,,,2,2020,1.295004779,1.131926609,0,0,0,0,CPI_v12_M_v01_A
ECA,GEO,Georgia,2021,HIS,2021,National,1,1,1.240217065,1.418896784,1.418896784,1.240217065,1,14-Dec-25,2,1,N,,,,,2,2021,1.418896784,1.240217065,0,0,0,0,CPI_v12_M_v01_A
ECA,GEO,Georgia,2022,HIS,2022,National,1,1.118981651,1.387780139,1.587719467,1.587719467,1.387780139,1.118981651,14-Dec-25,2,1,N,,,,,2,2022,1.587719467,1.387780139,0,0,0,0,CPI_v12_M_v01_A
ECA,GEO,Georgia,2023,HIS,2023,National,1,1.146819185,1.422304724,1.627218054,1.627218054,1.422304724,1.146819185,14-Dec-25,2,1,N,,,,,2,,,,1,1,1,1,CPI_v12_M_v01_A
,GHA,Ghana,1987,GLSS-I,1987.5,National,1,,,,65.53036626,37.26331983,26.69531619,14-Dec-25,0,10000,N,-9,,0,,2,1987.5,65.53036499,37.26331711,0,0,0,0,CPI_v12_M_v01_A
,GHA,Ghana,1988,GLSS-II,1988.5,National,1,,,,83.79738778,47.6507144,34.13681407,14-Dec-25,0,10000,N,-9,,0,,2,1988.5,83.79738617,47.65071487,0,0,0,0,CPI_v12_M_v01_A
,GHA,Ghana,1991,GLSS-III,1991.73,National,1,,,,0.016204556,0.009214592,0.006601303,14-Dec-25,1,1,N,-9,,1,,2,1991.73,0.016204556,0.009214592,0,0,0,0,CPI_v12_M_v01_A
,GHA,Ghana,1998,GLSS-IV,1998.18,National,1,,,,0.089899503,0.051120635,0.036622655,14-Dec-25,1,1,N,-9,,1,,2,1998.18,0.100785889,0.057311099,1,0,1,0,CPI_v12_M_v01_A
,GHA,Ghana,2005,GLSS-V,2005.67,National,1,,,,0.386741668,0.219917566,0.157548219,14-Dec-25,1,1,N,-9,,1,,2,2005.67,0.386741668,0.21991758,0,0,0,0,CPI_v12_M_v01_A
,GHA,Ghana,2012,GLSS-VI,2012.8,National,1,,,,1.276247501,0.725727975,0.519909084,14-Dec-25,1,1,N,-9,,1,,2,2012.8,1.276247501,0.725728035,0,0,0,0,CPI_v12_M_v01_A
,GHA,Ghana,2016,GLSS-VII,2016.75,National,1,,,,1.7101717,0.972475529,0.696678221,14-Dec-25,1,1,N,-9,,1,,2,2016.75,1.7101717,0.972475529,0,0,0,0,CPI_v12_M_v01_A
SSA,GIN,Guinea,1991,ESIP,1991,National,1,0.041162357,0.061630599,0.111075718,0.111075718,0.061630599,0.041162357,14-Dec-25,0,1,N,,,,,2,1991,0.111075718,0.061630599,0,0,0,0,CPI_v12_M_v01_A
SSA,GIN,Guinea,1994,EIBC,1994.08,National,1,0.053808754,0.080565497,0.145201745,0.145201745,0.080565497,0.053808754,14-Dec-25,1,1,N,,,,,2,1994.08,0.145201745,0.080565497,0,0,0,0,CPI_v12_M_v01_A
SSA,GIN,Guinea,2002,EIBEP,2002.25,National,1,0.077649224,0.116260791,0.209534729,0.209534729,0.116260791,0.077649224,14-Dec-25,2,1,N,,,,,2,2002.25,0.209534729,0.116260791,0,0,0,0,CPI_v12_M_v01_A
SSA,GIN,Guinea,2007,ELEP,2007,National,1,0.206088348,0.30856708,0.556124889,0.556124889,0.30856708,0.206088348,14-Dec-25,3,1,N,,,,,2,2007,0.556124889,0.30856708,0,0,0,0,CPI_v12_M_v01_A
SSA,GIN,Guinea,2012,ELEP,2012,National,1,0.427004757,0.63933557,1.152262979,1.152262979,0.63933557,0.427004757,14-Dec-25,3,1,N,,,,,2,2012,1.152262979,0.63933557,0,0,0,0,CPI_v12_M_v01_A
SSA,GIN,Guinea,2018,EHCVM,2018.5,National,1,0.768258307,1.150279603,2.073128204,2.073128204,1.150279603,0.768258307,14-Dec-25,4,1,N,,,,,2,2018.5,2.073128204,1.150279603,0,0,0,0,CPI_v12_M_v01_A
SSA,GMB,"Gambia, The",1998,HPS,1998,National,1,0.247824225,0.321618081,0.4645976,0.4645976,0.321618081,0.247824225,14-Dec-25,0,1,N,,,,,2,1998,0.4645976,0.321618081,0,0,0,0,CPI_v12_M_v01_A
SSA,GMB,"Gambia, The",2003,HIS,2003.29,National,1,0.358780409,0.465613344,0.672607839,0.672607839,0.465613344,0.358780409,14-Dec-25,1,1,N,,,,,2,2003.29,0.672607839,0.465613344,0,0,0,0,CPI_v12_M_v01_A
SSA,GMB,"Gambia, The",2010,IHS,2010.08,National,1,0.510958521,0.663105063,0.957897082,0.957897082,0.663105063,0.510958521,14-Dec-25,2,1,N,,,,,2,2010.08,0.957897082,0.663105063,0,0,0,0,CPI_v12_M_v01_A
SSA,GMB,"Gambia, The",2015,IHS,2015.31,National,1,0.680072845,0.882576038,1.274936746,1.274936746,0.882576038,0.680072845,14-Dec-25,3,1,N,,,,,2,2015.31,1.274936746,0.882576038,0,0,0,0,CPI_v12_M_v01_A
SSA,GMB,"Gambia, The",2020,IHS,2020.08,National,1,0.936847384,1.215809539,1.756313553,1.756313553,1.215809539,0.936847384,14-Dec-25,3,1,N,,,,,2,2020.08,1.756313553,1.215809539,0,0,0,0,CPI_v12_M_v01_A
SSA,GNB,Guinea-Bissau,1991,ILJF,1991,National,1,0.061934093,0.064447604,0.068722318,0.068722318,0.064447604,0.061934093,14-Dec-25,0,1,N,,,,,2,1991,0.068722318,0.064447604,0,0,0,0,CPI_v12_M_v01_A
SSA,GNB,Guinea-Bissau,1993,ICOF,1993,National,1,0.155558132,0.161871246,0.172607925,0.172607925,0.161871246,0.155558132,14-Dec-25,1,1,N,,,,,2,1993,0.172607925,0.161871246,0,0,0,0,CPI_v12_M_v01_A
SSA,GNB,Guinea-Bissau,2002,ILAP-I,2002,National,1,0.717975294,0.747113341,0.79666826,0.79666826,0.747113341,0.717975294,14-Dec-25,2,1,N,,,,,2,2002,0.79666826,0.747113341,0,0,0,0,CPI_v12_M_v01_A
SSA,GNB,Guinea-Bissau,2010,ILAP-II,2010,National,1,0.857930354,0.892748286,0.951962955,0.951962955,0.892748286,0.857930354,14-Dec-25,3,1,N,,,,,2,2010,0.951962955,0.892748286,0,0,0,0,CPI_v12_M_v01_A
SSA,GNB,Guinea-Bissau,2018,EHCVM,2018.43,National,1,0.965686614,1.004877687,1.071529733,1.071529733,1.004877687,0.965686614,14-Dec-25,4,1,N,,,,,2,2018.43,1.071529733,1.004877687,0,0,0,0,CPI_v12_M_v01_A
SSA,GNB,Guinea-Bissau,2021,EHCVM,2021.75,National,1,1.030360208,1.072175971,1.143291811,1.143291811,1.072175971,1.030360208,14-Dec-25,4,1,N,,,,,2,2021.75,1.143291811,1.072175971,0,0,0,0,CPI_v12_M_v01_A
SSA,GNQ,Equatorial Guinea,2022,ENH2,2022.61,National,1,1.070632883,1.149786253,1.329513225,1.329513225,1.149786253,1.070632883,14-Dec-25,0,1,N,,,,,2,,,,1,1,1,1,CPI_v12_M_v01_A
ECA,GRC,Greece,1995,ECHP-LIS,1995,National,1,0.559406575,0.56410798,0.551715486,187.997052,192.2197943,190.6177905,14-Dec-25,0,0.002934703,N,,,,,2,1995,187.997052,192.2197943,0,0,0,0,CPI_v12_M_v01_A
ECA,GRC,Greece,2000,ECHP-LIS,2000,National,1,0.708486369,0.714440681,0.698745634,238.0975747,243.4456622,241.4167303,14-Dec-25,0,0.002934703,N,,,,,2,2000,238.0975747,243.4456622,0,0,0,0,CPI_v12_M_v01_A
ECA,GRC,Greece,2003,EU-SILC,2003,National,1,0.78576822,0.79237203,0.774964963,0.774964963,0.79237203,0.78576822,14-Dec-25,1,1,N,,,,,2,2003,0.774964963,0.79237203,0,0,0,0,CPI_v12_M_v01_A
ECA,GRC,Greece,2004,EU-SILC,2004,National,1,0.808546455,0.8153417,0.797430028,0.797430028,0.8153417,0.808546455,14-Dec-25,1,1,N,,,,,2,2004,0.797430028,0.8153417,0,0,0,0,CPI_v12_M_v01_A
ECA,GRC,Greece,2005,EU-SILC,2005,National,1,0.837210023,0.844246164,0.82569951,0.82569951,0.844246164,0.837210023,14-Dec-25,1,1,N,,,,,2,2005,0.82569951,0.844246164,0,0,0,0,CPI_v12_M_v01_A
ECA,GRC,Greece,2006,EU-SILC,2006,National,1,0.863966789,0.871227801,0.852088407,0.852088407,0.871227801,0.863966789,14-Dec-25,1,1,N,,,,,2,2006,0.852088407,0.871227801,0,0,0,0,CPI_v12_M_v01_A
ECA,GRC,Greece,2007,EU-SILC,2007,National,1,0.888978685,0.896449904,0.876756423,0.876756423,0.896449904,0.888978685,14-Dec-25,1,1,N,,,,,2,2007,0.876756423,0.896449904,0,0,0,0,CPI_v12_M_v01_A
ECA,GRC,Greece,2008,EU-SILC,2008,National,1,0.925896152,0.933677635,0.913166324,0.913166324,0.933677635,0.925896152,14-Dec-25,1,1,N,,,,,2,2008,0.913166324,0.933677635,0,0,0,0,CPI_v12_M_v01_A
ECA,GRC,Greece,2009,EU-SILC,2009,National,1,0.937100167,0.944975812,0.924216299,0.924216299,0.944975812,0.937100167,14-Dec-25,1,1,N,,,,,2,2009,0.924216299,0.944975812,0,0,0,0,CPI_v12_M_v01_A
ECA,GRC,Greece,2010,EU-SILC,2010,National,1,0.981265577,0.989512401,0.967774494,0.967774494,0.989512401,0.981265577,14-Dec-25,1,1,N,,,,,2,2010,0.967774494,0.989512401,0,0,0,0,CPI_v12_M_v01_A
ECA,GRC,Greece,2011,EU-SILC,2011,National,1,1.013940317,1.022461747,1,1,1.022461747,1.013940317,14-Dec-25,1,1,N,,,,,2,2011,1,1.022461747,0,0,0,0,CPI_v12_M_v01_A
ECA,GRC,Greece,2012,EU-SILC,2012,National,1,1.029164861,1.037814243,1.015015227,1.015015227,1.037814243,1.029164861,14-Dec-25,1,1,N,,,,,2,2012,1.015015227,1.037814243,0,0,0,0,CPI_v12_M_v01_A
ECA,GRC,Greece,2013,EU-SILC,2013,National,1,1.019683481,1.028253179,1.005664204,1.005664204,1.028253179,1.019683481,14-Dec-25,1,1,N,,,,,2,2013,1.005664204,1.028253179,0,0,0,0,CPI_v12_M_v01_A
ECA,GRC,Greece,2014,EU-SILC,2014,National,1,1.006302553,1.014759794,0.992467245,0.992467245,1.014759794,1.006302553,14-Dec-25,1,1,N,,,,,2,2014,0.992467245,1.014759794,0,0,0,0,CPI_v12_M_v01_A
ECA,GRC,Greece,2015,EU-SILC,2015,National,1,0.988834316,0.997144749,0.975239173,0.975239173,0.997144749,0.988834316,14-Dec-25,1,1,N,,,,,2,2015,0.975239173,0.997144749,0,0,0,0,CPI_v12_M_v01_A
ECA,GRC,Greece,2016,EU-SILC,2016,National,1,0.980669955,0.988911772,0.967187061,0.967187061,0.988911772,0.980669955,14-Dec-25,1,1,N,,,,,2,2016,0.967187061,0.988911772,0,0,0,0,CPI_v12_M_v01_A
ECA,GRC,Greece,2017,EU-SILC,2017,National,1,0.991665771,1,0.978031699,0.978031699,1,0.991665771,14-Dec-25,1,1,N,,,,,2,2017,0.978031699,1,0,0,0,0,CPI_v12_M_v01_A
ECA,GRC,Greece,2018,EU-SILC,2018,National,1,0.997869802,1.006256172,0.984150433,0.984150433,1.006256172,0.997869802,14-Dec-25,1,1,N,,,,,2,2018,0.984150433,1.006256172,0,0,0,0,CPI_v12_M_v01_A
ECA,GRC,Greece,2019,EU-SILC,2019,National,1,1.000394537,1.008802125,0.986640456,0.986640456,1.008802125,1.000394537,14-Dec-25,1,1,N,,,,,2,2019,0.986640456,1.008802125,0,0,0,0,CPI_v12_M_v01_A
ECA,GRC,Greece,2020,EU-SILC,2020,National,1,0.987909738,0.9962124,0.974327307,0.974327307,0.9962124,0.987909738,14-Dec-25,1,1,N,,,,,2,2020,0.974327307,0.9962124,0,0,0,0,CPI_v12_M_v01_A
ECA,GRC,Greece,2021,EU-SILC,2021,National,1,1,1.008404272,0.986251344,0.986251344,1.008404272,1,14-Dec-25,1,1,N,,,,,2,2021,0.986251344,1.008404272,0,0,0,0,CPI_v12_M_v01_A
ECA,GRC,Greece,2022,EU-SILC,2022,National,1,1.09645266,1.105667546,1.081377909,1.081377909,1.105667546,1.09645266,14-Dec-25,1,1,N,,,,,2,,,,1,1,1,1,CPI_v12_M_v01_A
LAC,GRD,Grenada,2018,SLCHB,2018.36,National,1,0.984890595,1.003440156,1.037875856,1.037875856,1.003440156,0.984890595,14-Dec-25,0,1,N,,,,,2,2018.36,1.037875856,1.003440156,0,0,0,0,CPI_v12_M_v01_A
LAC,GTM,Guatemala,1986,ENSD,1986.5,National,1,0.064363464,0.074520632,0.093200215,0.093200215,0.074520632,0.064363464,14-Dec-25,0,1,N,,,,,2,1986.5,0.093200215,0.074520632,0,0,0,0,CPI_v12_M_v01_A
LAC,GTM,Guatemala,1989,ENSD,1989,National,1,0.084070645,0.097337795,0.121736803,0.121736803,0.097337795,0.084070645,14-Dec-25,0,1,N,,,,,2,1989,0.121736803,0.097337795,0,0,0,0,CPI_v12_M_v01_A
LAC,GTM,Guatemala,1998,ENIGF,1998,National,1,0.303504926,0.351400897,0.439484186,0.439484186,0.351400897,0.303504926,14-Dec-25,1,1,N,,,,,2,1998,0.439484186,0.351400897,0,0,0,0,CPI_v12_M_v01_A
LAC,GTM,Guatemala,2000,ENCOVI,2000,National,1,0.338308597,0.391696919,0.48988094,0.48988094,0.391696919,0.338308597,14-Dec-25,2,1,N,,,,,2,2000,0.48988094,0.391696919,0,0,0,0,CPI_v12_M_v01_A
LAC,GTM,Guatemala,2006,ENCOVI,2006,National,1,0.520574607,0.602726244,0.75380756,0.75380756,0.602726244,0.520574607,14-Dec-25,2,1,N,,,,,2,2006,0.75380756,0.602726244,0,0,0,0,CPI_v12_M_v01_A
LAC,GTM,Guatemala,2014,ENCOVI,2014,National,1,0.776722004,0.899296143,1.124716633,1.124716633,0.899296143,0.776722004,14-Dec-25,2,1,N,,,,,2,2014,1.124716633,0.899296143,0,0,0,0,CPI_v12_M_v01_A
LAC,GTM,Guatemala,2023,ENCOVI,2023,National,1,1.133379392,1.312237467,1.641167169,1.641167169,1.312237467,1.133379392,14-Dec-25,2,1,N,,,,,2,,,,1,1,1,1,CPI_v12_M_v01_A
LAC,GUY,Guyana,1992,GLSMS,1992.5,National,1,0.263581791,0.289095021,0.309464166,0.309464166,0.289095021,0.263581791,14-Dec-25,0,1,N,,,,,2,1992.5,0.309464166,0.289095021,0,0,0,0,CPI_v12_M_v01_A
LAC,GUY,Guyana,1998,GLSMS,1998,National,1,0.40113139,0.439958645,0.470957384,0.470957384,0.439958645,0.40113139,14-Dec-25,0,1,N,,,,,2,1998,0.470957384,0.439958645,0,0,0,0,CPI_v12_M_v01_A
LAC,HND,Honduras,1986,ECSFT,1986,National,1,0.038244801,0.045025332,0.058221889,0.058221889,0.045025332,0.038244801,14-Dec-25,0,1,U,,,,,2,1986,0.058221889,0.045025332,0,0,0,0,CPI_v12_M_v01_A
LAC,HND,Honduras,1989,EPHPM,1989,National,1,0.044990774,0.052967318,0.068491606,0.068491606,0.052967318,0.044990774,14-Dec-25,1,1,N,,,,,2,1989,0.068491606,0.052967318,0,0,0,0,CPI_v12_M_v01_A
LAC,HND,Honduras,1990,EPHPM,1990,National,1,0.052950529,0.062338281,0.080609122,0.080609122,0.062338281,0.052950529,14-Dec-25,2,1,N,,,,,2,1990,0.080609122,0.062338281,0,0,0,0,CPI_v12_M_v01_A
LAC,HND,Honduras,1991,EPHPM,1991,National,1,0.073579833,0.086625014,0.112014098,0.112014098,0.086625014,0.073579833,14-Dec-25,3,1,N,,,,,2,1991,0.112014098,0.086625014,0,0,0,0,CPI_v12_M_v01_A
LAC,HND,Honduras,1992,EPHPM,1992,National,1,0.080594986,0.094883903,0.122693599,0.122693599,0.094883903,0.080594986,14-Dec-25,3,1,N,,,,,2,1992,0.122693599,0.094883903,0,0,0,0,CPI_v12_M_v01_A
LAC,HND,Honduras,1993,EPHPM,1993,National,1,0.087590321,0.103119462,0.133342933,0.133342933,0.103119462,0.087590321,14-Dec-25,3,1,N,,,,,2,1993,0.133342933,0.103119462,0,0,0,0,CPI_v12_M_v01_A
LAC,HND,Honduras,1994,EPHPM,1994,National,1,0.114461922,0.134755206,0.174250856,0.174250856,0.134755206,0.114461922,14-Dec-25,3,1,N,,,,,2,1994,0.174250856,0.134755206,0,0,0,0,CPI_v12_M_v01_A
LAC,HND,Honduras,1995,EPHPM,1995,National,1,0.138915872,0.163544667,0.211478272,0.211478272,0.163544667,0.138915872,14-Dec-25,3,1,N,,,,,2,1995,0.211478272,0.163544667,0,0,0,0,CPI_v12_M_v01_A
LAC,HND,Honduras,1996,EPHPM,1996,National,1,0.168474971,0.198344383,0.256477501,0.256477501,0.198344383,0.168474971,14-Dec-25,3,1,N,,,,,2,1996,0.256477501,0.198344383,0,0,0,0,CPI_v12_M_v01_A
LAC,HND,Honduras,1997,EPHPM,1997,National,1,0.207310826,0.244065559,0.315599181,0.315599181,0.244065559,0.207310826,14-Dec-25,3,1,N,,,,,2,1997,0.315599181,0.244065559,0,0,0,0,CPI_v12_M_v01_A
LAC,HND,Honduras,1998,EPHPM,1998,National,1,0.235529685,0.277287421,0.358558099,0.358558099,0.277287421,0.235529685,14-Dec-25,3,1,N,,,,,2,1998,0.358558099,0.277287421,0,0,0,0,CPI_v12_M_v01_A
LAC,HND,Honduras,1999,EPHPM,1999,National,1,0.262072177,0.308535707,0.398965002,0.398965002,0.308535707,0.262072177,14-Dec-25,3,1,N,,,,,2,1999,0.398965002,0.308535707,0,0,0,0,CPI_v12_M_v01_A
LAC,HND,Honduras,2001,EPHPM,2001,National,1,0.322862514,0.380103738,0.491509038,0.491509038,0.380103738,0.322862514,14-Dec-25,4,1,N,,,,,2,2001,0.491509038,0.380103738,0,0,0,0,CPI_v12_M_v01_A
LAC,HND,Honduras,2002,EPHPM,2002,National,1,0.345611175,0.406885575,0.526140413,0.526140413,0.406885575,0.345611175,14-Dec-25,4,1,N,,,,,2,2002,0.526140413,0.406885575,0,0,0,0,CPI_v12_M_v01_A
LAC,HND,Honduras,2003,EPHPM,2003,National,1,0.37355064,0.439778508,0.568673996,0.568673996,0.439778508,0.37355064,14-Dec-25,4,1,N,,,,,2,2003,0.568673996,0.439778508,0,0,0,0,CPI_v12_M_v01_A
LAC,HND,Honduras,2004,EPHPM,2004,National,1,0.403166472,0.474645016,0.613759593,0.613759593,0.474645016,0.403166472,14-Dec-25,4,1,N,,,,,2,2004,0.613759593,0.474645016,0,0,0,0,CPI_v12_M_v01_A
LAC,HND,Honduras,2005,EPHPM,2005,National,1,0.439208381,0.517076899,0.668627914,0.668627914,0.517076899,0.439208381,14-Dec-25,4,1,N,,,,,2,2005,0.668627914,0.517076899,0,0,0,0,CPI_v12_M_v01_A
LAC,HND,Honduras,2006,EPHPM,2006,National,1,0.466030267,0.548654115,0.709460153,0.709460153,0.548654115,0.466030267,14-Dec-25,4,1,N,,,,,2,2006,0.709460153,0.548654115,0,0,0,0,CPI_v12_M_v01_A
LAC,HND,Honduras,2007,EPHPM,2007,National,1,0.494249126,0.581875977,0.752419071,0.752419071,0.581875977,0.494249126,14-Dec-25,4,1,N,,,,,2,2007,0.752419071,0.581875977,0,0,0,0,CPI_v12_M_v01_A
LAC,HND,Honduras,2008,EPHPM,2008,National,1,0.549848661,0.647332912,0.8370609,0.8370609,0.647332912,0.549848661,14-Dec-25,4,1,N,,,,,2,2008,0.8370609,0.647332912,0,0,0,0,CPI_v12_M_v01_A
LAC,HND,Honduras,2009,EPHPM,2009,National,1,0.583655412,0.687133361,0.888526535,0.888526535,0.687133361,0.583655412,14-Dec-25,4,1,N,,,,,2,2009,0.888526535,0.687133361,0,0,0,0,CPI_v12_M_v01_A
LAC,HND,Honduras,2010,EPHPM,2010,National,1,0.609080325,0.717065929,0.927232094,0.927232094,0.717065929,0.609080325,14-Dec-25,4,1,N,,,,,2,2010,0.927232094,0.717065929,0,0,0,0,CPI_v12_M_v01_A
LAC,HND,Honduras,2011,EPHPM,2011,National,1,0.656018625,0.772326056,0.998688513,0.998688513,0.772326056,0.656018625,14-Dec-25,5,1,N,,,,,2,2011,0.998688513,0.772326056,0,0,0,0,CPI_v12_M_v01_A
LAC,HND,Honduras,2012,EPHPM,2012,National,1,0.689825377,0.812126504,1.050154147,1.050154147,0.812126504,0.689825377,14-Dec-25,5,1,N,,,,,2,2012,1.050154147,0.812126504,0,0,0,0,CPI_v12_M_v01_A
LAC,HND,Honduras,2013,EPHPM,2013,National,1,0.72307334,0.851269094,1.10076911,1.10076911,0.851269094,0.72307334,14-Dec-25,5,1,N,,,,,2,2013,1.10076911,0.851269094,0,0,0,0,CPI_v12_M_v01_A
LAC,HND,Honduras,2014,EPHPM,2014,National,1,0.768055878,0.904226715,1.169248178,1.169248178,0.904226715,0.768055878,14-Dec-25,5,1,N,,,,,2,2014,1.169248178,0.904226715,0,0,0,0,CPI_v12_M_v01_A
LAC,HND,Honduras,2015,EPHPM,2015,National,1,0.794877764,0.935803931,1.210080417,1.210080417,0.935803931,0.794877764,14-Dec-25,5,1,N,,,,,2,2015,1.210080417,0.935803931,0,0,0,0,CPI_v12_M_v01_A
LAC,HND,Honduras,2016,EPHPM,2016,National,1,0.813597205,0.957842195,1.238577917,1.238577917,0.957842195,0.813597205,14-Dec-25,5,1,N,,,,,2,2016,1.238577917,0.957842195,0,0,0,0,CPI_v12_M_v01_A
LAC,HND,Honduras,2017,EPHPM,2017,National,1,0.846565773,0.996655856,1.288767544,1.288767544,0.996655856,0.846565773,14-Dec-25,5,1,N,,,,,2,2017,1.288767544,0.996655856,0,0,0,0,CPI_v12_M_v01_A
LAC,HND,Honduras,2018,EPHPM,2018,National,1,0.880372525,1.036456304,1.340233179,1.340233179,1.036456304,0.880372525,14-Dec-25,5,1,N,,,,,2,2018,1.340233179,1.036456304,0,0,0,0,CPI_v12_M_v01_A
LAC,HND,Honduras,2019,EPHPM,2019,National,1,0.925634457,1.089742855,1.409137582,1.409137582,1.089742855,0.925634457,14-Dec-25,5,1,N,,,,,2,2019,1.409137582,1.089742855,0,0,0,0,CPI_v12_M_v01_A
LAC,HND,Honduras,2023,EPHPM,2023,National,1,1.154179277,1.358807043,1.757062285,1.757062285,1.358807043,1.154179277,14-Dec-25,5,1,N,,,,,2,,,,1,1,1,1,CPI_v12_M_v01_A
ECA,HRV,Croatia,1988,HBS,1988,National,1,1.05545E-05,1.10885E-05,1.16405E-05,1.16405E-05,1.10885E-05,1.05545E-05,14-Dec-25,0,1,N,,,,,2,1988,1.16405E-05,1.10885E-05,0,0,0,0,CPI_v12_M_v01_A
ECA,HRV,Croatia,1998,HBS,1998,National,1,0.617686313,0.648933555,0.68123827,0.68123827,0.648933555,0.617686313,14-Dec-25,1,1,N,,,,,2,1998,0.68123827,0.648933555,0,0,0,0,CPI_v12_M_v01_A
ECA,HRV,Croatia,1999,HBS,1999,National,1,0.642512037,0.675015152,0.708618241,0.708618241,0.675015152,0.642512037,14-Dec-25,2,1,N,,,,,2,1999,0.708618241,0.675015152,0,0,0,0,CPI_v12_M_v01_A
ECA,HRV,Croatia,2000,HBS,2000,National,1,0.672140288,0.706142223,0.741294856,0.741294856,0.706142223,0.672140288,14-Dec-25,2,1,N,,,,,2,2000,0.741294856,0.706142223,0,0,0,0,CPI_v12_M_v01_A
ECA,HRV,Croatia,2001,HBS,2001,National,1,0.697524983,0.732811068,0.769291309,0.769291309,0.732811068,0.697524983,14-Dec-25,2,1,N,,,,,2,2001,0.769291309,0.732811068,0,0,0,0,CPI_v12_M_v01_A
ECA,HRV,Croatia,2004,HBS,2004,National,1,0.736554015,0.773814484,0.812335925,0.812335925,0.773814484,0.736554015,14-Dec-25,1,1,N,,,,,2,2004,0.812335925,0.773814484,0,0,0,0,CPI_v12_M_v01_A
ECA,HRV,Croatia,2008,HBS,2008,National,1,0.857131571,0.900491764,0.945319357,0.945319357,0.900491764,0.857131571,14-Dec-25,1,1,N,,,,,2,2008,0.945319357,0.900491764,0,0,0,0,CPI_v12_M_v01_A
ECA,HRV,Croatia,2009,EU-SILC,2009,National,1,0.877518668,0.921910194,0.967804023,0.967804023,0.921910194,0.877518668,14-Dec-25,3,1,N,,,,,2,2009,0.967804023,0.921910194,0,0,0,0,CPI_v12_M_v01_A
ECA,HRV,Croatia,2009,HBS,2009,National,1,0.877518668,0.921910194,0.967804023,0.967804023,0.921910194,0.877518668,14-Dec-25,1,1,N,,,,,2,2009,0.967804023,0.921910194,0,0,0,0,CPI_v12_M_v01_A
ECA,HRV,Croatia,2010,EU-SILC,2010,National,1,0.886561976,0.931410981,0.977777771,0.977777771,0.931410981,0.886561976,14-Dec-25,3,1,N,,,,,2,2010,0.977777771,0.931410981,0,0,0,0,CPI_v12_M_v01_A
ECA,HRV,Croatia,2010,HBS,2010,National,1,0.886561976,0.931410981,0.977777771,0.977777771,0.931410981,0.886561976,14-Dec-25,1,1,N,,,,,2,2010,0.977777771,0.931410981,0,0,0,0,CPI_v12_M_v01_A
ECA,HRV,Croatia,2011,EU-SILC,2011,National,1,0.906711118,0.952579419,1,1,0.952579419,0.906711118,14-Dec-25,3,1,N,,,,,2,2011,1,0.952579419,0,0,0,0,CPI_v12_M_v01_A
ECA,HRV,Croatia,2012,EU-SILC,2012,National,1,0.93764873,0.985082089,1.034120693,1.034120693,0.985082089,0.93764873,14-Dec-25,3,1,N,,,,,2,2012,1.034120693,0.985082089,0,0,0,0,CPI_v12_M_v01_A
ECA,HRV,Croatia,2013,EU-SILC,2013,National,1,0.958432532,1.006917293,1.05704288,1.05704288,1.006917293,0.958432532,14-Dec-25,3,1,N,,,,,2,2013,1.05704288,1.006917293,0,0,0,0,CPI_v12_M_v01_A
ECA,HRV,Croatia,2014,EU-SILC,2014,National,1,0.956370007,1.004750429,1.054768147,1.054768147,1.004750429,0.956370007,14-Dec-25,3,1,N,,,,,2,2014,1.054768147,1.004750429,0,0,0,0,CPI_v12_M_v01_A
ECA,HRV,Croatia,2015,EU-SILC,2015,National,1,0.951927659,1.000083355,1.04986874,1.04986874,1.000083355,0.951927659,14-Dec-25,3,1,N,,,,,2,2015,1.04986874,1.000083355,0,0,0,0,CPI_v12_M_v01_A
ECA,HRV,Croatia,2016,EU-SILC,2016,National,1,0.941218463,0.988832406,1.038057705,1.038057705,0.988832406,0.941218463,14-Dec-25,3,1,N,,,,,2,2016,1.038057705,0.988832406,0,0,0,0,CPI_v12_M_v01_A
ECA,HRV,Croatia,2017,EU-SILC,2017,National,1,0.951848319,1,1.049781236,1.049781236,1,0.951848319,14-Dec-25,3,1,N,,,,,2,2017,1.049781236,1,0,0,0,0,CPI_v12_M_v01_A
ECA,HRV,Croatia,2018,EU-SILC,2018,National,1,0.966127248,1.015001265,1.065529283,1.065529283,1.015001265,0.966127248,14-Dec-25,3,1,N,,,,,2,2018,1.065529283,1.015001265,0,0,0,0,CPI_v12_M_v01_A
ECA,HRV,Croatia,2019,EU-SILC,2019,National,1,0.973584008,1.022835245,1.073753248,1.073753248,1.022835245,0.973584008,14-Dec-25,3,1,N,,,,,2,2019,1.073753248,1.022835245,0,0,0,0,CPI_v12_M_v01_A
ECA,HRV,Croatia,2020,EU-SILC,2020,National,1,0.975091283,1.024418769,1.075415601,1.075415601,1.024418769,0.975091283,14-Dec-25,3,1,N,,,,,2,2020,1.075415601,1.024418769,0,0,0,0,CPI_v12_M_v01_A
ECA,HRV,Croatia,2021,EU-SILC,2021,National,1,1,1.050587557,1.102887105,1.102887105,1.050587557,1,14-Dec-25,3,1,N,,,,,2,2021,1.102887105,1.050587557,0,0,0,0,CPI_v12_M_v01_A
ECA,HRV,Croatia,2022,EU-SILC,2022,National,1,1.107805834,1.163847025,1.221784768,0.162158706,0.154469046,0.147031101,14-Dec-25,3,7.5345,N,,,,,2,,,,1,1,1,1,CPI_v12_M_v01_A
LAC,HTI,Haiti,2001,ECVH,2001,National,1,0.118920555,0.227816309,0.341503794,0.341503794,0.227816309,0.118920555,14-Dec-25,0,1,N,,,,,2,2001,0.341503794,0.227816309,0,0,0,0,CPI_v12_M_v01_A
LAC,HTI,Haiti,2012,ECVMAS,2012,National,1,0.373277873,0.715089056,1.071940929,1.071940929,0.715089056,0.373277873,14-Dec-25,1,1,N,,,,,2,2012,1.071940929,0.715089056,0,0,0,0,CPI_v12_M_v01_A
ECA,HUN,Hungary,1987,HBS,1987,National,1,0.040142662,0.046337731,0.051028174,0.051028174,0.046337731,0.040142662,14-Dec-25,0,1,N,,,,,2,1987,0.051028174,0.046337731,0,0,0,0,CPI_v12_M_v01_A
ECA,HUN,Hungary,1989,HBS,1989,National,1,0.054421067,0.06281967,0.069178464,0.069178464,0.06281967,0.054421067,14-Dec-25,0,1,N,,,,,2,1989,0.069178464,0.06281967,0,0,0,0,CPI_v12_M_v01_A
ECA,HUN,Hungary,1991,HHP-LIS,1991,National,1,0.094183682,0.108718703,0.119723534,0.119723534,0.108718703,0.094183682,14-Dec-25,1,1,N,,,,,2,1991,0.119723534,0.108718703,0,0,0,0,CPI_v12_M_v01_A
ECA,HUN,Hungary,1993,HBS,1993,National,1,0.142626138,0.164637106,0.181302163,0.181302163,0.164637106,0.142626138,14-Dec-25,0,1,N,,,,,2,1993,0.181302163,0.164637106,0,0,0,0,CPI_v12_M_v01_A
ECA,HUN,Hungary,1994,HHP-LIS,1994,National,1,0.169536953,0.195700969,0.215510402,0.215510402,0.195700969,0.169536953,14-Dec-25,1,1,N,,,,,2,1994,0.215510402,0.195700969,0,0,0,0,CPI_v12_M_v01_A
ECA,HUN,Hungary,1998,HBS,1998,National,1,0.362711472,0.4186874,0.461068184,0.461068184,0.4186874,0.362711472,14-Dec-25,3,1,N,,,,,2,1998,0.461068184,0.4186874,0,0,0,0,CPI_v12_M_v01_A
ECA,HUN,Hungary,1999,HBS,1999,National,1,0.398974416,0.460546671,0.507164574,0.507164574,0.460546671,0.398974416,14-Dec-25,3,1,N,,,,,2,1999,0.507164574,0.460546671,0,0,0,0,CPI_v12_M_v01_A
ECA,HUN,Hungary,1999,THMS-LIS,1999,National,1,0.398974416,0.460546671,0.507164574,0.507164574,0.460546671,0.398974416,14-Dec-25,2,1,N,,,,,2,1999,0.507164574,0.460546671,0,0,0,0,CPI_v12_M_v01_A
ECA,HUN,Hungary,2000,HBS,2000,National,1,0.438088319,0.50569688,0.556885022,0.556885022,0.50569688,0.438088319,14-Dec-25,3,1,N,,,,,2,2000,0.556885022,0.50569688,0,0,0,0,CPI_v12_M_v01_A
ECA,HUN,Hungary,2001,HBS,2001,National,1,0.478028007,0.551800313,0.607655181,0.607655181,0.551800313,0.478028007,14-Dec-25,3,1,N,,,,,2,2001,0.607655181,0.551800313,0,0,0,0,CPI_v12_M_v01_A
ECA,HUN,Hungary,2002,HBS,2002,National,1,0.503198321,0.580855069,0.639650946,0.639650946,0.580855069,0.503198321,14-Dec-25,3,1,N,,,,,2,2002,0.639650946,0.580855069,0,0,0,0,CPI_v12_M_v01_A
ECA,HUN,Hungary,2003,HBS,2003,National,1,0.526652446,0.607928783,0.669465141,0.669465141,0.607928783,0.526652446,14-Dec-25,3,1,N,,,,,2,2003,0.669465141,0.607928783,0,0,0,0,CPI_v12_M_v01_A
ECA,HUN,Hungary,2004,EU-SILC,2004,National,1,0.562171754,0.648929655,0.714616244,0.714616244,0.648929655,0.562171754,14-Dec-25,4,1,N,,,,,2,2004,0.714616244,0.648929655,0,0,0,0,CPI_v12_M_v01_A
ECA,HUN,Hungary,2004,HBS,2004,National,1,0.562171754,0.648929655,0.714616244,0.714616244,0.648929655,0.562171754,14-Dec-25,3,1,N,,,,,2,2004,0.714616244,0.648929655,0,0,0,0,CPI_v12_M_v01_A
ECA,HUN,Hungary,2005,EU-SILC,2005,National,1,0.582193558,0.67204135,0.740067373,0.740067373,0.67204135,0.582193558,14-Dec-25,4,1,N,,,,,2,2005,0.740067373,0.67204135,0,0,0,0,CPI_v12_M_v01_A
ECA,HUN,Hungary,2005,HBS,2005,National,1,0.582193558,0.67204135,0.740067373,0.740067373,0.67204135,0.582193558,14-Dec-25,3,1,N,,,,,2,2005,0.740067373,0.67204135,0,0,0,0,CPI_v12_M_v01_A
ECA,HUN,Hungary,2006,EU-SILC,2006,National,1,0.605075677,0.698454783,0.769154452,0.769154452,0.698454783,0.605075677,14-Dec-25,4,1,N,,,,,2,2006,0.769154452,0.698454783,0,0,0,0,CPI_v12_M_v01_A
ECA,HUN,Hungary,2006,HBS,2006,National,1,0.605075677,0.698454783,0.769154452,0.769154452,0.698454783,0.605075677,14-Dec-25,3,1,N,,,,,2,2006,0.769154452,0.698454783,0,0,0,0,CPI_v12_M_v01_A
ECA,HUN,Hungary,2007,EU-SILC,2007,National,1,0.653232116,0.754043028,0.830369505,0.830369505,0.754043028,0.653232116,14-Dec-25,4,1,N,,,,,2,2007,0.830369505,0.754043028,0,0,0,0,CPI_v12_M_v01_A
ECA,HUN,Hungary,2007,HBS,2007,National,1,0.653232116,0.754043028,0.830369505,0.830369505,0.754043028,0.653232116,14-Dec-25,3,1,N,,,,,2,2007,0.830369505,0.754043028,0,0,0,0,CPI_v12_M_v01_A
ECA,HUN,Hungary,2008,EU-SILC,2008,National,1,0.692703776,0.799606205,0.880544721,0.880544721,0.799606205,0.692703776,14-Dec-25,4,1,N,,,,,2,2008,0.880544721,0.799606205,0,0,0,0,CPI_v12_M_v01_A
ECA,HUN,Hungary,2009,EU-SILC,2009,National,1,0.721878416,0.83328326,0.917630668,0.917630668,0.83328326,0.721878416,14-Dec-25,4,1,N,,,,,2,2009,0.917630668,0.83328326,0,0,0,0,CPI_v12_M_v01_A
ECA,HUN,Hungary,2010,EU-SILC,2010,National,1,0.756929667,0.873743842,0.96218679,0.96218679,0.873743842,0.756929667,14-Dec-25,4,1,N,,,,,2,2010,0.96218679,0.873743842,0,0,0,0,CPI_v12_M_v01_A
ECA,HUN,Hungary,2011,EU-SILC,2011,National,1,0.786676428,0.908081311,1,1,0.908081311,0.786676428,14-Dec-25,4,1,N,,,,,2,2011,1,0.908081311,0,0,0,0,CPI_v12_M_v01_A
ECA,HUN,Hungary,2012,EU-SILC,2012,National,1,0.831140502,0.959407362,1.056521427,1.056521427,0.959407362,0.831140502,14-Dec-25,4,1,N,,,,,2,2012,1.056521427,0.959407362,0,0,0,0,CPI_v12_M_v01_A
ECA,HUN,Hungary,2013,EU-SILC,2013,National,1,0.845545796,0.976035773,1.074833015,1.074833015,0.976035773,0.845545796,14-Dec-25,4,1,N,,,,,2,2013,1.074833015,0.976035773,0,0,0,0,CPI_v12_M_v01_A
ECA,HUN,Hungary,2014,EU-SILC,2014,National,1,0.843621653,0.973814683,1.072387099,1.072387099,0.973814683,0.843621653,14-Dec-25,4,1,N,,,,,2,2014,1.072387099,0.973814683,0,0,0,0,CPI_v12_M_v01_A
ECA,HUN,Hungary,2015,EU-SILC,2015,National,1,0.843101621,0.973214397,1.071726051,1.071726051,0.973214397,0.843101621,14-Dec-25,4,1,N,,,,,2,2015,1.071726051,0.973214397,0,0,0,0,CPI_v12_M_v01_A
ECA,HUN,Hungary,2016,EU-SILC,2016,National,1,0.846429878,0.977056291,1.075956833,1.075956833,0.977056291,0.846429878,14-Dec-25,4,1,N,,,,,2,2016,1.075956833,0.977056291,0,0,0,0,CPI_v12_M_v01_A
ECA,HUN,Hungary,2017,EU-SILC,2017,National,1,0.866306154,1,1.101222972,1.101222972,1,0.866306154,14-Dec-25,4,1,N,,,,,2,2017,1.101222972,1,0,0,0,0,CPI_v12_M_v01_A
ECA,HUN,Hungary,2018,EU-SILC,2018,National,1,0.890998016,1.028502466,1.132610543,1.132610543,1.028502466,0.890998016,14-Dec-25,4,1,N,,,,,2,2018,1.132610543,1.028502466,0,0,0,0,CPI_v12_M_v01_A
ECA,HUN,Hungary,2019,EU-SILC,2019,National,1,0.920744719,1.062839869,1.170423679,1.170423679,1.062839869,0.920744719,14-Dec-25,4,1,N,,,,,2,2019,1.170423679,1.062839869,0,0,0,0,CPI_v12_M_v01_A
ECA,HUN,Hungary,2020,EU-SILC,2020,National,1,0.951375562,1.098197857,1.209360708,1.209360708,1.098197857,0.951375562,14-Dec-25,4,1,N,,,,,2,2020,1.209360708,1.098197857,0,0,0,0,CPI_v12_M_v01_A
ECA,HUN,Hungary,2021,EU-SILC,2021,National,1,1,1.154326326,1.271170668,1.271170668,1.154326326,1,14-Dec-25,4,1,N,,,,,2,2021,1.271170668,1.154326326,0,0,0,0,CPI_v12_M_v01_A
ECA,HUN,Hungary,2022,EU-SILC,2022,National,1,1.146081443,1.322951981,1.456865113,1.456865113,1.322951981,1.146081443,14-Dec-25,4,1,N,,,,,2,,,,1,1,1,1,CPI_v12_M_v01_A
EAP,IDN,Indonesia,1984,SUSENAS,1984,National,1,0.053856855,0.059274331,0.079993203,0.077268219,0.057090067,0.050890011,14-Dec-25,0,1,N,,,,,2,1984,0.077268219,0.057090067,0,0,0,0,CPI_v12_M_v01_A
EAP,IDN,Indonesia,1987,SUSENAS,1987,National,1,0.065223401,0.071784242,0.096875854,0.09357576,0.069138986,0.061630402,14-Dec-25,0,1,N,,,,,2,1987,0.09357576,0.069138986,0,0,0,0,CPI_v12_M_v01_A
EAP,IDN,Indonesia,1990,SUSENAS,1990,National,1,0.080855718,0.088989017,0.120094422,0.116003383,0.085709764,0.076401572,14-Dec-25,0,1,N,,,,,2,1990,0.116003383,0.085709764,0,0,0,0,CPI_v12_M_v01_A
EAP,IDN,Indonesia,1993,SUSENAS,1993,National,1,0.104328387,0.114822809,0.15495821,0.14967953,0.110591578,0.098581189,14-Dec-25,1,1,N,,,,,2,1993,0.14967953,0.110591578,0,0,0,0,CPI_v12_M_v01_A
EAP,IDN,Indonesia,1996,SUSENAS,1996,National,1,0.133774899,0.147231354,0.198694905,0.191926326,0.141805866,0.126405565,14-Dec-25,1,1,N,,,,,2,1996,0.191926326,0.141805866,0,0,0,0,CPI_v12_M_v01_A
EAP,IDN,Indonesia,1998,SUSENAS,1998,National,1,0.225165143,0.247814568,0.334436183,0.323043552,0.238682579,0.212761341,14-Dec-25,1,1,N,,,,,2,1998,0.323043552,0.238682579,0,0,0,0,CPI_v12_M_v01_A
EAP,IDN,Indonesia,1999,SUSENAS,1999,National,1,0.271274066,0.298561601,0.402921438,0.389195844,0.287559579,0.256330235,14-Dec-25,1,1,N,,,,,2,1999,0.389195844,0.287559579,0,0,0,0,CPI_v12_M_v01_A
EAP,IDN,Indonesia,2000,SUSENAS,2000,National,1,0.274593361,0.302214785,0.407851563,0.393958023,0.291078143,0.259466679,14-Dec-25,2,1,N,,,,,2,2000,0.393958023,0.291078143,0,0,0,0,CPI_v12_M_v01_A
EAP,IDN,Indonesia,2001,SUSENAS,2001,National,1,0.299633201,0.32977339,0.44504306,0.429882585,0.317621211,0.283127135,14-Dec-25,2,1,N,,,,,2,2001,0.429882585,0.317621211,0,0,0,0,CPI_v12_M_v01_A
EAP,IDN,Indonesia,2002,SUSENAS,2002,National,1,0.344218962,0.378844045,0.511265972,0.496404993,0.366771673,0.326939793,14-Dec-25,3,1,N,,,,,2,2002,0.496404993,0.366771673,0,0,0,0,CPI_v12_M_v01_A
EAP,IDN,Indonesia,2003,SUSENAS,2003,National,1,0.370526689,0.407798074,0.550340653,0.535689485,0.395797245,0.352813151,14-Dec-25,3,1,N,,,,,2,2003,0.535689485,0.395797245,0,0,0,0,CPI_v12_M_v01_A
EAP,IDN,Indonesia,2004,SUSENAS,2004,National,1,0.387378446,0.426344954,0.575370447,0.548749341,0.405446594,0.361414568,14-Dec-25,3,1,N,,,,,2,2004,0.548749341,0.405446594,0,0,0,0,CPI_v12_M_v01_A
EAP,IDN,Indonesia,2005,SUSENAS,2005,National,1,0.41511245,0.456868729,0.616563565,0.591631235,0.437130128,0.389657228,14-Dec-25,4,1,N,,,,,2,2005,0.591631235,0.437130128,0,0,0,0,CPI_v12_M_v01_A
EAP,IDN,Indonesia,2006,SUSENAS,2006,National,1,0.489598133,0.538846948,0.72719662,0.696575386,0.514668715,0.458775024,14-Dec-25,4,1,N,,,,,2,2006,0.696575386,0.514668715,0,0,0,0,CPI_v12_M_v01_A
EAP,IDN,Indonesia,2007,SUSENAS,2007,National,1,0.520448953,0.572801061,0.773019123,0.743640142,0.54944278,0.489772581,14-Dec-25,4,1,N,,,,,2,2007,0.743640142,0.54944278,0,0,0,0,CPI_v12_M_v01_A
EAP,IDN,Indonesia,2008,SUSENAS,2008,National,1,0.564295142,0.62105775,0.838143556,0.824988178,0.609547242,0.54334962,14-Dec-25,4,1,N,,,,,2,2008,0.824988178,0.609547242,0,0,0,0,CPI_v12_M_v01_A
EAP,IDN,Indonesia,2009,SUSENAS,2009,National,1,0.603651035,0.664372464,0.896598583,0.861771687,0.636724948,0.567575792,14-Dec-25,4,1,N,,,,,2,2009,0.861771687,0.636724948,0,0,0,0,CPI_v12_M_v01_A
EAP,IDN,Indonesia,2010,SUSENAS,2010,National,1,0.624359179,0.687163646,0.927356242,0.928770705,0.686227557,0.611702353,14-Dec-25,4,1,N,,,,,2,2010,0.928770705,0.686227557,0,0,0,0,CPI_v12_M_v01_A
EAP,IDN,Indonesia,2011,SUSENAS,2011,National,1,0.66588092,0.732862071,0.989028189,0.941394565,0.730749144,0.651388838,14-Dec-25,5,1,N,,,,,2,2011,0.941394565,0.730749144,0,0,0,0,CPI_v12_M_v01_A
EAP,IDN,Indonesia,2012,SUSENAS,2012,National,1,0.692294311,0.761932392,1.02825981,0.991509921,0.732582786,0.653023344,14-Dec-25,5,1,N,,,,,2,2012,0.991509921,0.732582786,0,0,0,0,CPI_v12_M_v01_A
EAP,IDN,Indonesia,2013,SUSENAS,2013,National,1,0.728548904,0.801833845,1.082108499,1.081717243,0.799232983,0.712435243,14-Dec-25,5,1,N,,,,,2,2013,1.081717243,0.799232983,0,0,0,0,CPI_v12_M_v01_A
EAP,IDN,Indonesia,2014,SUSENAS,2014,National,1,0.78190702,0.860559269,1.161360928,1.176141637,0.868998987,0.774624569,14-Dec-25,5,1,N,,,,,2,2014,1.176141637,0.868998987,0,0,0,0,CPI_v12_M_v01_A
EAP,IDN,Indonesia,2015,SUSENAS,2015,National,1,0.831824941,0.915498448,1.235503661,1.272040037,0.939854069,0.837784697,14-Dec-25,6,1,N,,,,,2,2015,1.272040037,0.939854069,0,0,0,0,CPI_v12_M_v01_A
EAP,IDN,Indonesia,2016,SUSENAS,2016,National,1,0.868824582,0.956219893,1.290458964,1.303124312,0.962820864,0.858257268,14-Dec-25,6,1,N,,,,,2,2016,1.303124312,0.962820864,0,0,0,0,CPI_v12_M_v01_A
EAP,IDN,Indonesia,2017,SUSENAS,2017,National,1,0.900207579,0.990759715,1.337071906,1.340937987,0.945769461,0.883161923,14-Dec-25,6,1,N,,,,,2,2017,1.340937987,0.945769461,0,0,0,0,CPI_v12_M_v01_A
EAP,IDN,Indonesia,2018,SUSENAS,2018,National,1,0.930818288,1.024449563,1.382537773,1.392190088,1.028627623,0.916917328,14-Dec-25,6,1,N,,,,,2,2018,1.392190088,1.028627623,0,0,0,0,CPI_v12_M_v01_A
EAP,IDN,Indonesia,2019,SUSENAS,2019,National,1,0.953916735,1.04987149,1.416845733,1.427147941,1.054456433,0.939941096,14-Dec-25,6,1,N,,,,,2,2019,1.427147941,1.054456433,0,0,0,0,CPI_v12_M_v01_A
EAP,IDN,Indonesia,2020,SUSENAS,2020,National,1,0.982863513,1.081730032,1.459840176,1.475376157,1.090090127,0.971704924,14-Dec-25,6,1,N,,,,,2,2020,1.475376157,1.090090127,0,0,0,0,CPI_v12_M_v01_A
EAP,IDN,Indonesia,2021,SUSENAS,2021,National,1,0.996285185,1.096501794,1.47977529,1.512697293,1.117665062,0.96939985,14-Dec-25,6,1,N,,,,,2,2021,1.512697293,1.117665062,0,0,0,0,CPI_v12_M_v01_A
EAP,IDN,Indonesia,2022,SUSENAS,2022,National,1,1.022564759,1.125424838,1.518808154,1.557636423,1.150868595,1.025882772,14-Dec-25,6,1,N,,,,,2,2022,1.557636423,1.150868595,0,0,0,0,CPI_v12_M_v01_A
EAP,IDN,Indonesia,2023,SUSENAS,2023,National,1,1.073340623,1.181308261,1.594225183,1.647346109,1.217151111,1.08496692,14-Dec-25,6,1,N,,,,,2,2023,1.647346109,1.217151111,0,0,0,0,CPI_v12_M_v01_A
EAP,IDN,Indonesia,2024,SUSENAS,2024,National,1,1.106963237,1.218312983,1.644164612,1.691885623,1.250059386,1.114301314,14-Dec-25,6,1,N,,,,,2,,,,1,1,1,1,CPI_v12_M_v01_A
SAR,IND,India,1977,NSS,1977.5,National,1,0.042347086,0.051178647,0.074800698,0.0748007,0.051178645,0.042347085,10-Feb-25,0,1,N,,,,,2,,,,1,1,1,1,CPI_v12_M_v01_A
SAR,IND,India,1983,NSS,1983,National,1,0.069101509,0.083512754,0.122058956,0.122058958,0.083512753,0.069101512,10-Feb-25,1,1,N,,,,,2,,,,1,1,1,1,CPI_v12_M_v01_A
SAR,IND,India,1987,NSS-SCH1,1987.5,National,1,0.097815852,0.118215524,0.17277916,0.172779158,0.118215524,0.097815849,10-Feb-25,2,1,N,,,,,2,,,,1,1,1,1,CPI_v12_M_v01_A
SAR,IND,India,1993,NSS-SCH1,1993.5,National,1,0.169302169,0.20461044,0.299050571,0.29905057,0.204610437,0.169302166,10-Feb-25,3,1,N,,,,,2,,,,1,1,1,1,CPI_v12_M_v01_A
SAR,IND,India,2004,NSS-SCH1,2004.5,National,1,0.335988996,0.406060105,0.593481479,0.593481481,0.4060601,0.335988998,10-Feb-25,3,1,N,,,,,2,,,,1,1,1,1,CPI_v12_M_v01_A
SAR,IND,India,2009,NSS-SCH1,2009.5,National,1,0.496169174,0.599646148,0.876419224,0.876419246,0.599646151,0.49616918,10-Feb-25,3,1,N,,,,,2,,,,1,1,1,1,CPI_v12_M_v01_A
SAR,IND,India,2011,NSS-SCH2,2011.5,National,1,0.590538032,0.7136958,1.043109711,1.043109655,0.713695824,0.590538025,10-Feb-25,7,1,N,,,,,2,,,,1,1,1,1,CPI_v12_M_v01_A
SAR,IND,India,2015,CPHS,2015.25,National,1,0.772790668,0.933957551,1.365035622,1.365035653,0.933957577,0.77279067,10-Feb-25,4,1,N,,,,,2,,,,1,1,1,1,CPI_v12_M_v01_A
SAR,IND,India,2016,CPHS,2016.25,National,1,0.80770622,0.976154804,1.426709468,1.426709414,0.976154804,0.807706237,10-Feb-25,4,1,N,,,,,2,,,,1,1,1,1,CPI_v12_M_v01_A
SAR,IND,India,2017,CPHS,2017.25,National,1,0.836785297,1.011298375,1.478073928,1.478073955,1.011298418,0.836785316,10-Feb-25,5,1,N,,,,,2,,,,1,1,1,1,CPI_v12_M_v01_A
SAR,IND,India,2018,CPHS,2018.25,National,1,0.865244571,1.045692881,1.528343586,1.528343558,1.045692921,0.865244567,10-Feb-25,5,1,N,,,,,2,,,,1,1,1,1,CPI_v12_M_v01_A
SAR,IND,India,2019,CPHS,2019.25,National,1,0.906564751,1.095630459,1.601330386,1.6013304,1.095630407,0.906564772,10-Feb-25,6,1,N,,,,,2,,,,1,1,1,1,CPI_v12_M_v01_A
SAR,IND,India,2020,CPHS,2020.25,National,1,0.962450294,1.163171034,1.700045032,1.70004499,1.163171053,0.962450266,10-Feb-25,6,1,N,,,,,2,,,,1,1,1,1,CPI_v12_M_v01_A
SAR,IND,India,2021,CPHS,2021.25,National,1,1.015391775,1.227153555,1.79355937,1.793559313,1.22715354,1.015391827,10-Feb-25,6,1,N,,,,,2,,,,1,1,1,1,CPI_v12_M_v01_A
SAR,IND,India,2022,HCES,2022.58,National,1,1.101905902,1.331710359,1.946375481,1.946375489,1.331710339,1.101905942,10-Feb-25,7,1,N,,,,,2,,,,1,1,1,1,CPI_v12_M_v01_A
ECA,IRL,Ireland,1987,SIDPUSS-LIS,1987,National,1,0.510525734,0.528130087,0.541148884,0.426262976,0.416008069,0.402141121,14-Dec-25,0,1.269518852,N,,,,,2,1987,0.426237558,0.4160059,0,0,1,0,CPI_v12_M_v01_A
ECA,IRL,Ireland,1994,LIS-ECHP-LIS,1994,National,1,0.619264201,0.640618159,0.656409871,0.517054055,0.504614924,0.487794411,14-Dec-25,1,1.269518852,N,,,,,2,1994,0.517023157,0.504612228,0,0,1,0,CPI_v12_M_v01_A
ECA,IRL,Ireland,1995,LIS-ECHP-LIS,1995,National,1,0.634899724,0.656792838,0.672983268,0.53010892,0.517355719,0.500110512,14-Dec-25,1,1.269518852,N,,,,,2,1995,0.53007727,0.517352982,0,0,1,0,CPI_v12_M_v01_A
ECA,IRL,Ireland,1996,LIS-ECHP-LIS,1996,National,1,0.646046968,0.668324471,0.684799164,0.539416301,0.526439185,0.508891197,14-Dec-25,1,1.269518852,N,,,,,2,1996,0.539373417,0.526425979,1,0,1,0,CPI_v12_M_v01_A
ECA,IRL,Ireland,2000,LIS-ECHP-LIS,2000,National,1,0.720833333,0.745689678,0.764071481,0.601859106,0.58737976,0.567800416,14-Dec-25,1,1.269518852,N,,,,,2,2000,0.601847964,0.58740085,1,0,1,0,CPI_v12_M_v01_A
ECA,IRL,Ireland,2002,SILC-LIS,2002,National,1,0.79079459,0.818063395,0.838229264,0.838229264,0.818063395,0.79079459,14-Dec-25,2,1,N,,,,,2,2002,0.838266464,0.818144222,1,0,1,0,CPI_v12_M_v01_A
ECA,IRL,Ireland,2003,EU-SILC,2003,National,1,0.818410834,0.846631923,0.867502027,0.867502027,0.846631923,0.818410834,14-Dec-25,3,1,N,,,,,2,2003,0.867526098,0.84670149,1,0,1,0,CPI_v12_M_v01_A
ECA,IRL,Ireland,2004,EU-SILC,2004,National,1,0.836240276,0.865076175,0.886400943,0.886400943,0.865076175,0.836240276,14-Dec-25,3,1,N,,,,,2,2004,0.886608439,0.865325767,1,0,1,0,CPI_v12_M_v01_A
ECA,IRL,Ireland,2005,EU-SILC,2005,National,1,0.856782956,0.886327224,0.908175846,0.908175846,0.886327224,0.856782956,14-Dec-25,3,1,N,,,,,2,2005,0.908150241,0.886350467,1,0,1,0,CPI_v12_M_v01_A
ECA,IRL,Ireland,2006,EU-SILC,2006,National,1,0.890503895,0.921210955,0.943919487,0.943919487,0.921210955,0.890503895,14-Dec-25,3,1,N,,,,,2,2006,0.943855461,0.921198598,1,0,1,0,CPI_v12_M_v01_A
ECA,IRL,Ireland,2007,EU-SILC,2007,National,1,0.934011634,0.966218963,0.990036976,0.990036976,0.966218963,0.934011634,14-Dec-25,3,1,N,,,,,2,2007,0.990077201,0.966310804,1,0,1,0,CPI_v12_M_v01_A
ECA,IRL,Ireland,2008,EU-SILC,2008,National,1,0.971705395,1.005212509,1.029991742,1.029991742,1.005212509,0.971705395,14-Dec-25,3,1,N,,,,,2,2008,1.030277311,1.005545927,1,0,1,0,CPI_v12_M_v01_A
ECA,IRL,Ireland,2009,EU-SILC,2009,National,1,0.928488372,0.960505242,0.984182408,0.984182408,0.960505242,0.928488372,14-Dec-25,3,1,N,,,,,2,2009,0.984140453,0.960516565,1,0,1,0,CPI_v12_M_v01_A
ECA,IRL,Ireland,2010,EU-SILC,2010,National,1,0.919961226,0.951684056,0.975143773,0.975143773,0.951684056,0.919961226,14-Dec-25,3,1,N,,,,,2,2010,0.975065718,0.951659665,1,0,1,0,CPI_v12_M_v01_A
ECA,IRL,Ireland,2011,EU-SILC,2011,National,1,0.94341086,0.9759423,1,1,0.9759423,0.94341086,14-Dec-25,3,1,N,,,,,2,2011,1,0.97599541,1,0,0,0,CPI_v12_M_v01_A
ECA,IRL,Ireland,2012,EU-SILC,2012,National,1,0.959399215,0.992481978,1.016947393,1.016947393,0.992481978,0.959399215,14-Dec-25,3,1,N,,,,,2,2012,1.016962106,0.992550347,1,0,1,0,CPI_v12_M_v01_A
ECA,IRL,Ireland,2013,EU-SILC,2013,National,1,0.964341045,0.997594215,1.022185652,1.022185652,0.997594215,0.964341045,14-Dec-25,3,1,N,,,,,2,2013,1.022135521,0.997599577,0,0,1,0,CPI_v12_M_v01_A
ECA,IRL,Ireland,2014,EU-SILC,2014,National,1,0.966182132,0.999498789,1.024137174,1.024137174,0.999498789,0.966182132,14-Dec-25,3,1,N,,,,,2,2014,1.024001337,0.999420605,1,0,1,0,CPI_v12_M_v01_A
ECA,IRL,Ireland,2015,EU-SILC,2015,National,1,0.962984461,0.996190853,1.020747696,1.020747696,0.996190853,0.962984461,14-Dec-25,3,1,N,,,,,2,2015,1.021032963,0.996523486,1,0,1,0,CPI_v12_M_v01_A
ECA,IRL,Ireland,2016,EU-SILC,2016,National,1,0.963178249,0.996391323,1.020953107,1.020953107,0.996391323,0.963178249,14-Dec-25,3,1,N,,,,,2,2016,1.02111777,0.996606256,1,0,1,0,CPI_v12_M_v01_A
ECA,IRL,Ireland,2017,EU-SILC,2017,National,1,0.966666636,1,1.024650741,1.024650741,1,0.966666636,14-Dec-25,3,1,N,,,,,2,2017,1.024594982,1,0,0,1,0,CPI_v12_M_v01_A
ECA,IRL,Ireland,2018,EU-SILC,2018,National,1,0.971220891,1.004711298,1.029478175,1.029478175,1.004711298,0.971220891,14-Dec-25,3,1,N,,,,,2,2018,1.02959886,1.004883761,1,0,1,0,CPI_v12_M_v01_A
ECA,IRL,Ireland,2019,EU-SILC,2019,National,1,0.98032947,1.014133966,1.03913312,1.03913312,1.014133966,0.98032947,14-Dec-25,3,1,N,,,,,2,2019,1.03926724,1.014320056,1,0,1,0,CPI_v12_M_v01_A
ECA,IRL,Ireland,2020,EU-SILC,2020,National,1,0.977131799,1.010826031,1.035743641,1.035743641,1.010826031,0.977131799,14-Dec-25,3,1,N,,,,,2,2020,1.035790027,1.010926312,1,0,1,0,CPI_v12_M_v01_A
ECA,IRL,Ireland,2021,EU-SILC,2021,National,1,1,1.034482791,1.059983558,1.059983558,1.034482791,1,14-Dec-25,3,1,N,,,,,2,2021,1.060215396,1.034765361,1,0,1,0,CPI_v12_M_v01_A
ECA,IRL,Ireland,2022,EU-SILC,2022,National,1,1.078294546,1.115477151,1.142974489,1.142974489,1.115477151,1.078294546,14-Dec-25,3,1,N,,,,,2,,,,1,1,1,1,CPI_v12_M_v01_A
MNA,IRN,"Iran, Islamic Rep.",1986,SECH,1986,National,1,0.001338508,0.004138425,0.010933922,0.010933922,0.004138425,0.001338508,14-Dec-25,0,1,N,,,,,2,1986,0.010933922,0.004138425,0,0,0,0,CPI_v12_M_v01_A
MNA,IRN,"Iran, Islamic Rep.",1990,SECH,1990,National,1,0.002915893,0.009015415,0.023819167,0.023819167,0.009015415,0.002915893,14-Dec-25,0,1,N,,,,,2,1990,0.023819167,0.009015415,0,0,0,0,CPI_v12_M_v01_A
MNA,IRN,"Iran, Islamic Rep.",1994,SECH,1994,National,1,0.006845491,0.021165019,0.055919016,0.055919016,0.021165019,0.006845491,14-Dec-25,0,1,N,,,,,2,1994,0.055919016,0.021165019,0,0,0,0,CPI_v12_M_v01_A
MNA,IRN,"Iran, Islamic Rep.",1998,SECH,1998,National,1,0.018270343,0.056488593,0.149245626,0.149245626,0.056488593,0.018270343,14-Dec-25,0,1,N,,,,,2,1998,0.149245626,0.056488593,0,0,0,0,CPI_v12_M_v01_A
MNA,IRN,"Iran, Islamic Rep.",2005,HEIS,2005.23,National,1,0.048997944,0.151492774,0.40025132,0.40025132,0.151492774,0.048997944,14-Dec-25,1,1,N,,,,,2,2005.23,0.40025132,0.151492774,0,0,0,0,CPI_v12_M_v01_A
MNA,IRN,"Iran, Islamic Rep.",2006,HEIS,2006.23,National,1,0.05479327,0.169410872,0.44759181,0.44759181,0.169410872,0.05479327,14-Dec-25,1,1,N,,,,,2,2006.23,0.44759181,0.169410872,0,0,0,0,CPI_v12_M_v01_A
MNA,IRN,"Iran, Islamic Rep.",2009,HEIS,2009.23,National,1,0.090091121,0.278545439,0.735930674,0.735930674,0.278545439,0.090091121,14-Dec-25,1,1,N,,,,,2,2009.23,0.735930674,0.278545439,0,0,0,0,CPI_v12_M_v01_A
MNA,IRN,"Iran, Islamic Rep.",2011,HEIS,2011.23,National,1,0.130211524,0.40259046,1.063663688,1.063663688,0.40259046,0.130211524,14-Dec-25,1,1,N,,,,,2,2011.23,1.063663688,0.40259046,0,0,0,0,CPI_v12_M_v01_A
MNA,IRN,"Iran, Islamic Rep.",2012,HEIS,2012.23,National,1,0.168559997,0.521156998,1.376922279,1.376922279,0.521156998,0.168559997,14-Dec-25,1,1,N,,,,,2,2012.23,1.376922279,0.521156998,0,0,0,0,CPI_v12_M_v01_A
MNA,IRN,"Iran, Islamic Rep.",2013,HEIS,2013.23,National,1,0.223872028,0.692171785,1.828751711,1.828751711,0.692171785,0.223872028,14-Dec-25,1,1,N,,,,,2,2013.23,1.828751711,0.692171785,0,0,0,0,CPI_v12_M_v01_A
MNA,IRN,"Iran, Islamic Rep.",2014,HEIS,2014.23,National,1,0.256512637,0.79309064,2.095384261,2.095384261,0.79309064,0.256512637,14-Dec-25,1,1,N,,,,,2,2014.23,2.095384261,0.79309064,0,0,0,0,CPI_v12_M_v01_A
MNA,IRN,"Iran, Islamic Rep.",2015,HEIS,2015.23,National,1,0.285036469,0.881281163,2.328387938,2.328387938,0.881281163,0.285036469,14-Dec-25,1,1,N,,,,,2,2015.23,2.328387938,0.881281163,0,0,0,0,CPI_v12_M_v01_A
MNA,IRN,"Iran, Islamic Rep.",2016,HEIS,2016.23,National,1,0.304576268,0.941694685,2.488003417,2.488003417,0.941694685,0.304576268,14-Dec-25,1,1,N,,,,,2,2016.23,2.488003417,0.941694685,0,0,0,0,CPI_v12_M_v01_A
MNA,IRN,"Iran, Islamic Rep.",2017,HEIS,2017.23,National,1,0.329665588,1.019266321,2.692951474,2.692951474,1.019266321,0.329665588,14-Dec-25,1,1,N,,,,,2,2017.23,2.692951474,1.019266321,0,0,0,0,CPI_v12_M_v01_A
MNA,IRN,"Iran, Islamic Rep.",2018,HEIS,2018.23,National,1,0.418181486,1.292941456,3.416014568,3.416014568,1.292941456,0.418181486,14-Dec-25,1,1,N,,,,,2,2018.23,3.416014568,1.292941456,0,0,0,0,CPI_v12_M_v01_A
MNA,IRN,"Iran, Islamic Rep.",2019,HEIS,2019.23,National,1,0.563555453,1.742411447,4.603536267,4.603536267,1.742411447,0.563555453,14-Dec-25,1,1,N,,,,,2,2019.23,4.603536267,1.742411447,0,0,0,0,CPI_v12_M_v01_A
MNA,IRN,"Iran, Islamic Rep.",2020,HEIS,2020.23,National,1,0.769258126,2.378406875,6.283867296,6.283867296,2.378406875,0.769258126,14-Dec-25,1,1,N,,,,,2,2020.23,6.283867296,2.378406875,0,0,0,0,CPI_v12_M_v01_A
MNA,IRN,"Iran, Islamic Rep.",2021,HEIS,2021.23,National,1,1.078555326,3.334697827,8.810434766,8.810434766,3.334697827,1.078555326,14-Dec-25,1,1,N,,,,,2,2021.23,8.810434766,3.334697827,0,0,0,0,CPI_v12_M_v01_A
MNA,IRN,"Iran, Islamic Rep.",2022,HEIS,2022.23,National,1,1.589071344,4.913120942,12.98070584,12.98070584,4.913120942,1.589071344,14-Dec-25,1,1,N,,,,,2,2022.23,12.98070533,4.91312075,0,0,0,0,CPI_v12_M_v01_A
MNA,IRN,"Iran, Islamic Rep.",2023,HEIS,2023.23,National,1,2.235921231,6.913063699,18.26465243,18.26465243,6.913063699,2.235921231,14-Dec-25,1,1,N,,,,,2,,,,1,1,1,1,CPI_v12_M_v01_A
MNA,IRQ,Iraq,2006,IHSES,2006.85,National,1,0.608557911,0.650120044,0.730204411,0.730204411,0.650120044,0.608557911,14-Dec-25,0,1,N,,,,,2,2006.85,0.730204411,0.650120044,0,0,0,0,CPI_v12_M_v01_A
MNA,IRQ,Iraq,2012,IHSES,2012,National,1,0.883878971,0.944244459,1.060560238,1.060560238,0.944244459,0.883878971,14-Dec-25,0,1,N,,,,,2,2012,1.060560238,0.944244459,0,0,0,0,CPI_v12_M_v01_A
MNA,IRQ,Iraq,2023,IHSES,2023,National,1,1.095708088,1.170540678,1.314732523,1.314732523,1.170540678,1.095708088,14-Dec-25,1,1,N,,,,,2,,,,1,1,1,1,CPI_v12_M_v01_A
ECA,ISL,Iceland,2003,EU-SILC,2003,National,1,0.451192767,0.512668326,0.601181275,0.601181275,0.512668326,0.451192767,14-Dec-25,0,1,N,,,,,2,2003,0.601181275,0.512668326,0,0,0,0,CPI_v12_M_v01_A
ECA,ISL,Iceland,2004,EU-SILC,2004,National,1,0.465442315,0.528859391,0.620167753,0.620167753,0.528859391,0.465442315,14-Dec-25,0,1,N,,,,,2,2004,0.620167753,0.528859391,0,0,0,0,CPI_v12_M_v01_A
ECA,ISL,Iceland,2005,EU-SILC,2005,National,1,0.483999736,0.549945284,0.644894155,0.644894155,0.549945284,0.483999736,14-Dec-25,0,1,N,,,,,2,2005,0.644894155,0.549945284,0,0,0,0,CPI_v12_M_v01_A
ECA,ISL,Iceland,2006,EU-SILC,2006,National,1,0.516365179,0.586720557,0.688018734,0.688018734,0.586720557,0.516365179,14-Dec-25,0,1,N,,,,,2,2006,0.688018734,0.586720557,0,0,0,0,CPI_v12_M_v01_A
ECA,ISL,Iceland,2007,EU-SILC,2007,National,1,0.542449658,0.616359078,0.72277439,0.72277439,0.616359078,0.542449658,14-Dec-25,0,1,N,,,,,2,2007,0.72277439,0.616359078,0,0,0,0,CPI_v12_M_v01_A
ECA,ISL,Iceland,2008,EU-SILC,2008,National,1,0.611310336,0.694602106,0.814526194,0.814526194,0.694602106,0.611310336,14-Dec-25,0,1,N,,,,,2,2008,0.814526194,0.694602106,0,0,0,0,CPI_v12_M_v01_A
ECA,ISL,Iceland,2009,EU-SILC,2009,National,1,0.684686699,0.777976087,0.912294816,0.912294816,0.777976087,0.684686699,14-Dec-25,0,1,N,,,,,2,2009,0.912294816,0.777976087,0,0,0,0,CPI_v12_M_v01_A
ECA,ISL,Iceland,2010,EU-SILC,2010,National,1,0.721637417,0.819961385,0.961528939,0.961528939,0.819961385,0.721637417,14-Dec-25,0,1,N,,,,,2,2010,0.961528939,0.819961385,0,0,0,0,CPI_v12_M_v01_A
ECA,ISL,Iceland,2011,EU-SILC,2011,National,1,0.750510347,0.852768286,1,1,0.852768286,0.750510347,14-Dec-25,0,1,N,,,,,2,2011,1,0.852768286,0,0,0,0,CPI_v12_M_v01_A
ECA,ISL,Iceland,2012,EU-SILC,2012,National,1,0.789431044,0.896991976,1.051858975,1.051858975,0.896991976,0.789431044,14-Dec-25,0,1,N,,,,,2,2012,1.051858975,0.896991976,0,0,0,0,CPI_v12_M_v01_A
ECA,ISL,Iceland,2013,EU-SILC,2013,National,1,0.819999991,0.931725978,1.092589855,1.092589855,0.931725978,0.819999991,14-Dec-25,0,1,N,,,,,2,2013,1.092589855,0.931725978,0,0,0,0,CPI_v12_M_v01_A
ECA,ISL,Iceland,2014,EU-SILC,2014,National,1,0.836765872,0.95077623,1.114929161,1.114929161,0.95077623,0.836765872,14-Dec-25,0,1,N,,,,,2,2014,1.114929161,0.95077623,0,0,0,0,CPI_v12_M_v01_A
ECA,ISL,Iceland,2015,EU-SILC,2015,National,1,0.850430691,0.966302898,1.133136531,1.133136531,0.966302898,0.850430691,14-Dec-25,0,1,N,,,,,2,2015,1.133136531,0.966302898,0,0,0,0,CPI_v12_M_v01_A
ECA,ISL,Iceland,2016,EU-SILC,2016,National,1,0.864861898,0.982700374,1.152365056,1.152365056,0.982700374,0.864861898,14-Dec-25,0,1,N,,,,,2,2016,1.152365056,0.982700374,0,0,0,0,CPI_v12_M_v01_A
ECA,ISL,Iceland,2017,EU-SILC,2017,National,1,0.880087075,1,1.172651488,1.172651488,1,0.880087075,14-Dec-25,0,1,N,,,,,2,2017,1.172651488,1,0,0,0,0,CPI_v12_M_v01_A
ECA,ISL,Iceland,2018,EU-SILC,2018,National,1,0.903699074,1.026829163,1.204112746,1.204112746,1.026829163,0.903699074,14-Dec-25,0,1,N,,,,,2,,,,1,1,1,1,CPI_v12_M_v01_A
MNA,ISR,Israel,1979,HES-LIS,1979,National,1,0.000195614,0.000200606,0.000206312,0.206312287,0.200605924,0.195614341,14-Dec-25,0,0.001,N,,,,,2,1979,0.206312287,0.200605924,0,0,0,0,CPI_v12_M_v01_A
MNA,ISR,Israel,1986,HES-LIS,1986,National,1,0.152340341,0.156227681,0.160671677,160.6716768,156.2276812,152.3403409,14-Dec-25,0,0.001,N,,,,,2,1986,160.6716768,156.2276812,0,0,0,0,CPI_v12_M_v01_A
MNA,ISR,Israel,1992,HES-LIS,1992,National,1,0.39742474,0.407566014,0.419159489,0.419159489,0.407566014,0.39742474,14-Dec-25,0,1,N,,,,,2,1992,0.419159489,0.407566014,0,0,0,0,CPI_v12_M_v01_A
MNA,ISR,Israel,1997,HES-LIS,1997,National,1,0.66060555,0.677462533,0.696733385,0.696733385,0.677462533,0.66060555,14-Dec-25,0,1,N,,,,,2,1997,0.696733385,0.677462533,0,0,0,0,CPI_v12_M_v01_A
MNA,ISR,Israel,2001,HES-LIS,2001,National,1,0.749086506,0.768201299,0.790053273,0.790053273,0.768201299,0.749086506,14-Dec-25,0,1,N,,,,,2,2001,0.790053273,0.768201299,0,0,0,0,CPI_v12_M_v01_A
MNA,ISR,Israel,2002,HES-LIS,2002,National,1,0.792326444,0.812544611,0.835657958,0.835657958,0.812544611,0.792326444,14-Dec-25,0,1,N,,,,,2,2002,0.835657958,0.812544611,0,0,0,0,CPI_v12_M_v01_A
MNA,ISR,Israel,2003,HES-LIS,2003,National,1,0.797894543,0.818254794,0.841530572,0.841530572,0.818254794,0.797894543,14-Dec-25,0,1,N,,,,,2,2003,0.841530572,0.818254794,0,0,0,0,CPI_v12_M_v01_A
MNA,ISR,Israel,2004,HES-LIS,2004,National,1,0.79484948,0.815132029,0.838318977,0.838318977,0.815132029,0.79484948,14-Dec-25,0,1,N,,,,,2,2004,0.838318977,0.815132029,0,0,0,0,CPI_v12_M_v01_A
MNA,ISR,Israel,2005,HES-LIS,2005,National,1,0.805289736,0.825838694,0.8493302,0.8493302,0.825838694,0.805289736,14-Dec-25,0,1,N,,,,,2,2005,0.8493302,0.825838694,0,0,0,0,CPI_v12_M_v01_A
MNA,ISR,Israel,2006,HES-LIS,2006,National,1,0.821907077,0.842880067,0.866856326,0.866856326,0.842880067,0.821907077,14-Dec-25,0,1,N,,,,,2,2006,0.866856326,0.842880067,0,0,0,0,CPI_v12_M_v01_A
MNA,ISR,Israel,2007,HES-LIS,2007,National,1,0.825648152,0.846716605,0.870801997,0.870801997,0.846716605,0.825648152,14-Dec-25,0,1,N,,,,,2,2007,0.870801997,0.846716605,0,0,0,0,CPI_v12_M_v01_A
MNA,ISR,Israel,2008,HES-LIS,2008,National,1,0.863232963,0.885260486,0.910442282,0.910442282,0.885260486,0.863232963,14-Dec-25,0,1,N,,,,,2,2008,0.910442282,0.885260486,0,0,0,0,CPI_v12_M_v01_A
MNA,ISR,Israel,2009,HES-LIS,2009,National,1,0.892204612,0.914971417,0.94099836,0.94099836,0.914971417,0.892204612,14-Dec-25,0,1,N,,,,,2,2009,0.94099836,0.914971417,0,0,0,0,CPI_v12_M_v01_A
MNA,ISR,Israel,2010,HES-LIS,2010,National,1,0.916217146,0.93959669,0.966324115,0.966324115,0.93959669,0.916217146,14-Dec-25,0,1,N,,,,,2,2010,0.966324115,0.93959669,0,0,0,0,CPI_v12_M_v01_A
MNA,ISR,Israel,2011,HES-LIS,2011,National,1,0.948146829,0.972341139,1,1,0.972341139,0.948146829,14-Dec-25,0,1,N,,,,,2,2011,1,0.972341139,0,0,0,0,CPI_v12_M_v01_A
MNA,ISR,Israel,2012,HES-LIS,2012,National,1,0.964068227,0.98866881,1.016792123,1.016792123,0.98866881,0.964068227,14-Dec-25,0,1,N,,,,,2,2012,1.016792123,0.98866881,0,0,0,0,CPI_v12_M_v01_A
MNA,ISR,Israel,2013,HES-LIS,2013,National,1,0.979206515,1.004193389,1.032758308,1.032758308,1.004193389,0.979206515,14-Dec-25,0,1,N,,,,,2,2013,1.032758308,1.004193389,0,0,0,0,CPI_v12_M_v01_A
MNA,ISR,Israel,2014,HES-LIS,2014,National,1,0.983904616,1.009011374,1.037713344,1.037713344,1.009011374,0.983904616,14-Dec-25,0,1,N,,,,,2,2014,1.037713344,1.009011374,0,0,0,0,CPI_v12_M_v01_A
MNA,ISR,Israel,2015,HES-LIS,2015,National,1,0.977988476,1.002944268,1.031473655,1.031473655,1.002944268,0.977988476,14-Dec-25,0,1,N,,,,,2,2015,1.031473655,1.002944268,0,0,0,0,CPI_v12_M_v01_A
MNA,ISR,Israel,2016,HES-LIS,2016,National,1,0.972594362,0.99741251,1.025784543,1.025784543,0.99741251,0.972594362,14-Dec-25,0,1,N,,,,,2,2016,1.025784543,0.99741251,0,0,0,0,CPI_v12_M_v01_A
MNA,ISR,Israel,2017,HES-LIS,2017,National,1,0.975117468,1,1.028445635,1.028445635,1,0.975117468,14-Dec-25,0,1,N,,,,,2,2017,1.028445635,1,0,0,0,0,CPI_v12_M_v01_A
MNA,ISR,Israel,2018,HES-LIS,2018,National,1,0.982860633,1.00794075,1.036612265,1.036612265,1.00794075,0.982860633,14-Dec-25,0,1,N,,,,,2,2018,1.036612265,1.00794075,0,0,0,0,CPI_v12_M_v01_A
MNA,ISR,Israel,2019,HES-LIS,2019,National,1,0.991212782,1.016506025,1.045421185,1.045421185,1.016506025,0.991212782,14-Dec-25,0,1,N,,,,,2,2019,1.045421185,1.016506025,0,0,0,0,CPI_v12_M_v01_A
MNA,ISR,Israel,2020,HES-LIS,2020,National,1,0.985122656,1.010260494,1.038997996,1.038997996,1.010260494,0.985122656,14-Dec-25,0,1,N,,,,,2,2020,1.038997996,1.010260494,0,0,0,0,CPI_v12_M_v01_A
MNA,ISR,Israel,2021,HES-LIS,2021,National,1,1,1.025517471,1.054688967,1.054688967,1.025517471,1,14-Dec-25,0,1,N,,,,,2,2021,1.054688967,1.025517471,0,0,0,0,CPI_v12_M_v01_A
ECA,ITA,Italy,1977,SHIW-LIS,1977,National,1,0.126837197,0.131301379,0.138882362,0.138882362,0.131301379,0.126837197,14-Dec-25,0,1,N,,,,,2,1977,0.138882362,0.131301379,0,0,0,0,CPI_v12_M_v01_A
ECA,ITA,Italy,1978,SHIW-LIS,1978,National,1,0.142176904,0.147180985,0.155678813,0.155678813,0.147180985,0.142176904,14-Dec-25,0,1,N,,,,,2,1978,0.155678813,0.147180985,0,0,0,0,CPI_v12_M_v01_A
ECA,ITA,Italy,1979,SHIW-LIS,1979,National,1,0.16321706,0.168961674,0.17871706,0.17871706,0.168961674,0.16321706,14-Dec-25,0,1,N,,,,,2,1979,0.17871706,0.168961674,0,0,0,0,CPI_v12_M_v01_A
ECA,ITA,Italy,1980,SHIW-LIS,1980,National,1,0.197597374,0.204552043,0.216362319,418.9423586,396.0741214,382.6077957,14-Dec-25,0,0.000516449,N,,,,,2,1980,418.9423586,396.0741214,0,0,0,0,CPI_v12_M_v01_A
ECA,ITA,Italy,1981,SHIW-LIS,1981,National,1,0.233104238,0.241308613,0.255241112,494.2233659,467.2458667,451.3597365,14-Dec-25,0,0.000516449,N,,,,,2,1981,494.2233659,467.2458667,0,0,0,0,CPI_v12_M_v01_A
ECA,ITA,Italy,1982,SHIW-LIS,1982,National,1,0.271520785,0.281077274,0.297305908,575.6734296,544.2499264,525.745696,14-Dec-25,0,0.000516449,N,,,,,2,1982,575.6734296,544.2499264,0,0,0,0,CPI_v12_M_v01_A
ECA,ITA,Italy,1983,SHIW-LIS,1983,National,1,0.31128929,0.322245478,0.340851052,659.9898912,623.9639199,602.7494528,14-Dec-25,0,0.000516449,N,,,,,2,1983,659.9898912,623.9639199,0,0,0,0,CPI_v12_M_v01_A
ECA,ITA,Italy,1984,SHIW-LIS,1984,National,1,0.344891403,0.357030257,0.377644208,731.2324794,691.3176857,667.8132236,14-Dec-25,0,0.000516449,N,,,,,2,1984,731.2324794,691.3176857,0,0,0,0,CPI_v12_M_v01_A
ECA,ITA,Italy,1986,SHIW-LIS,1986,National,1,0.398576009,0.412604355,0.436427002,845.0536047,798.925812,771.7627264,14-Dec-25,0,0.000516449,N,,,,,2,1986,845.0536047,798.925812,0,0,0,0,CPI_v12_M_v01_A
ECA,ITA,Italy,1987,SHIW-LIS,1987,National,1,0.417497531,0.432191841,0.457145417,885.170671,836.8530625,808.400469,14-Dec-25,0,0.000516449,N,,,,,2,1987,885.170671,836.8530625,0,0,0,0,CPI_v12_M_v01_A
ECA,ITA,Italy,1989,SHIW-LIS,1989,National,1,0.466072181,0.482476132,0.510332986,988.15776,934.2185353,902.4555635,14-Dec-25,0,0.000516449,N,,,,,2,1989,988.15776,934.2185353,0,0,0,0,CPI_v12_M_v01_A
ECA,ITA,Italy,1991,SHIW-LIS,1991,National,1,0.527174924,0.545729458,0.577238385,1117.706686,1056.69595,1020.768806,14-Dec-25,0,0.000516449,N,,,,,2,1991,1117.706686,1056.69595,0,0,0,0,CPI_v12_M_v01_A
ECA,ITA,Italy,1993,SHIW-LIS,1993,National,1,0.580636698,0.601072881,0.635777187,1231.055366,1163.85742,1124.286839,14-Dec-25,0,0.000516449,N,,,,,2,1993,1231.055366,1163.85742,0,0,0,0,CPI_v12_M_v01_A
ECA,ITA,Italy,1995,SHIW-LIS,1995,National,1,0.635793678,0.658171175,0.69617218,1347.998192,1274.416847,1231.087299,14-Dec-25,0,0.000516449,N,,,,,2,1995,1347.998192,1274.416847,0,0,0,0,CPI_v12_M_v01_A
ECA,ITA,Italy,1998,SHIW-LIS,1998,National,1,0.68797276,0.71218676,0.753306477,1458.627332,1379.007224,1332.121655,14-Dec-25,0,0.000516449,N,,,,,2,1998,1458.627332,1379.007224,0,0,0,0,CPI_v12_M_v01_A
ECA,ITA,Italy,2000,SHIW-LIS,2000,National,1,0.717165886,0.742407372,0.785271945,1520.522066,1437.523395,1388.648304,14-Dec-25,0,0.000516449,N,,,,,2,2000,1520.522066,1437.523395,0,0,0,0,CPI_v12_M_v01_A
ECA,ITA,Italy,2002,SHIW-LIS,2002,National,1,0.755313044,0.781897164,0.827041769,1601.400977,1513.987479,1462.512647,14-Dec-25,0,0.000516449,N,,,,,2,2002,1601.400977,1513.987479,0,0,0,0,CPI_v12_M_v01_A
ECA,ITA,Italy,2003,EU-SILC,2003,National,1,0.775499191,0.802793786,0.849144905,0.849144905,0.802793786,0.775499191,14-Dec-25,1,1,N,,,,,2,2003,0.849144905,0.802793786,0,0,0,0,CPI_v12_M_v01_A
ECA,ITA,Italy,2004,EU-SILC,2004,National,1,0.792612464,0.82050938,0.867883349,0.867883349,0.82050938,0.792612464,14-Dec-25,1,1,N,,,,,2,2004,0.867883349,0.82050938,0,0,0,0,CPI_v12_M_v01_A
ECA,ITA,Italy,2005,EU-SILC,2005,National,1,0.808348135,0.836798887,0.885113367,0.885113367,0.836798887,0.808348135,14-Dec-25,1,1,N,,,,,2,2005,0.885113367,0.836798887,0,0,0,0,CPI_v12_M_v01_A
ECA,ITA,Italy,2006,EU-SILC,2006,National,1,0.825249422,0.854295034,0.903619694,0.903619694,0.854295034,0.825249422,14-Dec-25,1,1,N,,,,,2,2006,0.903619694,0.854295034,0,0,0,0,CPI_v12_M_v01_A
ECA,ITA,Italy,2007,EU-SILC,2007,National,1,0.84034934,0.869926411,0.920153585,0.920153585,0.869926411,0.84034934,14-Dec-25,1,1,N,,,,,2,2007,0.920153585,0.869926411,0,0,0,0,CPI_v12_M_v01_A
ECA,ITA,Italy,2008,EU-SILC,2008,National,1,0.868482877,0.899050141,0.950958839,0.950958839,0.899050141,0.868482877,14-Dec-25,1,1,N,,,,,2,2008,0.950958839,0.899050141,0,0,0,0,CPI_v12_M_v01_A
ECA,ITA,Italy,2009,EU-SILC,2009,National,1,0.87521157,0.906015658,0.958326526,0.958326526,0.906015658,0.87521157,14-Dec-25,1,1,N,,,,,2,2009,0.958326526,0.906015658,0,0,0,0,CPI_v12_M_v01_A
ECA,ITA,Italy,2010,EU-SILC,2010,National,1,0.888563066,0.919837075,0.972945953,0.972945953,0.919837075,0.888563066,14-Dec-25,1,1,N,,,,,2,2010,0.972945953,0.919837075,0,0,0,0,CPI_v12_M_v01_A
ECA,ITA,Italy,2011,EU-SILC,2011,National,1,0.913270735,0.945414359,1,1,0.945414359,0.913270735,14-Dec-25,1,1,N,,,,,2,2011,1,0.945414359,0,0,0,0,CPI_v12_M_v01_A
ECA,ITA,Italy,2012,EU-SILC,2012,National,1,0.941046601,0.974167829,1.030413617,1.030413617,0.974167829,0.941046601,14-Dec-25,1,1,N,,,,,2,2012,1.030413617,0.974167829,0,0,0,0,CPI_v12_M_v01_A
ECA,ITA,Italy,2013,EU-SILC,2013,National,1,0.952527309,0.986052614,1.042984597,1.042984597,0.986052614,0.952527309,14-Dec-25,1,1,N,,,,,2,2013,1.042984597,0.986052614,0,0,0,0,CPI_v12_M_v01_A
ECA,ITA,Italy,2014,EU-SILC,2014,National,1,0.954823355,0.988429473,1.045498689,1.045498689,0.988429473,0.954823355,14-Dec-25,1,1,N,,,,,2,2014,1.045498689,0.988429473,0,0,0,0,CPI_v12_M_v01_A
ECA,ITA,Italy,2015,EU-SILC,2015,National,1,0.955193771,0.988812925,1.045904281,1.045904281,0.988812925,0.955193771,14-Dec-25,1,1,N,,,,,2,2015,1.045904281,0.988812925,0,0,0,0,CPI_v12_M_v01_A
ECA,ITA,Italy,2016,EU-SILC,2016,National,1,0.95429573,0.987883277,1.044920957,1.044920957,0.987883277,0.95429573,14-Dec-25,1,1,N,,,,,2,2016,1.044920957,0.987883277,0,0,0,0,CPI_v12_M_v01_A
ECA,ITA,Italy,2017,EU-SILC,2017,National,1,0.966000491,1,1.057737267,1.057737267,1,0.966000491,14-Dec-25,1,1,N,,,,,2,2017,1.057737267,1,0,0,0,0,CPI_v12_M_v01_A
ECA,ITA,Italy,2018,EU-SILC,2018,National,1,0.976988622,1.011374871,1.069768892,1.069768892,1.011374871,0.976988622,14-Dec-25,1,1,N,,,,,2,2018,1.069768892,1.011374871,0,0,0,0,CPI_v12_M_v01_A
ECA,ITA,Italy,2019,EU-SILC,2019,National,1,0.982960418,1.017556851,1.076307803,1.076307803,1.017556851,0.982960418,14-Dec-25,1,1,N,,,,,2,2019,1.076307803,1.017556851,0,0,0,0,CPI_v12_M_v01_A
ECA,ITA,Italy,2020,EU-SILC,2020,National,1,0.981606815,1.016155607,1.074825654,1.074825654,1.016155607,0.981606815,14-Dec-25,1,1,N,,,,,2,2020,1.074825654,1.016155607,0,0,0,0,CPI_v12_M_v01_A
ECA,ITA,Italy,2021,EU-SILC,2021,National,1,1,1.035196162,1.094965558,1.094965558,1.035196162,1,14-Dec-25,1,1,N,,,,,2,2021,1.094965558,1.035196162,0,0,0,0,CPI_v12_M_v01_A
ECA,ITA,Italy,2022,EU-SILC,2022,National,1,1.082012909,1.120095611,1.18476687,1.18476687,1.120095611,1.082012909,14-Dec-25,1,1,N,,,,,2,,,,1,1,1,1,CPI_v12_M_v01_A
LAC,JAM,Jamaica,1988,SLC,1988,National,1,0.014913133,0.017906367,0.02509777,0.02509777,0.017906367,0.014913133,14-Dec-25,0,1,N,,,,,2,1988,0.02509777,0.017906367,0,0,0,0,CPI_v12_M_v01_A
LAC,JAM,Jamaica,1990,SLC,1990,National,1,0.024050112,0.028877242,0.040474675,0.040474675,0.028877242,0.024050112,14-Dec-25,1,1,N,,,,,2,1990,0.040474675,0.028877242,0,0,0,0,CPI_v12_M_v01_A
LAC,JAM,Jamaica,1993,SLC,1993,National,1,0.080353276,0.096481088,0.135229005,0.135229005,0.096481088,0.080353276,14-Dec-25,0,1,N,,,,,2,1993,0.135229005,0.096481088,0,0,0,0,CPI_v12_M_v01_A
LAC,JAM,Jamaica,1996,SLC,1996,National,1,0.138684253,0.166519753,0.233396005,0.233396005,0.166519753,0.138684253,14-Dec-25,1,1,N,,,,,2,1996,0.233396005,0.166519753,0,0,0,0,CPI_v12_M_v01_A
LAC,JAM,Jamaica,1999,SLC,1999,National,1,0.174452712,0.209467346,0.293591846,0.293591846,0.209467346,0.174452712,14-Dec-25,1,1,N,,,,,2,1999,0.293591846,0.209467346,0,0,0,0,CPI_v12_M_v01_A
LAC,JAM,Jamaica,2002,SLC,2002,National,1,0.212754508,0.255456746,0.35805112,0.35805112,0.255456746,0.212754508,14-Dec-25,1,1,N,,,,,2,2002,0.35805112,0.255456746,0,0,0,0,CPI_v12_M_v01_A
LAC,JAM,Jamaica,2004,SLC,2004,National,1,0.263923313,0.31689571,0.44416468,0.44416468,0.31689571,0.263923313,14-Dec-25,1,1,N,,,,,2,2004,0.44416468,0.31689571,0,0,0,0,CPI_v12_M_v01_A
LAC,JAM,Jamaica,2018,JSLC,2018,National,1,0.863959871,1.037366397,1.4539847,1.4539847,1.037366397,0.863959871,14-Dec-25,2,1,N,,,,,2,2018,1.4539847,1.037366397,0,0,0,0,CPI_v12_M_v01_A
LAC,JAM,Jamaica,2021,JSLC,2021,National,1,1,1.200711321,1.682930828,1.682930828,1.200711321,1,14-Dec-25,2,1,N,,,,,2,2021,1.682930828,1.200711321,0,0,0,0,CPI_v12_M_v01_A
MNA,JOR,Jordan,1986,HEIS,1986.5,National,1,0.241094098,0.258043528,0.295618072,0.295618072,0.258043528,0.241094098,14-Dec-25,0,1,N,,,,,2,1986.5,0.295618072,0.258043528,0,0,0,0,CPI_v12_M_v01_A
MNA,JOR,Jordan,1992,HEIS,1992,National,1,0.422061539,0.451733367,0.517511708,0.517511708,0.451733367,0.422061539,14-Dec-25,0,1,N,,,,,2,1992,0.517511708,0.451733367,0,0,0,0,CPI_v12_M_v01_A
MNA,JOR,Jordan,1997,HEIS,1997,National,1,0.507001421,0.542644704,0.621660936,0.621660936,0.542644704,0.507001421,14-Dec-25,0,1,N,,,,,2,1997,0.621660936,0.542644704,0,0,0,0,CPI_v12_M_v01_A
MNA,JOR,Jordan,2002,HEIS,2002.5,National,1,0.553087721,0.59197097,0.678169757,0.678169757,0.59197097,0.553087721,14-Dec-25,1,1,N,,,,,2,2002.5,0.678169757,0.59197097,0,0,0,0,CPI_v12_M_v01_A
MNA,JOR,Jordan,2006,HEIS,2006.14,National,1,0.634405612,0.679005682,0.777877872,0.777877872,0.679005682,0.634405612,14-Dec-25,2,1,N,,,,,2,2006.14,0.777877872,0.679005682,0,0,0,0,CPI_v12_M_v01_A
MNA,JOR,Jordan,2008,HEIS,2008.16,National,1,0.751453937,0.804282754,0.92139694,0.92139694,0.804282754,0.751453937,14-Dec-25,3,1,N,,,,,2,2008.16,0.92139694,0.804282754,0,0,0,0,CPI_v12_M_v01_A
MNA,JOR,Jordan,2010,HEIS,2010.24,National,1,0.790790512,0.846384774,0.96962957,0.96962957,0.846384774,0.790790512,14-Dec-25,3,1,N,,,,,2,2010.24,0.96962957,0.846384774,0,0,0,0,CPI_v12_M_v01_A
EAP,JPN,Japan,2008,JHPS-KHPS-LIS,2008,National,1,0.970566244,0.982217319,1.023940119,1.023940119,0.982217319,0.970566244,14-Dec-25,0,1,N,,,,,2,,,,1,1,1,1,CPI_v12_M_v01_A
EAP,JPN,Japan,2009,JHPS-KHPS-LIS,2009,National,1,0.957436095,0.96892955,1.01008791,1.01008791,0.96892955,0.957436095,14-Dec-25,0,1,N,,,,,2,,,,1,1,1,1,CPI_v12_M_v01_A
EAP,JPN,Japan,2010,JHPS-KHPS-LIS,2010,National,1,0.950463597,0.961873352,1.002731976,1.002731976,0.961873352,0.950463597,14-Dec-25,0,1,N,,,,,2,,,,1,1,1,1,CPI_v12_M_v01_A
EAP,JPN,Japan,2011,JHPS-KHPS-LIS,2011,National,1,0.947874027,0.959252696,1,1,0.959252696,0.947874027,14-Dec-25,0,1,N,,,,,2,,,,1,1,1,1,CPI_v12_M_v01_A
EAP,JPN,Japan,2012,JHPS-KHPS-LIS,2012,National,1,0.947456343,0.958829998,0.999559346,0.999559346,0.958829998,0.947456343,14-Dec-25,0,1,N,,,,,2,,,,1,1,1,1,CPI_v12_M_v01_A
EAP,JPN,Japan,2013,JHPS-KHPS-LIS,2013,National,1,0.950630671,0.962042431,1.002908238,1.002908238,0.962042431,0.950630671,14-Dec-25,0,1,N,,,,,2,,,,1,1,1,1,CPI_v12_M_v01_A
EAP,JPN,Japan,2014,JHPS-KHPS-LIS,2014,National,1,0.976860731,0.988587367,1.030580755,1.030580755,0.988587367,0.976860731,14-Dec-25,0,1,N,,,,,2,,,,1,1,1,1,CPI_v12_M_v01_A
EAP,JPN,Japan,2015,JHPS-KHPS-LIS,2015,National,1,0.984629512,0.996449408,1.038776761,1.038776761,0.996449408,0.984629512,14-Dec-25,0,1,N,,,,,2,,,,1,1,1,1,CPI_v12_M_v01_A
EAP,JPN,Japan,2016,JHPS-KHPS-LIS,2016,National,1,0.983376459,0.995181313,1.0374548,1.0374548,0.995181313,0.983376459,14-Dec-25,0,1,N,,,,,2,,,,1,1,1,1,CPI_v12_M_v01_A
EAP,JPN,Japan,2017,JHPS-KHPS-LIS,2017,National,1,0.988137986,1,1.042478175,1.042478175,1,0.988137986,14-Dec-25,0,1,N,,,,,2,,,,1,1,1,1,CPI_v12_M_v01_A
EAP,JPN,Japan,2018,JHPS-KHPS-LIS,2018,National,1,0.997911579,1.009890919,1.052789242,1.052789242,1.009890919,0.997911579,14-Dec-25,0,1,N,,,,,2,,,,1,1,1,1,CPI_v12_M_v01_A
EAP,JPN,Japan,2019,JHPS-KHPS-LIS,2019,National,1,1.00258957,1.014625066,1.057724487,1.057724487,1.014625066,1.00258957,14-Dec-25,0,1,N,,,,,2,,,,1,1,1,1,CPI_v12_M_v01_A
EAP,JPN,Japan,2020,JHPS-KHPS-LIS,2020,National,1,1.002338959,1.014371447,1.057460095,1.057460095,1.014371447,1.002338959,14-Dec-25,0,1,N,,,,,2,,,,1,1,1,1,CPI_v12_M_v01_A
ECA,KAZ,Kazakhstan,1993,HBS,1993,National,1,0.001709815,0.002204553,0.003441069,0.003441069,0.002204553,0.001709815,14-Dec-25,0,1,N,,,,,2,1993,0.003441958,0.002208885,0,0,0,0,CPI_v12_M_v01_A
ECA,KAZ,Kazakhstan,1996,LSMS,1996,National,1,0.129949809,0.167551029,0.261529099,0.261529099,0.167551029,0.129949809,14-Dec-25,1,1,N,,,,,2,1996,0.261596674,0.167880278,1,0,1,0,CPI_v12_M_v01_A
ECA,KAZ,Kazakhstan,2001,HBS,2001,National,1,0.217111046,0.279932532,0.436944514,0.436944514,0.279932532,0.217111046,14-Dec-25,2,1,N,,,,,2,2001,0.437057413,0.280482618,1,0,1,0,CPI_v12_M_v01_A
ECA,KAZ,Kazakhstan,2002,HBS,2002,National,1,0.229783649,0.296271977,0.462448626,0.462448626,0.296271977,0.229783649,14-Dec-25,2,1,N,,,,,2,2002,0.462568115,0.296854171,1,0,1,0,CPI_v12_M_v01_A
ECA,KAZ,Kazakhstan,2003,HBS,2003,National,1,0.244577613,0.315346602,0.49222206,0.49222206,0.315346602,0.244577613,14-Dec-25,2,1,N,,,,,2,2003,0.492349242,0.315966279,1,0,1,0,CPI_v12_M_v01_A
ECA,KAZ,Kazakhstan,2004,HBS,2004,National,1,0.261409588,0.33704894,0.526097072,0.526097072,0.33704894,0.261409588,14-Dec-25,2,1,N,,,,,2,2004,0.526233006,0.337711264,1,0,1,0,CPI_v12_M_v01_A
ECA,KAZ,Kazakhstan,2005,HBS,2005,National,1,0.281578261,0.363053456,0.566687318,0.566687318,0.363053456,0.281578261,14-Dec-25,3,1,N,,,,,2,2005,0.566833741,0.363766881,1,0,1,0,CPI_v12_M_v01_A
ECA,KAZ,Kazakhstan,2006,HBS,2006,National,1,0.306136674,0.394717892,0.61611209,0.61611209,0.394717892,0.306136674,14-Dec-25,3,1,N,,,,,2,2006,0.616271283,0.395493539,1,0,1,0,CPI_v12_M_v01_A
ECA,KAZ,Kazakhstan,2007,HBS,2007,National,1,0.339342789,0.437532258,0.682940701,0.682940701,0.437532258,0.339342789,14-Dec-25,3,1,N,,,,,2,2007,0.683117162,0.438392039,1,0,1,0,CPI_v12_M_v01_A
ECA,KAZ,Kazakhstan,2008,HBS,2008,National,1,0.397505834,0.512524889,0.799996117,0.799996117,0.512524889,0.397505834,14-Dec-25,3,1,N,,,,,2,2008,0.800202822,0.513532035,1,0,1,0,CPI_v12_M_v01_A
ECA,KAZ,Kazakhstan,2009,HBS,2009,National,1,0.426587654,0.550021588,0.858524422,0.858524422,0.550021588,0.426587654,14-Dec-25,3,1,N,,,,,2,2009,0.85874625,0.551102418,1,0,1,0,CPI_v12_M_v01_A
ECA,KAZ,Kazakhstan,2010,HBS,2010,National,1,0.458157124,0.590725743,0.922059222,0.922059222,0.590725743,0.458157124,14-Dec-25,3,1,N,,,,,2,2010,0.922297466,0.591886559,1,0,1,0,CPI_v12_M_v01_A
ECA,KAZ,Kazakhstan,2011,HBS,2011,National,1,0.496884705,0.640659221,1,1,0.640659221,0.496884705,14-Dec-25,3,1,N,,,,,2,2011,1,0.641752342,1,0,0,0,CPI_v12_M_v01_A
ECA,KAZ,Kazakhstan,2012,HBS,2012,National,1,0.522701274,0.673945863,1.051956861,1.051956861,0.673945863,0.522701274,14-Dec-25,3,1,N,,,,,2,2012,1.050979114,0.674468308,1,0,1,0,CPI_v12_M_v01_A
ECA,KAZ,Kazakhstan,2013,HBS,2013,National,1,0.553764567,0.713997377,1.114472957,1.114472957,0.713997377,0.553764567,14-Dec-25,3,1,N,,,,,2,2013,1.112423651,0.713900483,1,0,1,0,CPI_v12_M_v01_A
ECA,KAZ,Kazakhstan,2014,HBS,2014,National,1,0.591694378,0.76290225,1.190808194,1.190808194,0.76290225,0.591694378,14-Dec-25,3,1,N,,,,,2,2014,1.187029179,0.761778756,1,0,1,0,CPI_v12_M_v01_A
ECA,KAZ,Kazakhstan,2015,HBS,2015,National,1,0.631209451,0.813851084,1.270333832,1.270333832,0.813851084,0.631209451,14-Dec-25,3,1,N,,,,,2,2015,1.266154015,0.812557305,1,0,1,0,CPI_v12_M_v01_A
ECA,KAZ,Kazakhstan,2016,HBS,2016,National,1,0.721858022,0.930728988,1.452767644,1.452767644,0.930728988,0.721858022,14-Dec-25,3,1,N,,,,,2,2016,1.450328949,0.930752,1,0,1,0,CPI_v12_M_v01_A
ECA,KAZ,Kazakhstan,2017,HBS,2017,National,1,0.775583475,1,1.560892229,1.560892229,1,0.775583475,14-Dec-25,3,1,N,,,,,2,2017,1.558233503,1,0,0,1,0,CPI_v12_M_v01_A
ECA,KAZ,Kazakhstan,2018,HBS,2018,National,1,0.823387825,1.061636628,1.657100363,1.657100363,1.061636628,0.823387825,14-Dec-25,3,1,N,,,,,2,2018,1.652025649,1.06019133,1,0,1,0,CPI_v12_M_v01_A
ECA,KAZ,Kazakhstan,2019,HBS,2019,National,1,0.867303684,1.118259623,1.745482756,1.745482756,1.118259623,0.867303684,14-Dec-25,3,1,N,,,,,2,2019,1.738682291,1.115803433,1,0,1,0,CPI_v12_M_v01_A
ECA,KAZ,Kazakhstan,2020,HBS,2020,National,1,0.92557051,1.193386064,1.862747033,1.862747033,1.193386064,0.92557051,14-Dec-25,3,1,N,,,,,2,2020,1.856417919,1.191360548,1,0,1,0,CPI_v12_M_v01_A
ECA,KAZ,Kazakhstan,2021,HBS,2021,National,1,1,1.289351866,2.012539308,2.012539308,1.289351866,1,14-Dec-25,3,1,N,,,,,2,2021,2.005717073,1.28717363,1,0,1,0,CPI_v12_M_v01_A
SSA,KEN,Kenya,1992,WMS-I,1992,National,1,0.077862567,0.095941092,0.145085663,0.145085663,0.095941092,0.077862567,14-Dec-25,0,1,N,,,,,2,1992,0.145085663,0.095941092,0,0,0,0,CPI_v12_M_v01_A
SSA,KEN,Kenya,1994,WMS-II,1994,National,1,0.146414174,0.180409359,0.272821696,0.272821696,0.180409359,0.146414174,14-Dec-25,1,1,N,,,,,2,1994,0.272821696,0.180409359,0,0,0,0,CPI_v12_M_v01_A
SSA,KEN,Kenya,1997,WMS-III,1997,National,1,0.18019632,0.222035216,0.335769853,0.335769853,0.222035216,0.18019632,14-Dec-25,2,1,N,,,,,2,1997,0.335769853,0.222035216,0,0,0,0,CPI_v12_M_v01_A
SSA,KEN,Kenya,2005,IHBS,2005.38,National,1,0.328804782,0.405148344,0.612680288,0.612680288,0.405148344,0.328804782,14-Dec-25,3,1,N,,,,,2,2005.38,0.612680288,0.405148344,0,0,0,0,CPI_v12_M_v01_A
SSA,KEN,Kenya,2015,IHBS,2015.67,National,1,0.736816782,0.907894641,1.372951805,1.372951805,0.907894641,0.736816782,14-Dec-25,3,1,N,,,,,2,2015.67,1.372951805,0.907894641,0,0,0,0,CPI_v12_M_v01_A
SSA,KEN,Kenya,2020,KCHS,2020,National,1,0.938764184,1.156777986,1.749314431,1.749314431,1.156777986,0.938764184,14-Dec-25,3,1,N,,,,,2,2020,1.749246402,1.156733,1,0,1,0,CPI_v12_M_v01_A
SSA,KEN,Kenya,2021,KCHS,2021,National,1,1.001028458,1.233502197,1.865339089,1.865339089,1.233502197,1.001028458,14-Dec-25,3,1,N,,,,,2,2021,1.865260051,1.233449931,1,0,1,0,CPI_v12_M_v01_A
ECA,KGZ,Kyrgyz Republic,1998,KPMS,1998,National,1,0.162591973,0.19866894,0.258210622,0.258210622,0.19866894,0.162591973,14-Dec-25,0,1,N,,,,,2,1998,0.258210622,0.19866894,0,0,0,0,CPI_v12_M_v01_A
ECA,KGZ,Kyrgyz Republic,2000,HBS,2000,National,1,0.26446675,0.323148357,0.419996897,0.419996897,0.323148357,0.26446675,14-Dec-25,1,1,N,,,,,2,2000,0.419996897,0.323148357,0,0,0,0,CPI_v12_M_v01_A
ECA,KGZ,Kyrgyz Republic,2001,HBS,2001,National,1,0.282767001,0.345509187,0.449059336,0.449059336,0.345509187,0.282767001,14-Dec-25,1,1,N,,,,,2,2001,0.449059336,0.345509187,0,0,0,0,CPI_v12_M_v01_A
ECA,KGZ,Kyrgyz Republic,2002,HBS,2002,National,1,0.288801848,0.352883086,0.458643214,0.458643214,0.352883086,0.288801848,14-Dec-25,1,1,N,,,,,2,2002,0.458643214,0.352883086,0,0,0,0,CPI_v12_M_v01_A
ECA,KGZ,Kyrgyz Republic,2003,HBS,2003,National,1,0.297392617,0.36338003,0.472286124,0.472286124,0.36338003,0.297392617,14-Dec-25,1,1,N,,,,,2,2003,0.472286124,0.36338003,0,0,0,0,CPI_v12_M_v01_A
ECA,KGZ,Kyrgyz Republic,2004,KIHS,2004,National,1,0.309617388,0.378317313,0.491700156,0.491700156,0.378317313,0.309617388,14-Dec-25,2,1,N,,,,,2,2004,0.491700156,0.378317313,0,0,0,0,CPI_v12_M_v01_A
ECA,KGZ,Kyrgyz Republic,2005,KIHS,2005,National,1,0.323050665,0.394731253,0.513033403,0.513033403,0.394731253,0.323050665,14-Dec-25,2,1,N,,,,,2,2005,0.513033403,0.394731253,0,0,0,0,CPI_v12_M_v01_A
ECA,KGZ,Kyrgyz Republic,2006,KIHS,2006,National,1,0.340986846,0.416647232,0.541517667,0.541517667,0.416647232,0.340986846,14-Dec-25,2,1,N,,,,,2,2006,0.541517667,0.416647232,0,0,0,0,CPI_v12_M_v01_A
ECA,KGZ,Kyrgyz Republic,2007,KIHS,2007,National,1,0.375870159,0.459270681,0.596915493,0.596915493,0.459270681,0.375870159,14-Dec-25,2,1,N,,,,,2,2007,0.596915493,0.459270681,0,0,0,0,CPI_v12_M_v01_A
ECA,KGZ,Kyrgyz Republic,2008,KIHS,2008,National,1,0.468033878,0.571884287,0.743279737,0.743279737,0.571884287,0.468033878,14-Dec-25,2,1,N,,,,,2,2008,0.743279737,0.571884287,0,0,0,0,CPI_v12_M_v01_A
ECA,KGZ,Kyrgyz Republic,2009,KIHS,2009,National,1,0.500031345,0.610981561,0.794094582,0.794094582,0.610981561,0.500031345,14-Dec-25,2,1,N,,,,,2,2009,0.794094582,0.610981561,0,0,0,0,CPI_v12_M_v01_A
ECA,KGZ,Kyrgyz Republic,2010,KIHS,2010,National,1,0.539872433,0.659662849,0.857365799,0.857365799,0.659662849,0.539872433,14-Dec-25,2,1,N,,,,,2,2010,0.857365799,0.659662849,0,0,0,0,CPI_v12_M_v01_A
ECA,KGZ,Kyrgyz Republic,2011,KIHS,2011,National,1,0.62968739,0.769406535,1,1,0.769406535,0.62968739,14-Dec-25,2,1,N,,,,,2,2011,1,0.769406535,0,0,0,0,CPI_v12_M_v01_A
ECA,KGZ,Kyrgyz Republic,2012,KIHS,2012,National,1,0.647119892,0.790707074,1.027684375,1.027684375,0.790707074,0.647119892,14-Dec-25,2,1,N,,,,,2,2012,1.027684375,0.790707074,0,0,0,0,CPI_v12_M_v01_A
ECA,KGZ,Kyrgyz Republic,2013,KIHS,2013,National,1,0.689918803,0.843002487,1.095652881,1.095652881,0.843002487,0.689918803,14-Dec-25,2,1,N,,,,,2,2013,1.095652881,0.843002487,0,0,0,0,CPI_v12_M_v01_A
ECA,KGZ,Kyrgyz Republic,2014,KIHS,2014,National,1,0.74189903,0.906516425,1.178202139,1.178202139,0.906516425,0.74189903,14-Dec-25,2,1,N,,,,,2,2014,1.178202139,0.906516425,0,0,0,0,CPI_v12_M_v01_A
ECA,KGZ,Kyrgyz Republic,2015,KIHS,2015,National,1,0.790147081,0.965470068,1.254824367,1.254824367,0.965470068,0.790147081,14-Dec-25,2,1,N,,,,,2,2015,1.254824367,0.965470068,0,0,0,0,CPI_v12_M_v01_A
ECA,KGZ,Kyrgyz Republic,2016,KIHS,2016,National,1,0.793219451,0.969224155,1.259703565,1.259703565,0.969224155,0.793219451,14-Dec-25,2,1,N,,,,,2,2016,1.259703565,0.969224155,0,0,0,0,CPI_v12_M_v01_A
ECA,KGZ,Kyrgyz Republic,2017,KIHS,2017,National,1,0.818406605,1,1.299703024,1.299703024,1,0.818406605,14-Dec-25,2,1,N,,,,,2,2017,1.299703024,1,0,0,0,0,CPI_v12_M_v01_A
ECA,KGZ,Kyrgyz Republic,2018,KIHS,2018,National,1,0.831031857,1.015426625,1.319753055,1.319753055,1.015426625,0.831031857,14-Dec-25,2,1,N,,,,,2,2018,1.319753055,1.015426625,0,0,0,0,CPI_v12_M_v01_A
ECA,KGZ,Kyrgyz Republic,2019,KIHS,2019,National,1,0.840452604,1.026937709,1.334714046,1.334714046,1.026937709,0.840452604,14-Dec-25,2,1,N,,,,,2,2019,1.334714046,1.026937709,0,0,0,0,CPI_v12_M_v01_A
ECA,KGZ,Kyrgyz Republic,2020,KIHS,2020,National,1,0.893614832,1.091895919,1.419140427,1.419140427,1.091895919,0.893614832,14-Dec-25,2,1,N,,,,,2,2020,1.419140427,1.091895919,0,0,0,0,CPI_v12_M_v01_A
ECA,KGZ,Kyrgyz Republic,2021,KIHS,2021,National,1,1,1.221886521,1.588089607,1.588089607,1.221886521,1,14-Dec-25,2,1,N,,,,,2,2021,1.588089607,1.221886521,0,0,0,0,CPI_v12_M_v01_A
ECA,KGZ,Kyrgyz Republic,2022,KIHS,2022,National,1,1.13922911,1.392008694,1.809197909,1.809197909,1.392008694,1.13922911,14-Dec-25,2,1,N,,,,,2,2022,1.809197909,1.392008694,0,0,0,0,CPI_v12_M_v01_A
EAP,KIR,Kiribati,2006,HIES,2006,National,1,0.764816345,0.790371475,0.792858298,0.792858298,0.790371475,0.764816345,14-Dec-25,0,1,N,,,,,2,2006,0.792858298,0.790371475,0,0,0,0,CPI_v12_M_v01_A
EAP,KIR,Kiribati,2019,HIES,2019.27,National,1,0.962068162,0.994214151,0.997342344,0.997342344,0.994214151,0.962068162,14-Dec-25,1,1,N,,,,,2,2019.27,0.997341721,0.99421353,0,0,0,0,CPI_v12_M_v01_A
EAP,KOR,"Korea, Rep.",2006,HIES-FHES-LIS,2006,National,1,0.742267314,0.779160882,0.846757558,0.846757558,0.779160882,0.742267314,14-Dec-25,0,1,N,,,,,2,2006,0.846757558,0.779160882,0,0,0,0,CPI_v12_M_v01_A
EAP,KOR,"Korea, Rep.",2008,HIES-FHES-LIS,2008,National,1,0.796652797,0.836249534,0.908798978,0.908798978,0.836249534,0.796652797,14-Dec-25,0,1,N,,,,,2,2008,0.908798978,0.836249534,0,0,0,0,CPI_v12_M_v01_A
EAP,KOR,"Korea, Rep.",2010,HIES-FHES-LIS,2010,National,1,0.842673838,0.884558,0.96129848,0.96129848,0.884558,0.842673838,14-Dec-25,0,1,N,,,,,2,2010,0.96129848,0.884558,0,0,0,0,CPI_v12_M_v01_A
EAP,KOR,"Korea, Rep.",2012,HIES-FHES-LIS,2012,National,1,0.895771445,0.940294764,1.021870729,1.021870729,0.940294764,0.895771445,14-Dec-25,0,1,N,,,,,2,2012,1.021870729,0.940294764,0,0,0,0,CPI_v12_M_v01_A
EAP,KOR,"Korea, Rep.",2014,HIES-FHES-LIS,2014,National,1,0.918996216,0.964673896,1.04836489,1.04836489,0.964673896,0.918996216,14-Dec-25,0,1,N,,,,,2,2014,1.04836489,0.964673896,0,0,0,0,CPI_v12_M_v01_A
EAP,KOR,"Korea, Rep.",2016,SHFLC-LIS,2016,National,1,0.934480232,0.980927528,1.066028617,1.066028617,0.980927528,0.934480232,14-Dec-25,1,1,N,,,,,2,2016,1.066028617,0.980927528,0,0,0,0,CPI_v12_M_v01_A
EAP,KOR,"Korea, Rep.",2017,SHFLC-LIS,2017,National,1,0.952649615,1,1.086755736,1.086755736,1,0.952649615,14-Dec-25,1,1,N,,,,,2,2017,1.086755736,1,0,0,0,0,CPI_v12_M_v01_A
EAP,KOR,"Korea, Rep.",2018,SHFLC-LIS,2018,National,1,0.966709202,1.014758403,1.102794514,1.102794514,1.014758403,0.966709202,14-Dec-25,1,1,N,,,,,2,2018,1.102794514,1.014758403,0,0,0,0,CPI_v12_M_v01_A
EAP,KOR,"Korea, Rep.",2019,SHFLC-LIS,2019,National,1,0.970411715,1.018644946,1.107018237,1.107018237,1.018644946,0.970411715,14-Dec-25,1,1,N,,,,,2,2019,1.107018237,1.018644946,0,0,0,0,CPI_v12_M_v01_A
EAP,KOR,"Korea, Rep.",2020,SHFLC-LIS,2020,National,1,0.97562558,1.024117959,1.112966066,1.112966066,1.024117959,0.97562558,14-Dec-25,1,1,N,,,,,2,2020,1.112966066,1.024117959,0,0,0,0,CPI_v12_M_v01_A
EAP,KOR,"Korea, Rep.",2021,SHFLC-LIS,2021,National,1,1,1.049703883,1.140771716,1.140771716,1.049703883,1,14-Dec-25,1,1,N,,,,,2,2021,1.140771716,1.049703883,0,0,0,0,CPI_v12_M_v01_A
,LAO,Lao PDR,1992,LECS,1992.2,National,1,,,,0.037685838,0.031457189,0.027360337,14-Dec-25,0,1,N,-9,,0,,2,1992.2,0.037685838,0.031457189,0,0,0,0,CPI_v12_M_v01_A
,LAO,Lao PDR,1997,LECS,1997.2,National,1,,,,0.086041525,0.071820736,0.062467102,14-Dec-25,0,1,N,-9,,0,,2,1997.2,0.086041525,0.071820736,0,0,0,0,CPI_v12_M_v01_A
,LAO,Lao PDR,2002,LECS,2002.25,National,1,,,,0.485344619,0.405127734,0.352365583,14-Dec-25,0,1,N,-9,,0,,2,2002.25,0.485344619,0.405127734,0,0,0,0,CPI_v12_M_v01_A
,LAO,Lao PDR,2007,LECS,2007.23,National,1,,,,0.828116536,0.691246927,0.6012218,14-Dec-25,0,1,N,-9,,0,,2,2007.23,0.828116536,0.691246927,0,0,0,0,CPI_v12_M_v01_A
EAP,LAO,Lao PDR,2012,LECS,2012.25,National,1,0.768960204,0.88410195,1.059157658,1.05915761,0.884101927,0.768960178,14-Dec-25,1,1,N,1,,1,,2,2012.25,1.059157658,0.88410195,0,0,0,0,CPI_v12_M_v01_A
EAP,LAO,Lao PDR,2018,LECS,2018.42,National,1,0.899895834,1.03464348,1.23950701,1.23950696,1.034643412,0.899895787,14-Dec-25,1,1,N,1,,1,,2,2018.42,1.23950701,1.03464348,0,0,0,0,CPI_v12_M_v01_A
MNA,LBN,Lebanon,2011,HBS,2011.77,National,1,0.176792487,0.909751281,1.031325476,1.031325476,0.909751281,0.176792487,14-Dec-25,0,1,N,,,,,2,2011.77,1.031325476,0.909751281,0,0,0,0,CPI_v12_M_v01_A
MNA,LBN,Lebanon,2022,LHS,2022.8,National,1,4.291578204,22.08390657,25.03507929,25.03507929,22.08390657,4.291578204,14-Dec-25,1,1,O,,,,,2,,,,1,1,1,1,CPI_v12_M_v01_A
SSA,LBR,Liberia,2007,CWIQ,2007,National,1,0.002862052,0.005661862,0.680681201,49.16356113,0.408939275,0.206717438,14-Dec-25,0,0.013845238,N,,,,,2,2007,49.16356113,0.408939275,0,0,0,0,CPI_v12_M_v01_A
SSA,LBR,Liberia,2014,HIES,2014,National,1,0.005308831,0.010502209,1.262598155,91.19367693,0.75854302,0.383440964,14-Dec-25,1,0.013845238,N,,,,,2,2014,91.19367693,0.75854302,0,0,0,0,CPI_v12_M_v01_A
SSA,LBR,Liberia,2016,HIES,2016,National,1,0.006225533,0.012315676,1.48061715,106.9405349,0.889524351,0.44965159,14-Dec-25,1,0.013845238,N,,,,,2,2016,106.9405349,0.889524351,0,0,0,0,CPI_v12_M_v01_A
LAC,LCA,St. Lucia,1995,LSMS,1995,National,1,0.626504185,0.64600686,0.679103089,0.679103089,0.64600686,0.626504185,14-Dec-25,0,1,N,,,,,2,1995,0.679103089,0.64600686,0,0,0,0,CPI_v12_M_v01_A
LAC,LCA,St. Lucia,2015,SLCHBS,2015.78,National,1,0.981154254,1.011696959,1.063528227,1.063528227,1.011696959,0.981154254,14-Dec-25,1,1,N,,,,,2,2015.78,1.063528227,1.011696959,0,0,0,0,CPI_v12_M_v01_A
SAR,LKA,Sri Lanka,1985,LFSS,1985,National,1,0.045625782,0.054805541,0.075538549,0.075538549,0.054805541,0.045625782,14-Dec-25,0,1,N,,,,,2,1985,0.075538549,0.054805541,0,0,0,0,CPI_v12_M_v01_A
SAR,LKA,Sri Lanka,1990,HIES,1990.5,National,1,0.086992077,0.104494598,0.144025043,0.144025043,0.104494598,0.086992077,14-Dec-25,1,1,N,,,,,2,1990.5,0.144025043,0.104494598,0,0,0,0,CPI_v12_M_v01_A
SAR,LKA,Sri Lanka,1995,SES,1995.5,National,1,0.144351003,0.173393954,0.238989116,0.238989116,0.173393954,0.144351003,14-Dec-25,2,1,N,,,,,2,1995.5,0.238989116,0.173393954,0,0,0,0,CPI_v12_M_v01_A
SAR,LKA,Sri Lanka,2002,HIES,2002,National,1,0.258219344,0.310172233,0.427510799,0.427510799,0.310172233,0.258219344,14-Dec-25,3,1,N,,,,,2,2002,0.427510799,0.310172233,0,0,0,0,CPI_v12_M_v01_A
SAR,LKA,Sri Lanka,2006,HIES,2006.5,National,1,0.391466022,0.470227708,0.648115471,0.648115471,0.470227708,0.391466022,14-Dec-25,3,1,N,,,,,2,2006.5,0.648115471,0.470227708,0,0,0,0,CPI_v12_M_v01_A
SAR,LKA,Sri Lanka,2009,HIES,2009.5,National,1,0.549424708,0.659967167,0.909633618,0.909633618,0.659967167,0.549424708,14-Dec-25,3,1,N,,,,,2,2009.5,0.909633618,0.659967167,0,0,0,0,CPI_v12_M_v01_A
SAR,LKA,Sri Lanka,2012,HIES,2012.5,National,1,0.672003773,0.807208739,1.112576872,1.112576872,0.807208739,0.672003773,14-Dec-25,3,1,N,,,,,2,2012.5,1.112576872,0.807208739,0,0,0,0,CPI_v12_M_v01_A
SAR,LKA,Sri Lanka,2016,HIES,2016,National,1,0.772953631,0.928469379,1.279710572,1.279710572,0.928469379,0.772953631,14-Dec-25,3,1,N,,,,,2,2016,1.279710572,0.928469379,0,0,0,0,CPI_v12_M_v01_A
SAR,LKA,Sri Lanka,2019,HIES,2019,National,1,0.88027848,1.057387637,1.457398778,1.457398778,1.057387637,0.88027848,14-Dec-25,3,1,N,,,,,2,2019,1.457398778,1.057387637,0,0,0,0,CPI_v12_M_v01_A
SSA,LSO,Lesotho,1986,HBS,1986.54,National,1,0.071360662,0.087535241,0.1178821,0.1178821,0.087535241,0.071360662,14-Dec-25,0,1,N,,,,,2,1986.54,0.117928415,0.087506396,1,0,1,0,CPI_v12_M_v01_A
SSA,LSO,Lesotho,1994,NHECS,1994.45,National,1,0.188286537,0.230963487,0.311034283,0.311034283,0.230963487,0.188286537,14-Dec-25,1,1,N,,,,,2,1994.45,0.311164116,0.23089304,1,0,1,0,CPI_v12_M_v01_A
SSA,LSO,Lesotho,2002,HBS,2002.75,National,1,0.370118886,0.454009882,0.611406763,0.611406763,0.454009882,0.370118886,14-Dec-25,2,1,N,,,,,2,2002.75,0.611651515,0.453863639,1,0,1,0,CPI_v12_M_v01_A
SSA,LSO,Lesotho,2017,CMSHBS,2017.14,National,1,0.819708817,1.005503685,1.35409333,1.35409333,1.005503685,0.819708817,14-Dec-25,3,1,N,,,,,2,2017.14,1.355071894,1.005503699,0,0,1,0,CPI_v12_M_v01_A
ECA,LTU,Lithuania,1993,HBS,1993,National,1,0.587224288,0.653802083,0.204833084,0.204833084,0.653802083,0.587224288,14-Dec-25,0,1,N,,,,,2,1993,0.204833084,0.653802083,0,0,0,0,CPI_v12_M_v01_A
ECA,LTU,Lithuania,1996,HBS,1996,National,1,1.760412634,1.960003138,0.614059663,0.614059663,1.960003138,1.760412634,14-Dec-25,1,1,N,,,,,2,1996,0.614059663,1.960003138,0,0,0,0,CPI_v12_M_v01_A
ECA,LTU,Lithuania,1998,HBS,1998,National,1,2.013888401,2.242217255,0.702476004,0.702476004,2.242217255,2.013888401,14-Dec-25,2,1,N,,,,,2,1998,0.702476004,2.242217255,0,0,0,0,CPI_v12_M_v01_A
ECA,LTU,Lithuania,1999,HBS,1999,National,1,2.028540456,2.258530518,0.707586872,0.707586872,2.258530518,2.028540456,14-Dec-25,2,1,N,,,,,2,1999,0.707586872,2.258530518,0,0,0,0,CPI_v12_M_v01_A
ECA,LTU,Lithuania,2000,HBS,2000,National,1,2.048452934,2.280700616,0.714532658,0.714532658,2.280700616,2.048452934,14-Dec-25,2,1,N,,,,,2,2000,0.714532658,2.280700616,0,0,0,0,CPI_v12_M_v01_A
ECA,LTU,Lithuania,2001,HBS,2001,National,1,2.076457692,2.311880473,0.724301159,0.724301159,2.311880473,2.076457692,14-Dec-25,2,1,N,,,,,2,2001,0.724301159,2.311880473,0,0,0,0,CPI_v12_M_v01_A
ECA,LTU,Lithuania,2002,HBS,2002,National,1,2.082303097,2.318388612,0.726340128,0.726340128,2.318388612,2.082303097,14-Dec-25,2,1,N,,,,,2,2002,0.726340128,2.318388612,0,0,0,0,CPI_v12_M_v01_A
ECA,LTU,Lithuania,2003,HBS,2003,National,1,2.058683285,2.292090854,0.718101166,0.718101166,2.292090854,2.058683285,14-Dec-25,2,1,N,,,,,2,2003,0.718101166,2.292090854,0,0,0,0,CPI_v12_M_v01_A
ECA,LTU,Lithuania,2004,EU-SILC,2004,National,1,2.082648415,2.318773081,0.726460581,0.726460581,2.318773081,2.082648415,14-Dec-25,3,1,N,,,,,2,2004,0.726460581,2.318773081,0,0,0,0,CPI_v12_M_v01_A
ECA,LTU,Lithuania,2004,HBS,2004,National,1,2.082648415,2.318773081,0.726460581,0.726460581,2.318773081,2.082648415,14-Dec-25,2,1,N,,,,,2,2004,0.726460581,2.318773081,0,0,0,0,CPI_v12_M_v01_A
ECA,LTU,Lithuania,2005,EU-SILC,2005,National,1,2.138015397,2.380417412,0.745773456,0.745773456,2.380417412,2.138015397,14-Dec-25,3,1,N,,,,,2,2005,0.745773456,2.380417412,0,0,0,0,CPI_v12_M_v01_A
ECA,LTU,Lithuania,2006,EU-SILC,2006,National,1,2.217958326,2.469424039,0.773658809,0.773658809,2.469424039,2.217958326,14-Dec-25,3,1,N,,,,,2,2006,0.773658809,2.469424039,0,0,0,0,CPI_v12_M_v01_A
ECA,LTU,Lithuania,2007,EU-SILC,2007,National,1,2.345206414,2.611099148,0.818044947,0.818044947,2.611099148,2.345206414,14-Dec-25,3,1,N,,,,,2,2007,0.818044947,2.611099148,0,0,0,0,CPI_v12_M_v01_A
ECA,LTU,Lithuania,2008,EU-SILC,2008,National,1,2.601441151,2.89638504,0.907423661,0.907423661,2.89638504,2.601441151,14-Dec-25,3,1,N,,,,,2,2008,0.907423661,2.89638504,0,0,0,0,CPI_v12_M_v01_A
ECA,LTU,Lithuania,2008,HBS,2008,National,1,2.601441151,2.89638504,0.907423661,0.907423661,2.89638504,2.601441151,14-Dec-25,2,1,N,,,,,2,2008,0.907423661,2.89638504,0,0,0,0,CPI_v12_M_v01_A
ECA,LTU,Lithuania,2009,EU-SILC,2009,National,1,2.717284304,3.025362155,0.947831578,0.947831578,3.025362155,2.717284304,14-Dec-25,3,1,N,,,,,2,2009,0.947831578,3.025362155,0,0,0,0,CPI_v12_M_v01_A
ECA,LTU,Lithuania,2010,EU-SILC,2010,National,1,2.753131175,3.065273242,0.960335531,0.960335531,3.065273242,2.753131175,14-Dec-25,3,1,N,,,,,2,2010,0.960335531,3.065273242,0,0,0,0,CPI_v12_M_v01_A
ECA,LTU,Lithuania,2011,EU-SILC,2011,National,1,2.866842979,3.191877362,1,1,3.191877362,2.866842979,14-Dec-25,3,1,N,,,,,2,2011,1,3.191877362,0,0,0,0,CPI_v12_M_v01_A
ECA,LTU,Lithuania,2012,EU-SILC,2012,National,1,2.955428092,3.290505999,1.030899883,1.030899883,3.290505999,2.955428092,14-Dec-25,3,1,N,,,,,2,2012,1.030899883,3.290505999,0,0,0,0,CPI_v12_M_v01_A
ECA,LTU,Lithuania,2013,EU-SILC,2013,National,1,2.986385484,3.324973251,1.041698309,1.041698309,3.324973251,2.986385484,14-Dec-25,3,1,N,,,,,2,2013,1.041698309,3.324973251,0,0,0,0,CPI_v12_M_v01_A
ECA,LTU,Lithuania,2014,EU-SILC,2014,National,1,2.989484101,3.32842318,1.042779156,1.042779156,3.32842318,2.989484101,14-Dec-25,3,1,N,,,,,2,2014,1.042779156,3.32842318,0,0,0,0,CPI_v12_M_v01_A
ECA,LTU,Lithuania,2015,EU-SILC,2015,National,1,2.963054277,3.298996819,1.033560017,0.299339671,0.95545552,0.858159835,14-Dec-25,3,3.4528,N,,,,,2,2015,0.299339671,0.95545552,0,0,0,0,CPI_v12_M_v01_A
ECA,LTU,Lithuania,2016,EU-SILC,2016,National,1,2.989885501,3.32887009,1.04291917,0.302050269,0.964107417,0.865930694,14-Dec-25,3,3.4528,N,,,,,2,2016,0.302050269,0.964107417,0,0,0,0,CPI_v12_M_v01_A
ECA,LTU,Lithuania,2017,EU-SILC,2017,National,1,3.101195415,3.4528,1.081745822,0.313295245,1,0.898168273,14-Dec-25,3,3.4528,N,,,,,2,2017,0.313295245,1,0,0,0,0,CPI_v12_M_v01_A
ECA,LTU,Lithuania,2018,EU-SILC,2018,National,1,3.184863531,3.545954166,1.110930579,0.321747735,1.026979311,0.922400235,14-Dec-25,3,3.4528,N,,,,,2,2018,0.321747735,1.026979311,0,0,0,0,CPI_v12_M_v01_A
ECA,LTU,Lithuania,2019,EU-SILC,2019,National,1,3.259214373,3.628734692,1.136865324,0.329258956,1.050954209,0.943933727,14-Dec-25,3,3.4528,N,,,,,2,2019,0.329258956,1.050954209,0,0,0,0,CPI_v12_M_v01_A
ECA,LTU,Lithuania,2020,EU-SILC,2020,National,1,3.298321598,3.672275781,1.150506541,0.333209726,1.06356458,0.955259962,14-Dec-25,3,3.4528,N,,,,,2,2020,0.333209726,1.06356458,0,0,0,0,CPI_v12_M_v01_A
ECA,LTU,Lithuania,2021,EU-SILC,2021,National,1,3.4528,3.844268498,1.204391041,0.348815756,1.113377114,1,14-Dec-25,3,3.4528,N,,,,,2,2021,0.348815756,1.113377114,0,0,0,0,CPI_v12_M_v01_A
ECA,LTU,Lithuania,2022,EU-SILC,2022,National,1,4.133175566,4.601783082,1.441716758,0.417550034,1.332768501,1.197050384,14-Dec-25,3,3.4528,N,,,,,2,,,,1,1,1,1,CPI_v12_M_v01_A
ECA,LUX,Luxembourg,1985,PSELL-LIS,1985,National,1,0.500935144,0.534882633,0.576275108,23.24693785,21.57716542,20.20772371,14-Dec-25,0,0.024789291,N,,,,,2,1985,23.24693785,21.57716542,0,0,0,0,CPI_v12_M_v01_A
ECA,LUX,Luxembourg,1986,PSELL-LIS,1986,National,1,0.502410698,0.536458183,0.577972583,23.31541402,21.64072311,20.26724757,14-Dec-25,0,0.024789291,N,,,,,2,1986,23.31541402,21.64072311,0,0,0,0,CPI_v12_M_v01_A
ECA,LUX,Luxembourg,1987,PSELL-LIS,1987,National,1,0.502126015,0.536154208,0.577645085,23.30220271,21.62846074,20.25576346,14-Dec-25,0,0.024789291,N,,,,,2,1987,23.30220271,21.62846074,0,0,0,0,CPI_v12_M_v01_A
ECA,LUX,Luxembourg,1988,PSELL-LIS,1988,National,1,0.509339512,0.54385655,0.585943481,23.63696003,21.93917323,20.54675591,14-Dec-25,0,0.024789291,N,,,,,2,1988,23.63696003,21.93917323,0,0,0,0,CPI_v12_M_v01_A
ECA,LUX,Luxembourg,1989,PSELL-LIS,1989,National,1,0.526509152,0.562189746,0.605695411,24.43375289,22.67873435,21.23937917,14-Dec-25,0,0.024789291,N,,,,,2,1989,24.43375289,22.67873435,0,0,0,0,CPI_v12_M_v01_A
ECA,LUX,Luxembourg,1990,PSELL-LIS,1990,National,1,0.543640536,0.580482094,0.625403333,25.22877046,23.41664769,21.93045923,14-Dec-25,0,0.024789291,N,,,,,2,1990,25.22877046,23.41664769,0,0,0,0,CPI_v12_M_v01_A
ECA,LUX,Luxembourg,1991,PSELL-LIS,1991,National,1,0.560593185,0.598583594,0.644905637,26.01549338,24.14686217,22.61432907,14-Dec-25,0,0.024789291,N,,,,,2,1991,26.01549338,24.14686217,0,0,0,0,CPI_v12_M_v01_A
ECA,LUX,Luxembourg,1992,PSELL-LIS,1992,National,1,0.578275273,0.617463966,0.665247087,26.83606748,24.90849638,23.32762451,14-Dec-25,0,0.024789291,N,,,,,2,1992,26.83606748,24.90849638,0,0,0,0,CPI_v12_M_v01_A
ECA,LUX,Luxembourg,1993,PSELL-LIS,1993,National,1,0.599024356,0.639619178,0.689116804,27.79897189,25.80223765,24.16464254,14-Dec-25,0,0.024789291,N,,,,,2,1993,27.79897189,25.80223765,0,0,0,0,CPI_v12_M_v01_A
ECA,LUX,Luxembourg,1994,PSELL-ECHP-LIS,1994,National,1,0.612171527,0.653657309,0.704241291,28.40909369,26.36853584,24.69499939,14-Dec-25,1,0.024789291,N,,,,,2,1994,28.40909369,26.36853584,0,0,0,0,CPI_v12_M_v01_A
ECA,LUX,Luxembourg,1995,PSELL-ECHP-LIS,1995,National,1,0.62360502,0.66586563,0.717394366,28.93968873,26.8610195,25.1562265,14-Dec-25,1,0.024789291,N,,,,,2,1995,28.93968873,26.8610195,0,0,0,0,CPI_v12_M_v01_A
ECA,LUX,Luxembourg,1996,PSELL-ECHP-LIS,1996,National,1,0.630987601,0.673748515,0.725887277,29.28229277,27.17901511,25.45403982,14-Dec-25,1,0.024789291,N,,,,,2,1996,29.28229277,27.17901511,0,0,0,0,CPI_v12_M_v01_A
ECA,LUX,Luxembourg,1997,PSELL-ECHP-LIS,1997,National,1,0.639616464,0.682962141,0.735813909,29.6827331,27.55069276,25.80212814,14-Dec-25,1,0.024789291,N,,,,,2,1997,29.6827331,27.55069276,0,0,0,0,CPI_v12_M_v01_A
ECA,LUX,Luxembourg,1998,PSELL-ECHP-LIS,1998,National,1,0.645747633,0.689508808,0.742867198,29.96726275,27.81478532,26.0494595,14-Dec-25,1,0.024789291,N,,,,,2,1998,29.96726275,27.81478532,0,0,0,0,CPI_v12_M_v01_A
ECA,LUX,Luxembourg,1999,PSELL-ECHP-LIS,1999,National,1,0.65236781,0.696577623,0.750483041,30.27448586,28.09994132,26.31651745,14-Dec-25,1,0.024789291,N,,,,,2,1999,30.27448586,28.09994132,0,0,0,0,CPI_v12_M_v01_A
ECA,LUX,Luxembourg,2000,PSELL-ECHP-LIS,2000,National,1,0.67292238,0.718525141,0.774128991,31.22836348,28.98530417,27.14568883,14-Dec-25,1,0.024789291,N,,,,,2,2000,31.22836348,28.98530417,0,0,0,0,CPI_v12_M_v01_A
ECA,LUX,Luxembourg,2001,PSELL-ECHP-LIS,2001,National,1,0.69084785,0.737665388,0.794750427,32.06023222,29.75742175,27.86880229,14-Dec-25,1,0.024789291,N,,,,,2,2001,32.06023222,29.75742175,0,0,0,0,CPI_v12_M_v01_A
ECA,LUX,Luxembourg,2002,SEP-SILC-LIS,2002,National,1,0.705176657,0.752965233,0.811234266,32.72519031,30.37461748,28.44682634,14-Dec-25,2,0.024789291,N,,,,,2,2002,32.72519031,30.37461748,0,0,0,0,CPI_v12_M_v01_A
ECA,LUX,Luxembourg,2003,EU-SILC,2003,National,1,0.719631612,0.768399774,0.827863227,0.827863227,0.768399774,0.719631612,14-Dec-25,3,1,N,,,,,2,2003,0.827863227,0.768399774,0,0,0,0,CPI_v12_M_v01_A
ECA,LUX,Luxembourg,2004,EU-SILC,2004,National,1,0.735648314,0.7855019,0.846288819,0.846288819,0.7855019,0.735648314,14-Dec-25,3,1,N,,,,,2,2004,0.846288819,0.7855019,0,0,0,0,CPI_v12_M_v01_A
ECA,LUX,Luxembourg,2005,EU-SILC,2005,National,1,0.753949022,0.805042814,0.867341929,0.867341929,0.805042814,0.753949022,14-Dec-25,3,1,N,,,,,2,2005,0.867341929,0.805042814,0,0,0,0,CPI_v12_M_v01_A
ECA,LUX,Luxembourg,2006,EU-SILC,2006,National,1,0.774051653,0.826507765,0.890467968,0.890467968,0.826507765,0.774051653,14-Dec-25,3,1,N,,,,,2,2006,0.890467968,0.826507765,0,0,0,0,CPI_v12_M_v01_A
ECA,LUX,Luxembourg,2007,EU-SILC,2007,National,1,0.791951277,0.845620416,0.911059672,0.911059672,0.845620416,0.791951277,14-Dec-25,3,1,N,,,,,2,2007,0.911059672,0.845620416,0,0,0,0,CPI_v12_M_v01_A
ECA,LUX,Luxembourg,2008,EU-SILC,2008,National,1,0.81889252,0.874387418,0.94205284,0.94205284,0.874387418,0.81889252,14-Dec-25,3,1,N,,,,,2,2008,0.94205284,0.874387418,0,0,0,0,CPI_v12_M_v01_A
ECA,LUX,Luxembourg,2009,EU-SILC,2009,National,1,0.821906414,0.877605559,0.94552002,0.94552002,0.877605559,0.821906414,14-Dec-25,3,1,N,,,,,2,2009,0.94552002,0.877605559,0,0,0,0,CPI_v12_M_v01_A
ECA,LUX,Luxembourg,2010,EU-SILC,2010,National,1,0.840593903,0.897559466,0.967018082,0.967018082,0.897559466,0.840593903,14-Dec-25,3,1,N,,,,,2,2010,0.967018082,0.897559466,0,0,0,0,CPI_v12_M_v01_A
ECA,LUX,Luxembourg,2011,EU-SILC,2011,National,1,0.869263894,0.928172371,1,1,0.928172371,0.869263894,14-Dec-25,3,1,N,,,,,2,2011,1,0.928172371,0,0,0,0,CPI_v12_M_v01_A
ECA,LUX,Luxembourg,2012,EU-SILC,2012,National,1,0.892411009,0.952888126,1.026628411,1.026628411,0.952888126,0.892411009,14-Dec-25,3,1,N,,,,,2,2012,1.026628411,0.952888126,0,0,0,0,CPI_v12_M_v01_A
ECA,LUX,Luxembourg,2013,EU-SILC,2013,National,1,0.907885795,0.96941161,1.044430582,1.044430582,0.96941161,0.907885795,14-Dec-25,3,1,N,,,,,2,2013,1.044430582,0.96941161,0,0,0,0,CPI_v12_M_v01_A
ECA,LUX,Luxembourg,2014,EU-SILC,2014,National,1,0.913592216,0.975504745,1.050995242,1.050995242,0.975504745,0.913592216,14-Dec-25,3,1,N,,,,,2,2014,1.050995242,0.975504745,0,0,0,0,CPI_v12_M_v01_A
ECA,LUX,Luxembourg,2015,EU-SILC,2015,National,1,0.917929478,0.980135936,1.055984822,1.055984822,0.980135936,0.917929478,14-Dec-25,3,1,N,,,,,2,2015,1.055984822,0.980135936,0,0,0,0,CPI_v12_M_v01_A
ECA,LUX,Luxembourg,2016,EU-SILC,2016,National,1,0.92059911,0.982986485,1.059055964,1.059055964,0.982986485,0.92059911,14-Dec-25,3,1,N,,,,,2,2016,1.059055964,0.982986485,0,0,0,0,CPI_v12_M_v01_A
ECA,LUX,Luxembourg,2017,EU-SILC,2017,National,1,0.936532826,1,1.077386088,1.077386088,1,0.936532826,14-Dec-25,3,1,N,,,,,2,2017,1.077386088,1,0,0,0,0,CPI_v12_M_v01_A
ECA,LUX,Luxembourg,2018,EU-SILC,2018,National,1,0.950844894,1.015281972,1.093850672,1.093850672,1.015281972,0.950844894,14-Dec-25,3,1,N,,,,,2,2018,1.093850672,1.015281972,0,0,0,0,CPI_v12_M_v01_A
ECA,LUX,Luxembourg,2019,EU-SILC,2019,National,1,0.96742115,1.032981571,1.112919975,1.112919975,1.032981571,0.96742115,14-Dec-25,3,1,N,,,,,2,2019,1.112919975,1.032981571,0,0,0,0,CPI_v12_M_v01_A
ECA,LUX,Luxembourg,2020,EU-SILC,2020,National,1,0.975353601,1.04145159,1.122045455,1.122045455,1.04145159,0.975353601,14-Dec-25,3,1,N,,,,,2,2020,1.122045455,1.04145159,0,0,0,0,CPI_v12_M_v01_A
ECA,LUX,Luxembourg,2021,EU-SILC,2021,National,1,1,1.067768232,1.150398639,1.150398639,1.067768232,1,14-Dec-25,3,1,N,,,,,2,2021,1.150398639,1.067768232,0,0,0,0,CPI_v12_M_v01_A
ECA,LUX,Luxembourg,2022,EU-SILC,2022,National,1,1.063360073,1.135422106,1.223287981,1.223287981,1.135422106,1.063360073,14-Dec-25,3,1,N,,,,,2,,,,1,1,1,1,CPI_v12_M_v01_A
ECA,LVA,Latvia,1993,HBS,1993,National,1,0.144317876,0.157463646,0.237963796,0.237963796,0.157463646,0.144317876,14-Dec-25,0,1,N,,,,,2,1993,0.237963796,0.157463646,0,0,0,0,CPI_v12_M_v01_A
ECA,LVA,Latvia,1995,HBS,1995,National,1,0.245157351,0.267488485,0.404236642,0.404236642,0.267488485,0.245157351,14-Dec-25,0,1,N,,,,,2,1995,0.404236642,0.267488485,0,0,0,0,CPI_v12_M_v01_A
ECA,LVA,Latvia,1996,HBS,1996,National,1,0.288330702,0.314594454,0.475424597,0.475424597,0.314594454,0.288330702,14-Dec-25,0,1,N,,,,,2,1996,0.475424597,0.314594454,0,0,0,0,CPI_v12_M_v01_A
ECA,LVA,Latvia,1997,HBS,1997,National,1,0.312687107,0.341169459,0.515585544,0.515585544,0.341169459,0.312687107,14-Dec-25,1,1,N,,,,,2,1997,0.515585544,0.341169459,0,0,0,0,CPI_v12_M_v01_A
ECA,LVA,Latvia,1998,HBS,1998,National,1,0.32720896,0.357014093,0.539530431,0.539530431,0.357014093,0.32720896,14-Dec-25,1,1,N,,,,,2,1998,0.539530431,0.357014093,0,0,0,0,CPI_v12_M_v01_A
ECA,LVA,Latvia,2002,HBS,2002,National,1,0.35922096,0.391942033,0.592314585,0.592314585,0.391942033,0.35922096,14-Dec-25,1,1,N,,,,,2,2002,0.592314585,0.391942033,0,0,0,0,CPI_v12_M_v01_A
ECA,LVA,Latvia,2003,HBS,2003,National,1,0.369791561,0.4034755,0.609744306,0.609744306,0.4034755,0.369791561,14-Dec-25,1,1,N,,,,,2,2003,0.609744306,0.4034755,0,0,0,0,CPI_v12_M_v01_A
ECA,LVA,Latvia,2004,EU-SILC,2004,National,1,0.392690474,0.428460251,0.647502014,0.647502014,0.428460251,0.392690474,14-Dec-25,2,1,N,,,,,2,2004,0.647502014,0.428460251,0,0,0,0,CPI_v12_M_v01_A
ECA,LVA,Latvia,2004,HBS,2004,National,1,0.392690474,0.428460251,0.647502014,0.647502014,0.428460251,0.392690474,14-Dec-25,1,1,N,,,,,2,2004,0.647502014,0.428460251,0,0,0,0,CPI_v12_M_v01_A
ECA,LVA,Latvia,2005,EU-SILC,2005,National,1,0.419191012,0.457374696,0.691198393,0.691198393,0.457374696,0.419191012,14-Dec-25,2,1,N,,,,,2,2005,0.691198393,0.457374696,0,0,0,0,CPI_v12_M_v01_A
ECA,LVA,Latvia,2006,EU-SILC,2006,National,1,0.446590166,0.487269612,0.736376488,0.736376488,0.487269612,0.446590166,14-Dec-25,2,1,N,,,,,2,2006,0.736376488,0.487269612,0,0,0,0,CPI_v12_M_v01_A
ECA,LVA,Latvia,2007,EU-SILC,2007,National,1,0.491664399,0.536449611,0.810698782,0.810698782,0.536449611,0.491664399,14-Dec-25,2,1,N,,,,,2,2007,0.810698782,0.536449611,0,0,0,0,CPI_v12_M_v01_A
ECA,LVA,Latvia,2007,HBS,2007,National,1,0.491664399,0.536449611,0.810698782,0.810698782,0.536449611,0.491664399,14-Dec-25,1,1,N,,,,,2,2007,0.810698782,0.536449611,0,0,0,0,CPI_v12_M_v01_A
ECA,LVA,Latvia,2008,EU-SILC,2008,National,1,0.567392134,0.619075309,0.935565221,0.935565221,0.619075309,0.567392134,14-Dec-25,2,1,N,,,,,2,2008,0.935565221,0.619075309,0,0,0,0,CPI_v12_M_v01_A
ECA,LVA,Latvia,2008,HBS,2008,National,1,0.567392134,0.619075309,0.935565221,0.935565221,0.619075309,0.567392134,14-Dec-25,1,1,N,,,,,2,2008,0.935565221,0.619075309,0,0,0,0,CPI_v12_M_v01_A
ECA,LVA,Latvia,2009,EU-SILC,2009,National,1,0.587444357,0.640954069,0.96862906,0.96862906,0.640954069,0.587444357,14-Dec-25,2,1,N,,,,,2,2009,0.96862906,0.640954069,0,0,0,0,CPI_v12_M_v01_A
ECA,LVA,Latvia,2009,HBS,2009,National,1,0.587444357,0.640954069,0.96862906,0.96862906,0.640954069,0.587444357,14-Dec-25,1,1,N,,,,,2,2009,0.96862906,0.640954069,0,0,0,0,CPI_v12_M_v01_A
ECA,LVA,Latvia,2010,EU-SILC,2010,National,1,0.581072737,0.634002064,0.958122982,0.958122982,0.634002064,0.581072737,14-Dec-25,2,1,N,,,,,2,2010,0.958122982,0.634002064,0,0,0,0,CPI_v12_M_v01_A
ECA,LVA,Latvia,2011,EU-SILC,2011,National,1,0.606469888,0.661712615,1,1,0.661712615,0.606469888,14-Dec-25,2,1,N,,,,,2,2011,1,0.661712615,0,0,0,0,CPI_v12_M_v01_A
ECA,LVA,Latvia,2012,EU-SILC,2012,National,1,0.620162682,0.676652672,1.022577863,1.022577863,0.676652672,0.620162682,14-Dec-25,2,1,N,,,,,2,2012,1.022577863,0.676652672,0,0,0,0,CPI_v12_M_v01_A
ECA,LVA,Latvia,2013,EU-SILC,2013,National,1,0.619980033,0.676453386,1.022276696,1.022276696,0.676453386,0.619980033,14-Dec-25,2,1,N,,,,,2,2013,1.022276696,0.676453386,0,0,0,0,CPI_v12_M_v01_A
ECA,LVA,Latvia,2014,EU-SILC,2014,National,1,0.623826971,0.680650738,1.02861986,1.463594202,0.968478748,0.887625812,14-Dec-25,2,0.702804,N,,,,,2,2014,1.463594202,0.968478748,0,0,0,0,CPI_v12_M_v01_A
ECA,LVA,Latvia,2015,EU-SILC,2015,National,1,0.624913911,0.681836686,1.030412101,1.466144331,0.9701662,0.889172388,14-Dec-25,2,0.702804,N,,,,,2,2015,1.466144331,0.9701662,0,0,0,0,CPI_v12_M_v01_A
ECA,LVA,Latvia,2016,EU-SILC,2016,National,1,0.625792755,0.682795583,1.031861215,1.468206235,0.971530588,0.890422871,14-Dec-25,2,0.702804,N,,,,,2,2016,1.468206235,0.971530588,0,0,0,0,CPI_v12_M_v01_A
ECA,LVA,Latvia,2017,EU-SILC,2017,National,1,0.64413078,0.702804,1.062098536,1.511230067,1,0.916515529,14-Dec-25,2,0.702804,N,,,,,2,2017,1.511230067,1,0,0,0,0,CPI_v12_M_v01_A
ECA,LVA,Latvia,2018,EU-SILC,2018,National,1,0.660455939,0.720616202,1.089016871,1.549531406,1.02534448,0.939744138,14-Dec-25,2,0.702804,N,,,,,2,2018,1.549531406,1.02534448,0,0,0,0,CPI_v12_M_v01_A
ECA,LVA,Latvia,2019,EU-SILC,2019,National,1,0.679024093,0.74087571,1.119633648,1.593095156,1.054171163,0.966164241,14-Dec-25,2,0.702804,N,,,,,2,2019,1.593095156,1.054171163,0,0,0,0,CPI_v12_M_v01_A
ECA,LVA,Latvia,2020,EU-SILC,2020,National,1,0.680511576,0.742498686,1.122086339,1.59658502,1.056480449,0.968280738,14-Dec-25,2,0.702804,N,,,,,2,2020,1.59658502,1.056480449,0,0,0,0,CPI_v12_M_v01_A
ECA,LVA,Latvia,2021,EU-SILC,2021,National,1,0.702804,0.766821704,1.158844016,1.648886483,1.091088987,1,14-Dec-25,2,0.702804,N,,,,,2,2021,1.648886483,1.091088987,0,0,0,0,CPI_v12_M_v01_A
ECA,LVA,Latvia,2022,EU-SILC,2022,National,1,0.824461316,0.899560663,1.35944312,1.934313294,1.279959509,1.173102766,14-Dec-25,2,0.702804,N,,,,,2,,,,1,1,1,1,CPI_v12_M_v01_A
MNA,MAR,Morocco,1984,ECDM,1984.5,National,1,0.383642709,0.400044776,0.431215916,0.431215916,0.400044776,0.383642709,14-Dec-25,0,1,N,,,,,2,1984.5,0.431215916,0.400044776,0,0,0,0,CPI_v12_M_v01_A
MNA,MAR,Morocco,1990,ENNVM,1990.77,National,1,0.532401094,0.555163101,0.598420925,0.598420925,0.555163101,0.532401094,14-Dec-25,0,1,N,,,,,2,1990.77,0.598420925,0.555163101,0,0,0,0,CPI_v12_M_v01_A
MNA,MAR,Morocco,1998,ENNVM,1998.15,National,1,0.719400784,0.750157681,0.808609313,0.808609313,0.750157681,0.719400784,14-Dec-25,0,1,N,,,,,2,1998.15,0.808609313,0.750157681,0,0,0,0,CPI_v12_M_v01_A
MNA,MAR,Morocco,2000,ENCDM,2000.83,National,1,0.741086026,0.772770043,0.832983611,0.832983611,0.772770043,0.741086026,14-Dec-25,1,1,N,,,,,2,2000.83,0.832983611,0.772770043,0,0,0,0,CPI_v12_M_v01_A
MNA,MAR,Morocco,2006,ENNVM,2006.91,National,1,0.832111193,0.867686854,0.935296257,0.935296257,0.867686854,0.832111193,14-Dec-25,1,1,N,,,,,2,2006.91,0.935296257,0.867686854,0,0,0,0,CPI_v12_M_v01_A
MNA,MAR,Morocco,2013,ENCDM,2013.5,National,1,0.92010531,0.959443027,1.034201991,1.034201991,0.959443027,0.92010531,14-Dec-25,1,1,N,,,,,2,2013.5,1.034201991,0.959443027,0,0,0,0,CPI_v12_M_v01_A
ECA,MDA,Moldova,1997,HBS,1997,National,1,0.112152217,0.132140824,0.18877699,0.18877699,0.132140824,0.112152217,14-Dec-25,0,1,N,,,,,2,1997,0.18877699,0.132140824,0,0,0,0,CPI_v12_M_v01_A
ECA,MDA,Moldova,1998,HBS,1998,National,1,0.12078319,0.142310073,0.203304826,0.203304826,0.142310073,0.12078319,14-Dec-25,0,1,N,,,,,2,1998,0.203304826,0.142310073,0,0,0,0,CPI_v12_M_v01_A
ECA,MDA,Moldova,1999,HBS,1999,National,1,0.168197816,0.198175288,0.283114129,0.283114129,0.198175288,0.168197816,14-Dec-25,0,1,N,,,,,2,1999,0.283114129,0.198175288,0,0,0,0,CPI_v12_M_v01_A
ECA,MDA,Moldova,2000,HBS,2000,National,1,0.220842571,0.260202786,0.371726898,0.371726898,0.260202786,0.220842571,14-Dec-25,0,1,N,,,,,2,2000,0.371726898,0.260202786,0,0,0,0,CPI_v12_M_v01_A
ECA,MDA,Moldova,2001,HBS,2001,National,1,0.242407096,0.285610702,0.408024764,0.408024764,0.285610702,0.242407096,14-Dec-25,0,1,N,,,,,2,2001,0.408024764,0.285610702,0,0,0,0,CPI_v12_M_v01_A
ECA,MDA,Moldova,2002,HBS,2002,National,1,0.255257678,0.30075161,0.429655135,0.429655135,0.30075161,0.255257678,14-Dec-25,0,1,N,,,,,2,2002,0.429655135,0.30075161,0,0,0,0,CPI_v12_M_v01_A
ECA,MDA,Moldova,2003,HBS,2003,National,1,0.28524046,0.336078148,0.48012279,0.48012279,0.336078148,0.28524046,14-Dec-25,0,1,N,,,,,2,2003,0.48012279,0.336078148,0,0,0,0,CPI_v12_M_v01_A
ECA,MDA,Moldova,2004,HBS,2004,National,1,0.320964752,0.37816949,0.540254675,0.540254675,0.37816949,0.320964752,14-Dec-25,0,1,N,,,,,2,2004,0.540254675,0.37816949,0,0,0,0,CPI_v12_M_v01_A
ECA,MDA,Moldova,2005,HBS,2005,National,1,0.359349544,0.423395507,0.604864772,0.604864772,0.423395507,0.359349544,14-Dec-25,1,1,N,,,,,2,2005,0.604864772,0.423395507,0,0,0,0,CPI_v12_M_v01_A
ECA,MDA,Moldova,2006,HBS,2006,National,1,0.405266336,0.477495933,0.682152889,0.682152889,0.477495933,0.405266336,14-Dec-25,2,1,N,,,,,2,2006,0.682152889,0.477495933,0,0,0,0,CPI_v12_M_v01_A
ECA,MDA,Moldova,2007,HBS,2007,National,1,0.45538629,0.53654864,0.766515858,0.766515858,0.53654864,0.45538629,14-Dec-25,2,1,N,,,,,2,2007,0.766515858,0.53654864,0,0,0,0,CPI_v12_M_v01_A
ECA,MDA,Moldova,2008,HBS,2008,National,1,0.513598531,0.605135902,0.864499936,0.864499936,0.605135902,0.513598531,14-Dec-25,2,1,N,,,,,2,2008,0.864499936,0.605135902,0,0,0,0,CPI_v12_M_v01_A
ECA,MDA,Moldova,2009,HBS,2009,National,1,0.513276412,0.604756372,0.863957738,0.863957738,0.604756372,0.513276412,14-Dec-25,2,1,N,,,,,2,2009,0.863957738,0.604756372,0,0,0,0,CPI_v12_M_v01_A
ECA,MDA,Moldova,2010,HBS,2010,National,1,0.551689258,0.650015443,0.928615056,0.928615056,0.650015443,0.551689258,14-Dec-25,2,1,N,,,,,2,2010,0.928615056,0.650015443,0,0,0,0,CPI_v12_M_v01_A
ECA,MDA,Moldova,2011,HBS,2011,National,1,0.594098981,0.699983744,1,1,0.699983744,0.594098981,14-Dec-25,2,1,N,,,,,2,2011,1,0.699983744,0,0,0,0,CPI_v12_M_v01_A
ECA,MDA,Moldova,2012,HBS,2012,National,1,0.621108739,0.731807383,1.045463398,1.045463398,0.731807383,0.621108739,14-Dec-25,2,1,N,,,,,2,2012,1.045463398,0.731807383,0,0,0,0,CPI_v12_M_v01_A
ECA,MDA,Moldova,2013,HBS,2013,National,1,0.649666546,0.765454976,1.093532504,1.093532504,0.765454976,0.649666546,14-Dec-25,2,1,N,,,,,2,2013,1.093532504,0.765454976,0,0,0,0,CPI_v12_M_v01_A
ECA,MDA,Moldova,2014,HBS,2014,National,1,0.682726695,0.804407352,1.149180048,1.149180048,0.804407352,0.682726695,14-Dec-25,2,1,N,,,,,2,2014,1.149180048,0.804407352,0,0,0,0,CPI_v12_M_v01_A
ECA,MDA,Moldova,2015,HBS,2015,National,1,0.74878895,0.882243716,1.260377435,1.260377435,0.882243716,0.74878895,14-Dec-25,2,1,N,,,,,2,2015,1.260377435,0.882243716,0,0,0,0,CPI_v12_M_v01_A
ECA,MDA,Moldova,2016,HBS,2016,National,1,0.796406747,0.938348313,1.340528721,1.340528721,0.938348313,0.796406747,14-Dec-25,2,1,N,,,,,2,2016,1.340528721,0.938348313,0,0,0,0,CPI_v12_M_v01_A
ECA,MDA,Moldova,2017,HBS,2017,National,1,0.84873254,1,1.428604606,1.428604606,1,0.84873254,14-Dec-25,2,1,N,,,,,2,2017,1.428604606,1,0,0,0,0,CPI_v12_M_v01_A
ECA,MDA,Moldova,2018,HBS,2018,National,1,0.874576895,1.03045053,1.472106372,1.472106372,1.03045053,0.874576895,14-Dec-25,2,1,N,,,,,2,2018,1.472106372,1.03045053,0,0,0,0,CPI_v12_M_v01_A
ECA,MDA,Moldova,2019,HBS,2019,National,1,0.91688699,1.080301445,1.54332362,1.54332362,1.080301445,0.91688699,14-Dec-25,3,1,N,,,,,2,2019,1.54332362,1.080301445,0,0,0,0,CPI_v12_M_v01_A
ECA,MDA,Moldova,2021,HBS,2021,National,1,1,1.178227478,1.683221201,1.683221201,1.178227478,1,14-Dec-25,3,1,N,,,,,2,2021,1.683221201,1.178227478,0,0,0,0,CPI_v12_M_v01_A
ECA,MDA,Moldova,2022,HBS,2022,National,1,1.287372978,1.516818217,2.166933491,2.166933491,1.516818217,1.287372978,14-Dec-25,3,1,N,,,,,2,,,,1,1,1,1,CPI_v12_M_v01_A
SSA,MDG,Madagascar,1980,EB,1980,National,1,0.0081229,0.010271555,0.015077764,0.015077764,0.010271555,0.0081229,14-Dec-25,0,1,N,,,,,2,1980,0.015077764,0.010271555,0,0,0,0,CPI_v12_M_v01_A
SSA,MDG,Madagascar,1993,EPM,1993.3,National,1,0.062976503,0.079634933,0.116897273,0.116897273,0.079634933,0.062976503,14-Dec-25,1,1,N,,,,,2,1993.3,0.116897273,0.079634933,0,0,0,0,CPI_v12_M_v01_A
SSA,MDG,Madagascar,1997,EPM,1997,National,1,0.146151886,0.184811719,0.271287802,0.271287802,0.184811719,0.146151886,14-Dec-25,2,1,N,,,,,2,1997,0.271287802,0.184811719,0,0,0,0,CPI_v12_M_v01_A
SSA,MDG,Madagascar,1999,EPM,1999,National,1,0.167839378,0.212235946,0.311544222,0.311544222,0.212235946,0.167839378,14-Dec-25,2,1,N,,,,,2,1999,0.311544222,0.212235946,0,0,0,0,CPI_v12_M_v01_A
SSA,MDG,Madagascar,2001,EPM,2001,National,1,0.200457947,0.25348272,0.37209096,0.37209096,0.25348272,0.200457947,14-Dec-25,3,1,N,,,,,2,2001,0.37209096,0.25348272,0,0,0,0,CPI_v12_M_v01_A
SSA,MDG,Madagascar,2005,EPM,2005,National,1,0.309624246,0.391525491,0.574725946,0.574725946,0.391525491,0.309624246,14-Dec-25,3,1,N,,,,,2,2005,0.574725946,0.391525491,0,0,0,0,CPI_v12_M_v01_A
SSA,MDG,Madagascar,2010,EPM,2010,National,1,0.492072708,0.62223489,0.913387618,0.913387618,0.62223489,0.492072708,14-Dec-25,3,1,N,,,,,2,2010,0.913387618,0.62223489,0,0,0,0,CPI_v12_M_v01_A
SSA,MDG,Madagascar,2012,ENSOMD,2012.73,National,1,0.593739296,0.75079414,1.102101605,1.102101605,0.75079414,0.593739296,14-Dec-25,3,1,N,,,,,2,2012.73,1.102101605,0.75079414,0,0,0,0,CPI_v12_M_v01_A
SAR,MDV,Maldives,2002,HIES,2002.5,National,1,0.547036182,0.542942013,0.665764679,0.665764679,0.542942013,0.547036182,14-Dec-25,0,1,N,,,,,2,2002.5,0.665764679,0.542942013,0,0,0,0,CPI_v12_M_v01_A
SAR,MDV,Maldives,2009,HIES,2009.5,National,1,0.717030217,0.711663766,0.872654146,0.872654146,0.711663766,0.717030217,14-Dec-25,1,1,N,,,,,2,2009.5,0.872654146,0.711663766,0,0,0,0,CPI_v12_M_v01_A
SAR,MDV,Maldives,2016,HIES,2016,National,1,0.979931397,0.972597321,1.192615285,1.192615285,0.972597321,0.979931397,14-Dec-25,2,1,N,,,,,2,2016,1.192615285,0.972597321,0,0,0,0,CPI_v12_M_v01_A
SAR,MDV,Maldives,2019,HIES,2019.6,National,1,1.010511868,1.002948919,1.229832928,1.229832928,1.002948919,1.010511868,14-Dec-25,3,1,N,,,,,2,2019.6,1.229832928,1.002948919,0,0,0,0,CPI_v12_M_v01_A
LAC,MEX,Mexico,1984,ENIGH,1984,National,1,0.003586771,0.00426113,0.005365088,5.36508838,4.261129832,3.58677066,14-Dec-25,0,0.001,N,,,,,2,1984,5.36508838,4.261129832,0,0,0,0,CPI_v12_M_v01_A
LAC,MEX,Mexico,1989,ENIGH,1989,National,1,0.060835095,0.072272878,0.090997081,90.99708094,72.27287767,60.83509477,14-Dec-25,0,0.001,N,,,,,2,1989,90.99708094,72.27287767,0,0,0,0,CPI_v12_M_v01_A
LAC,MEX,Mexico,1992,ENIGH,1992,National,1,0.108643493,0.129069872,0.162508841,162.5088412,129.0698721,108.6434933,14-Dec-25,0,0.001,N,,,,,2,1992,162.5088412,129.0698721,0,0,0,0,CPI_v12_M_v01_A
LAC,MEX,Mexico,1994,ENIGH,1994,National,1,0.127118609,0.151018548,0.190143903,0.190143903,0.151018548,0.127118609,14-Dec-25,0,1,N,,,,,2,1994,0.190143903,0.151018548,0,0,0,0,CPI_v12_M_v01_A
LAC,MEX,Mexico,1996,ENIGH,1996,National,1,0.235032768,0.279221962,0.351561807,0.351561807,0.279221962,0.235032768,14-Dec-25,0,1,N,,,,,2,1996,0.351561807,0.279221962,0,0,0,0,CPI_v12_M_v01_A
LAC,MEX,Mexico,1998,ENIGH,1998,National,1,0.323507234,0.384330769,0.483901834,0.483901834,0.384330769,0.323507234,14-Dec-25,0,1,N,,,,,2,1998,0.483901834,0.384330769,0,0,0,0,CPI_v12_M_v01_A
LAC,MEX,Mexico,2000,ENIGH,2000,National,1,0.411476071,0.488838883,0.615485543,0.615485543,0.488838883,0.411476071,14-Dec-25,0,1,N,,,,,2,2000,0.615485543,0.488838883,0,0,0,0,CPI_v12_M_v01_A
LAC,MEX,Mexico,2002,ENIGH,2002,National,1,0.458936783,0.545222821,0.686477234,0.686477234,0.545222821,0.458936783,14-Dec-25,0,1,N,,,,,2,2002,0.686477234,0.545222821,0,0,0,0,CPI_v12_M_v01_A
LAC,MEX,Mexico,2004,ENIGH,2004,National,1,0.500502755,0.594603732,0.748651579,0.748651579,0.594603732,0.500502755,14-Dec-25,0,1,N,,,,,2,2004,0.748651579,0.594603732,0,0,0,0,CPI_v12_M_v01_A
LAC,MEX,Mexico,2005,ENIGH,2005,National,1,0.520268232,0.618085374,0.778216761,0.778216761,0.618085374,0.520268232,14-Dec-25,0,1,N,,,,,2,2005,0.778216761,0.618085374,0,0,0,0,CPI_v12_M_v01_A
LAC,MEX,Mexico,2006,ENIGH,2006,National,1,0.538299987,0.639507332,0.805188645,0.805188645,0.639507332,0.538299987,14-Dec-25,0,1,N,,,,,2,2006,0.805188645,0.639507332,0,0,0,0,CPI_v12_M_v01_A
LAC,MEX,Mexico,2008,ENIGH,2008,National,1,0.591213311,0.702369044,0.884336348,0.884336348,0.702369044,0.591213311,14-Dec-25,0,1,N,,,,,2,2008,0.884336348,0.702369044,0,0,0,0,CPI_v12_M_v01_A
LAC,MEX,Mexico,2010,ENIGH,2010,National,1,0.644094753,0.765192879,0.963436362,0.963436362,0.765192879,0.644094753,14-Dec-25,0,1,N,,,,,2,2010,0.963436362,0.765192879,0,0,0,0,CPI_v12_M_v01_A
LAC,MEX,Mexico,2012,ENIGH,2012,National,1,0.696575726,0.827540951,1.041937354,1.041937354,0.827540951,0.696575726,14-Dec-25,0,1,N,,,,,2,2012,1.041937354,0.827540951,0,0,0,0,CPI_v12_M_v01_A
LAC,MEX,Mexico,2014,ENIGH,2014,National,1,0.750559491,0.891674362,1.122686223,1.122686223,0.891674362,0.750559491,14-Dec-25,0,1,N,,,,,2,2014,1.122686223,0.891674362,0,0,0,0,CPI_v12_M_v01_A
LAC,MEX,Mexico,2016,ENIGHNS,2016,National,1,0.790979543,0.939693905,1.183146501,1.183146501,0.939693905,0.790979543,14-Dec-25,1,1,N,,,,,2,2016,1.183146501,0.939693905,0,0,0,0,CPI_v12_M_v01_A
LAC,MEX,Mexico,2018,ENIGHNS,2018,National,1,0.885065241,1.051468928,1.323879804,1.323879804,1.051468928,0.885065241,14-Dec-25,1,1,N,,,,,2,2018,1.323879804,1.051468928,0,0,0,0,CPI_v12_M_v01_A
LAC,MEX,Mexico,2020,ENIGHNS,2020,National,1,0.950019228,1.128635104,1.421037921,1.421037921,1.128635104,0.950019228,14-Dec-25,1,1,N,,,,,2,2020,1.421037921,1.128635104,0,0,0,0,CPI_v12_M_v01_A
LAC,MEX,Mexico,2022,ENIGHNS,2022,National,1,1.090372686,1.295376823,1.630978499,1.630978499,1.295376823,1.090372686,14-Dec-25,1,1,N,,,,,2,2022,1.630978499,1.295376823,0,0,0,0,CPI_v12_M_v01_A
EAP,MHL,Marshall Islands,2019,HIES,2019.5,National,1,0.981268723,1.003592655,1.038764152,1.038764152,1.003592655,0.981268723,14-Dec-25,0,1,N,,,,,2,2019.5,1.038764152,1.003592655,0,0,0,0,CPI_v12_M_v01_A
ECA,MKD,North Macedonia,1998,HBS,1998,National,1,0.640909081,0.684525889,0.730714963,0.730714963,0.684525889,0.640909081,14-Dec-25,0,1,N,,,,,2,1998,0.730714963,0.684525889,0,0,0,0,CPI_v12_M_v01_A
ECA,MKD,North Macedonia,2000,HBS,2000,National,1,0.674515878,0.720419784,0.769030834,0.769030834,0.720419784,0.674515878,14-Dec-25,1,1,N,,,,,2,2000,0.769030834,0.720419784,0,0,0,0,CPI_v12_M_v01_A
ECA,MKD,North Macedonia,2002,HBS,2002,National,1,0.7260072,0.775415326,0.827737256,0.827737256,0.775415326,0.7260072,14-Dec-25,1,1,N,,,,,2,2002,0.827737256,0.775415326,0,0,0,0,CPI_v12_M_v01_A
ECA,MKD,North Macedonia,2003,HBS,2003,National,1,0.732218632,0.782049476,0.834819051,0.834819051,0.782049476,0.732218632,14-Dec-25,1,1,N,,,,,2,2003,0.834819051,0.782049476,0,0,0,0,CPI_v12_M_v01_A
ECA,MKD,North Macedonia,2004,HBS,2004,National,1,0.728933523,0.778540799,0.831073623,0.831073623,0.778540799,0.728933523,14-Dec-25,1,1,N,,,,,2,2004,0.831073623,0.778540799,0,0,0,0,CPI_v12_M_v01_A
ECA,MKD,North Macedonia,2005,HBS,2005,National,1,0.732764187,0.782632157,0.83544105,0.83544105,0.782632157,0.732764187,14-Dec-25,1,1,N,,,,,2,2005,0.83544105,0.782632157,0,0,0,0,CPI_v12_M_v01_A
ECA,MKD,North Macedonia,2006,HBS,2006,National,1,0.756312529,0.807783073,0.862289048,0.862289048,0.807783073,0.756312529,14-Dec-25,1,1,N,,,,,2,2006,0.862289048,0.807783073,0,0,0,0,CPI_v12_M_v01_A
ECA,MKD,North Macedonia,2008,HBS,2008,National,1,0.837776927,0.894791498,0.955168454,0.955168454,0.894791498,0.837776927,14-Dec-25,1,1,N,,,,,2,2008,0.955168454,0.894791498,0,0,0,0,CPI_v12_M_v01_A
ECA,MKD,North Macedonia,2010,SILC-C,2009,National,1,0.8315805,0.888173375,0.948103767,0.948103767,0.888173375,0.8315805,14-Dec-25,2,1,N,,,,,2,2009,0.948103767,0.888173375,0,0,0,0,CPI_v12_M_v01_A
ECA,MKD,North Macedonia,2011,SILC-C,2010,National,1,0.84413713,0.901584541,0.962419866,0.962419866,0.901584541,0.84413713,14-Dec-25,2,1,N,,,,,2,2010,0.962419866,0.901584541,0,0,0,0,CPI_v12_M_v01_A
ECA,MKD,North Macedonia,2012,SILC-C,2011,National,1,0.877098614,0.936789206,1,1,0.936789206,0.877098614,14-Dec-25,2,1,N,,,,,2,2011,1,0.936789206,0,0,0,0,CPI_v12_M_v01_A
ECA,MKD,North Macedonia,2013,SILC-C,2012,National,1,0.906183708,0.967853674,1.033160575,1.033160575,0.967853674,0.906183708,14-Dec-25,2,1,N,,,,,2,2012,1.033160575,0.967853674,0,0,0,0,CPI_v12_M_v01_A
ECA,MKD,North Macedonia,2014,SILC-C,2013,National,1,0.931420878,0.99480835,1.061934045,1.061934045,0.99480835,0.931420878,14-Dec-25,2,1,N,,,,,2,2013,1.061934045,0.99480835,0,0,0,0,CPI_v12_M_v01_A
ECA,MKD,North Macedonia,2015,SILC-C,2014,National,1,0.928797054,0.992005962,1.058942563,1.058942563,0.992005962,0.928797054,14-Dec-25,2,1,N,,,,,2,2014,1.058942563,0.992005962,0,0,0,0,CPI_v12_M_v01_A
ECA,MKD,North Macedonia,2016,SILC-C,2015,National,1,0.926011386,0.989030717,1.05576656,1.05576656,0.989030717,0.926011386,14-Dec-25,2,1,N,,,,,2,2015,1.05576656,0.989030717,0,0,0,0,CPI_v12_M_v01_A
ECA,MKD,North Macedonia,2017,SILC-C,2016,National,1,0.923795552,0.986664085,1.053240237,1.053240237,0.986664085,0.923795552,14-Dec-25,2,1,N,,,,,2,2016,1.053240237,0.986664085,0,0,0,0,CPI_v12_M_v01_A
ECA,MKD,North Macedonia,2018,SILC-C,2017,National,1,0.936281725,1,1.067476006,1.067476006,1,0.936281725,14-Dec-25,2,1,N,,,,,2,2017,1.067476006,1,0,0,0,0,CPI_v12_M_v01_A
ECA,MKD,North Macedonia,2019,SILC-C,2018,National,1,0.949935646,1.014583133,1.083043151,1.083043151,1.014583133,0.949935646,14-Dec-25,2,1,N,,,,,2,2018,1.083043151,1.014583133,0,0,0,0,CPI_v12_M_v01_A
ECA,MKD,North Macedonia,2020,SILC-C,2019,National,1,0.957216354,1.022359327,1.091344051,1.091344051,1.022359327,0.957216354,14-Dec-25,2,1,N,,,,,2,2019,1.091344051,1.022359327,0,0,0,0,CPI_v12_M_v01_A
SSA,MLI,Mali,1994,EMCES,1994,National,1,0.546275307,0.562431183,0.602165878,0.602165878,0.562431183,0.546275307,14-Dec-25,0,1,N,,,,,2,1994,0.602165878,0.562431183,0,0,0,0,CPI_v12_M_v01_A
SSA,MLI,Mali,2001,EMEP,2001.08,National,1,0.710874947,0.731898793,0.783606052,0.783606052,0.731898793,0.710874947,14-Dec-25,1,1,N,,,,,2,2001.08,0.783606052,0.731898793,0,0,0,0,CPI_v12_M_v01_A
SSA,MLI,Mali,2006,ELIM,2006.25,National,1,0.770770406,0.793565636,0.849629541,0.849629541,0.793565636,0.770770406,14-Dec-25,2,1,N,,,,,2,2006.25,0.849629541,0.793565636,0,0,0,0,CPI_v12_M_v01_A
SSA,MLI,Mali,2009,ELIM,2009.89,National,1,0.880056878,0.906084213,0.970097341,0.970097341,0.906084213,0.880056878,14-Dec-25,2,1,N,,,,,2,2009.89,0.970097341,0.906084213,0,0,0,0,CPI_v12_M_v01_A
SSA,MLI,Mali,2018,EHCVM,2018.57,National,1,0.991130811,1.020443112,1.09253548,1.09253548,1.020443112,0.991130811,14-Dec-25,3,1,N,,,,,2,2018.57,1.09253548,1.020443112,0,0,0,0,CPI_v12_M_v01_A
SSA,MLI,Mali,2021,EHCVM,2021.57,National,1,1.034843195,1.065448274,1.14072017,1.14072017,1.065448274,1.034843195,14-Dec-25,3,1,N,,,,,2,2021.57,1.14072017,1.065448274,0,0,0,0,CPI_v12_M_v01_A
MNA,MLT,Malta,2006,EU-SILC,2006,National,1,0.788803799,0.82844428,0.887816545,0.381139643,0.35565113,0.338633471,14-Dec-25,0,2.329373399,N,,,,,2,2006,0.381139643,0.35565113,0,0,0,0,CPI_v12_M_v01_A
MNA,MLT,Malta,2007,EU-SILC,2007,National,1,0.79865767,0.838793347,0.8989073,0.385900904,0.360093984,0.342863738,14-Dec-25,0,2.329373399,N,,,,,2,2007,0.385900904,0.360093984,0,0,0,0,CPI_v12_M_v01_A
MNA,MLT,Malta,2008,EU-SILC,2008,National,1,0.832669445,0.874514347,0.937188324,0.937188324,0.874514347,0.832669445,14-Dec-25,0,1,N,,,,,2,2008,0.937188324,0.874514347,0,0,0,0,CPI_v12_M_v01_A
MNA,MLT,Malta,2009,EU-SILC,2009,National,1,0.850025047,0.892742136,0.956722446,0.956722446,0.892742136,0.850025047,14-Dec-25,0,1,N,,,,,2,2009,0.956722446,0.892742136,0,0,0,0,CPI_v12_M_v01_A
MNA,MLT,Malta,2010,EU-SILC,2010,National,1,0.862908301,0.906272824,0.97122284,0.97122284,0.906272824,0.862908301,14-Dec-25,0,1,N,,,,,2,2010,0.97122284,0.906272824,0,0,0,0,CPI_v12_M_v01_A
MNA,MLT,Malta,2011,EU-SILC,2011,National,1,0.88847612,0.933125526,1,1,0.933125526,0.88847612,14-Dec-25,0,1,N,,,,,2,2011,1,0.933125526,0,0,0,0,CPI_v12_M_v01_A
MNA,MLT,Malta,2012,EU-SILC,2012,National,1,0.909584759,0.955294957,1.023758251,1.023758251,0.955294957,0.909584759,14-Dec-25,0,1,N,,,,,2,2012,1.023758251,0.955294957,0,0,0,0,CPI_v12_M_v01_A
MNA,MLT,Malta,2013,EU-SILC,2013,National,1,0.92032042,0.966570127,1.035841481,1.035841481,0.966570127,0.92032042,14-Dec-25,0,1,N,,,,,2,2013,1.035841481,0.966570127,0,0,0,0,CPI_v12_M_v01_A
MNA,MLT,Malta,2014,EU-SILC,2014,National,1,0.923176263,0.969569487,1.039055796,1.039055796,0.969569487,0.923176263,14-Dec-25,0,1,N,,,,,2,2014,1.039055796,0.969569487,0,0,0,0,CPI_v12_M_v01_A
MNA,MLT,Malta,2015,EU-SILC,2015,National,1,0.933336265,0.980240069,1.05049111,1.05049111,0.980240069,0.933336265,14-Dec-25,0,1,N,,,,,2,2015,1.05049111,0.980240069,0,0,0,0,CPI_v12_M_v01_A
MNA,MLT,Malta,2016,EU-SILC,2016,National,1,0.939334792,0.986540045,1.057242587,1.057242587,0.986540045,0.939334792,14-Dec-25,0,1,N,,,,,2,2016,1.057242587,0.986540045,0,0,0,0,CPI_v12_M_v01_A
MNA,MLT,Malta,2017,EU-SILC,2017,National,1,0.952150697,1,1.071667179,1.071667179,1,0.952150697,14-Dec-25,0,1,N,,,,,2,2017,1.071667179,1,0,0,0,0,CPI_v12_M_v01_A
MNA,MLT,Malta,2018,EU-SILC,2018,National,1,0.963174912,1.011578224,1.084075182,1.084075182,1.011578224,0.963174912,14-Dec-25,0,1,N,,,,,2,2018,1.084075182,1.011578224,0,0,0,0,CPI_v12_M_v01_A
MNA,MLT,Malta,2019,EU-SILC,2019,National,1,0.978990837,1.028188962,1.101876365,1.101876365,1.028188962,0.978990837,14-Dec-25,0,1,N,,,,,2,2019,1.101876365,1.028188962,0,0,0,0,CPI_v12_M_v01_A
MNA,MLT,Malta,2020,EU-SILC,2020,National,1,0.985242103,1.034754379,1.108912306,1.108912306,1.034754379,0.985242103,14-Dec-25,0,1,N,,,,,2,2020,1.108912306,1.034754379,0,0,0,0,CPI_v12_M_v01_A
MNA,MLT,Malta,2021,EU-SILC,2021,National,1,1,1.050253918,1.125522653,1.125522653,1.050253918,1,14-Dec-25,0,1,N,,,,,2,,,,1,1,1,1,CPI_v12_M_v01_A
MNA,MLT,Malta,2022,EU-SILC,2022,National,1,1.061537518,1.114883937,1.194784523,1.194784523,1.114883937,1.061537518,14-Dec-25,0,1,N,,,,,2,,,,1,1,1,1,CPI_v12_M_v01_A
EAP,MMR,Myanmar,2015,MPLCS,2015,National,1,,0.847281615,1.166639901,1.166639901,0.847281615,0.664841037,14-Dec-25,0,1,N,,,,,2,2015,1.166639901,0.847281615,0,0,0,0,CPI_v12_M_v01_A
EAP,MMR,Myanmar,2017,MLCS,2017,National,1,,0.988916225,1.361659579,1.361659579,0.988916225,0.775978231,14-Dec-25,0,1,N,,,,,2,2017,1.361659579,0.988916225,0,0,0,0,CPI_v12_M_v01_A
ECA,MNE,Montenegro,2005,HBS,2005,National,1,0.689357414,0.725171616,0.794638663,0.794638663,0.725171616,0.689357414,14-Dec-25,0,1,N,,,,,2,2005,0.794638663,0.725171616,0,0,0,0,CPI_v12_M_v01_A
ECA,MNE,Montenegro,2006,HBS,2006,National,1,0.709517729,0.74637932,0.817877937,0.817877937,0.74637932,0.709517729,14-Dec-25,0,1,N,,,,,2,2006,0.817877937,0.74637932,0,0,0,0,CPI_v12_M_v01_A
ECA,MNE,Montenegro,2007,HBS,2007,National,1,0.740361358,0.778825368,0.85343212,0.85343212,0.778825368,0.740361358,14-Dec-25,0,1,N,,,,,2,2007,0.85343212,0.778825368,0,0,0,0,CPI_v12_M_v01_A
ECA,MNE,Montenegro,2008,HBS,2008,National,1,0.805207552,0.847040518,0.928181868,0.928181868,0.847040518,0.805207552,14-Dec-25,0,1,N,,,,,2,2008,0.928181868,0.847040518,0,0,0,0,CPI_v12_M_v01_A
ECA,MNE,Montenegro,2009,HBS,2009,National,1,0.833121863,0.876405062,0.960359358,0.960359358,0.876405062,0.833121863,14-Dec-25,0,1,N,,,,,2,2009,0.960359358,0.876405062,0,0,0,0,CPI_v12_M_v01_A
ECA,MNE,Montenegro,2010,HBS,2010,National,1,0.838578394,0.882145076,0.96664923,0.96664923,0.882145076,0.838578394,14-Dec-25,0,1,N,,,,,2,2010,0.96664923,0.882145076,0,0,0,0,CPI_v12_M_v01_A
ECA,MNE,Montenegro,2011,HBS,2011,National,1,0.867510538,0.912580333,1,1,0.912580333,0.867510538,14-Dec-25,0,1,N,,,,,2,2011,1,0.912580333,0,0,0,0,CPI_v12_M_v01_A
ECA,MNE,Montenegro,2012,HBS,2012,National,1,0.903471036,0.950409087,1.04145252,1.04145252,0.950409087,0.903471036,14-Dec-25,0,1,N,,,,,2,2012,1.04145252,0.950409087,0,0,0,0,CPI_v12_M_v01_A
ECA,MNE,Montenegro,2013,HBS,2013,National,1,0.92340058,0.971374032,1.064425779,1.064425779,0.971374032,0.92340058,14-Dec-25,0,1,N,,,,,2,2013,1.064425779,0.971374032,0,0,0,0,CPI_v12_M_v01_A
ECA,MNE,Montenegro,2013,SILC-C,2012,National,1,0.903471036,0.950409087,1.04145252,1.04145252,0.950409087,0.903471036,14-Dec-25,1,1,N,,,,,2,2012,1.04145252,0.950409087,0,0,0,0,CPI_v12_M_v01_A
ECA,MNE,Montenegro,2014,HBS,2014,National,1,0.916839718,0.964472312,1.056862917,1.056862917,0.964472312,0.916839718,14-Dec-25,0,1,N,,,,,2,2014,1.056862917,0.964472312,0,0,0,0,CPI_v12_M_v01_A
ECA,MNE,Montenegro,2014,SILC-C,2013,National,1,0.92340058,0.971374032,1.064425779,1.064425779,0.971374032,0.92340058,14-Dec-25,1,1,N,,,,,2,2013,1.064425779,0.971374032,0,0,0,0,CPI_v12_M_v01_A
ECA,MNE,Montenegro,2015,SILC-C,2014,National,1,0.916839718,0.964472312,1.056862917,1.056862917,0.964472312,0.916839718,14-Dec-25,1,1,N,,,,,2,2014,1.056862917,0.964472312,0,0,0,0,CPI_v12_M_v01_A
ECA,MNE,Montenegro,2016,SILC-C,2015,National,1,0.931038712,0.979408987,1.073230435,1.073230435,0.979408987,0.931038712,14-Dec-25,1,1,N,,,,,2,2015,1.073230435,0.979408987,0,0,0,0,CPI_v12_M_v01_A
ECA,MNE,Montenegro,2017,SILC-C,2016,National,1,0.928512011,0.976751016,1.070317846,1.070317846,0.976751016,0.928512011,14-Dec-25,1,1,N,,,,,2,2016,1.070317846,0.976751016,0,0,0,0,CPI_v12_M_v01_A
ECA,MNE,Montenegro,2018,SILC-C,2017,National,1,0.950612792,1,1.095793942,1.095793942,1,0.950612792,14-Dec-25,1,1,N,,,,,2,2017,1.095793942,1,0,0,0,0,CPI_v12_M_v01_A
ECA,MNE,Montenegro,2019,SILC-C,2018,National,1,0.975435409,1.026112226,1.124407561,1.124407561,1.026112226,0.975435409,14-Dec-25,1,1,N,,,,,2,2018,1.124407561,1.026112226,0,0,0,0,CPI_v12_M_v01_A
ECA,MNE,Montenegro,2020,SILC-C,2019,National,1,0.978962285,1.029822335,1.128473075,1.128473075,1.029822335,0.978962285,14-Dec-25,1,1,N,,,,,2,2019,1.128473075,1.029822335,0,0,0,0,CPI_v12_M_v01_A
ECA,MNE,Montenegro,2021,SILC-C,2020,National,1,0.976459512,1.027189535,1.125588069,1.125588069,1.027189535,0.976459512,14-Dec-25,1,1,N,,,,,2,2020,1.125588069,1.027189535,0,0,0,0,CPI_v12_M_v01_A
ECA,MNE,Montenegro,2022,SILC-C,2021,National,1,1,1.051953023,1.152723749,1.152723749,1.051953023,1,14-Dec-25,1,1,N,,,,,2,2021,1.152723749,1.051953023,0,0,0,0,CPI_v12_M_v01_A
EAP,MNG,Mongolia,1995,LSMS,1995,National,1,0.072304139,0.092348801,0.145480518,0.145480518,0.092348801,0.072304139,14-Dec-25,0,1,N,,,,,2,1995,0.145480518,0.092348801,0,0,0,0,CPI_v12_M_v01_A
EAP,MNG,Mongolia,1998,LSMS,1998,National,1,0.158603644,0.202572862,0.319120599,0.319120599,0.202572862,0.158603644,14-Dec-25,0,1,N,,,,,2,1998,0.319120599,0.202572862,0,0,0,0,CPI_v12_M_v01_A
EAP,MNG,Mongolia,2002,HIES-LSMS,2002.15,National,1,0.205761731,0.262804446,0.414005663,0.414005663,0.262804446,0.205761731,14-Dec-25,1,1,N,,,,,2,2002.15,0.414005663,0.262804446,0,0,0,0,CPI_v12_M_v01_A
EAP,MNG,Mongolia,2007,HSES,2007.5,National,1,0.344809241,0.440399683,0.693778077,0.693778077,0.440399683,0.344809241,14-Dec-25,2,1,N,,,,,2,2007.5,0.693778077,0.440399683,0,0,0,0,CPI_v12_M_v01_A
EAP,MNG,Mongolia,2010,HSES,2010,National,1,0.45844169,0.585534119,0.922413778,0.922413778,0.585534119,0.45844169,14-Dec-25,3,1,N,,,,,2,2010,0.922413778,0.585534119,0,0,0,0,CPI_v12_M_v01_A
EAP,MNG,Mongolia,2011,HSES,2011,National,1,0.497002214,0.634784663,1,1,0.634784663,0.497002214,14-Dec-25,3,1,N,,,,,2,2011,1,0.634784663,0,0,0,0,CPI_v12_M_v01_A
EAP,MNG,Mongolia,2012,HSES,2012,National,1,0.568224295,0.725751431,1.143303348,1.143303348,0.725751431,0.568224295,14-Dec-25,3,1,N,,,,,2,2012,1.143303348,0.725751431,0,0,0,0,CPI_v12_M_v01_A
EAP,MNG,Mongolia,2014,HSES,2014,National,1,0.704769526,0.90015069,1.418041018,1.418041018,0.90015069,0.704769526,14-Dec-25,3,1,N,,,,,2,2014,1.418041018,0.90015069,0,0,0,0,CPI_v12_M_v01_A
EAP,MNG,Mongolia,2016,HSES,2016,National,1,0.750657135,0.958759585,1.510369801,1.510369801,0.958759585,0.750657135,14-Dec-25,3,1,N,,,,,2,2016,1.510369801,0.958759585,0,0,0,0,CPI_v12_M_v01_A
EAP,MNG,Mongolia,2018,HSES,2018,National,1,0.836376344,1.068242476,1.682842289,1.682842289,1.068242476,0.836376344,14-Dec-25,3,1,N,,,,,2,2018,1.682842289,1.068242476,0,0,0,0,CPI_v12_M_v01_A
EAP,MNG,Mongolia,2022,HSES,2022,National,1,1.151479527,1.470700779,2.316849893,2.316849893,1.470700779,1.151479527,14-Dec-25,4,1,N,,,,,2,2022,2.316849893,1.470700779,0,0,0,0,CPI_v12_M_v01_A
SSA,MOZ,Mozambique,1996,NHS,1996.27,National,1,0.141406075,0.166335405,0.255420664,0.255420664,0.166335405,0.141406075,14-Dec-25,0,1,N,,,,,2,1996.27,0.255422346,0.1663365,0,0,0,0,CPI_v12_M_v01_A
SSA,MOZ,Mozambique,2002,IAF,2002.5,National,1,0.23808203,0.280054946,0.430045668,0.430045668,0.280054946,0.23808203,14-Dec-25,0,1,N,,,,,2,2002.5,0.430042023,0.280052573,0,0,0,0,CPI_v12_M_v01_A
SSA,MOZ,Mozambique,2008,IOF,2008.67,National,1,0.437632356,0.514785203,0.790491828,0.790491828,0.514785203,0.437632356,14-Dec-25,0,1,N,,,,,2,2008.67,0.790491828,0.514785203,0,0,0,0,CPI_v12_M_v01_A
SSA,MOZ,Mozambique,2014,IOF,2014.44,National,1,0.616882966,0.725636984,1.114270772,1.114270772,0.725636984,0.616882966,14-Dec-25,0,1,N,,,,,2,2014.44,1.114270772,0.725636984,0,0,0,0,CPI_v12_M_v01_A
SSA,MOZ,Mozambique,2019,IOF,2019.92,National,1,0.937243664,1.102476002,1.692935742,1.692935742,1.102476002,0.937243664,14-Dec-25,0,1,N,,,,,2,2019.92,1.692935742,1.102476002,0,0,0,0,CPI_v12_M_v01_A
SSA,MRT,Mauritania,1987,EPCV,1987,National,1,0.169543413,0.189553172,0.229672864,0.229672864,0.189553172,0.169543413,14-Dec-25,0,1,N,,,,,2,1987,0.229672864,0.189553172,0,0,0,0,CPI_v12_M_v01_A
SSA,MRT,Mauritania,1993,EP,1993,National,1,0.263139486,0.294195589,0.356463269,0.356463269,0.294195589,0.263139486,14-Dec-25,1,1,N,,,,,2,1993,0.356463269,0.294195589,0,0,0,0,CPI_v12_M_v01_A
SSA,MRT,Mauritania,1995,EPCV,1995.57,National,1,0.299722506,0.33509619,0.406020648,0.406020648,0.33509619,0.299722506,14-Dec-25,2,1,N,,,,,2,1995.57,0.406020648,0.33509619,0,0,0,0,CPI_v12_M_v01_A
SSA,MRT,Mauritania,2000,EPCV,2000.5,National,1,0.379935191,0.424775691,0.514681177,0.514681177,0.424775691,0.379935191,14-Dec-25,3,1,N,,,,,2,2000.5,0.514681177,0.424775691,0,0,0,0,CPI_v12_M_v01_A
SSA,MRT,Mauritania,2004,EPCV,2004.55,National,1,0.499912027,0.558912367,0.67720842,0.67720842,0.558912367,0.499912027,14-Dec-25,3,1,N,,,,,2,2004.55,0.67720842,0.558912367,0,0,0,0,CPI_v12_M_v01_A
SSA,MRT,Mauritania,2008,EPCV,2008.2,National,1,0.645623537,0.721820961,0.874597274,0.874597274,0.721820961,0.645623537,14-Dec-25,3,1,N,,,,,2,2008.2,0.874597274,0.721820961,0,0,0,0,CPI_v12_M_v01_A
SSA,MRT,Mauritania,2014,EPCV,2014,National,1,0.834859601,0.933390938,1.130946889,1.130946889,0.933390938,0.834859601,14-Dec-25,3,1,N,,,,,2,2014,1.130946889,0.933390938,0,0,0,0,CPI_v12_M_v01_A
SSA,MRT,Mauritania,2019,EPCV,2019.6,National,1,0.960495251,1.07385429,1.301139874,1.301139874,1.07385429,0.960495251,14-Dec-25,3,1,N,,,,,2,2019.6,1.301139874,1.07385429,0,0,0,0,CPI_v12_M_v01_A
SSA,MUS,Mauritius,2006,HBS,2006.5,National,1,0.597676889,0.660983198,0.777856952,0.777856952,0.660983198,0.597676889,14-Dec-25,0,1,N,,,,,2,2006.5,0.777856952,0.660983198,0,0,0,0,CPI_v12_M_v01_A
SSA,MUS,Mauritius,2012,HBS,2012,National,1,0.797962087,0.882482729,1.038521597,1.038521597,0.882482729,0.797962087,14-Dec-25,0,1,N,,,,,2,2012,1.038521597,0.882482729,0,0,0,0,CPI_v12_M_v01_A
SSA,MUS,Mauritius,2017,HBS,2017,National,1,0.904224027,1,1.176818041,1.176818041,1,0.904224027,14-Dec-25,0,1,N,,,,,2,2017,1.176818041,1,0,0,0,0,CPI_v12_M_v01_A
,MWI,Malawi,1997,IHS-I,1997.83,National,1,,,,0.116999902,0.031428516,0.021523176,14-Dec-25,0,1,N,-9,,0,,2,1997.83,0.116999917,0.03142852,0,0,0,0,CPI_v12_M_v01_A
,MWI,Malawi,2004,IHS-II,2004.23,National,1,,,,0.406630009,0.109228969,0.074803218,14-Dec-25,1,1,N,-9,,1,,2,2004.23,0.406630009,0.109228976,0,0,0,0,CPI_v12_M_v01_A
,MWI,Malawi,2010,IHS-III,2010.23,National,1,,,,0.930776119,0.250025094,0.171224564,14-Dec-25,1,1,N,-9,,1,,2,2010.23,0.930776119,0.250025123,0,0,0,0,CPI_v12_M_v01_A
,MWI,Malawi,2016,IHS-IV,2016.31,National,1,,,,3.456902981,0.928593338,0.635928094,14-Dec-25,1,1,N,-9,,1,,2,2016.31,3.456902981,0.928593397,0,0,0,0,CPI_v12_M_v01_A
,MWI,Malawi,2019,IHS-V,2019.31,National,1,,,,4.699671268,1.2624259,0.864546478,14-Dec-25,1,1,N,1,,1,,2,2019.31,4.699671745,1.2624259,0,0,0,0,CPI_v12_M_v01_A
EAP,MYS,Malaysia,1984,HIS,1984,National,1,0.420893629,0.433032253,0.501992896,0.501992896,0.433032253,0.420893629,14-Dec-25,0,1,N,,,,,2,1984,0.501992896,0.433032253,0,0,0,0,CPI_v12_M_v01_A
EAP,MYS,Malaysia,1987,HIS,1987,National,1,0.429194269,0.441572284,0.511892932,0.511892932,0.441572284,0.429194269,14-Dec-25,0,1,N,,,,,2,1987,0.511892932,0.441572284,0,0,0,0,CPI_v12_M_v01_A
EAP,MYS,Malaysia,1989,HIS,1989,National,1,0.449917875,0.462893561,0.536609636,0.536609636,0.462893561,0.449917875,14-Dec-25,0,1,N,,,,,2,1989,0.536609636,0.462893561,0,0,0,0,CPI_v12_M_v01_A
EAP,MYS,Malaysia,1992,HIS,1992,National,1,0.504787433,0.519345565,0.602051654,0.602051654,0.519345565,0.504787433,14-Dec-25,0,1,N,,,,,2,1992,0.602051654,0.519345565,0,0,0,0,CPI_v12_M_v01_A
EAP,MYS,Malaysia,1995,HIS,1995,National,1,0.560813697,0.576987633,0.668873256,0.668873256,0.576987633,0.560813697,14-Dec-25,0,1,N,,,,,2,1995,0.668873256,0.576987633,0,0,0,0,CPI_v12_M_v01_A
EAP,MYS,Malaysia,1997,HIS,1997,National,1,0.595830628,0.613014456,0.710637372,0.710637372,0.613014456,0.595830628,14-Dec-25,0,1,N,,,,,2,1997,0.710637372,0.613014456,0,0,0,0,CPI_v12_M_v01_A
EAP,MYS,Malaysia,2004,HIS,2003,National,1,0.684385894,0.704123668,0.816255779,0.816255779,0.704123668,0.684385894,14-Dec-25,1,1,N,,,,,2,2003,0.816255779,0.704123668,0,0,0,0,CPI_v12_M_v01_A
EAP,MYS,Malaysia,2007,HIS,2006,National,1,0.742177602,0.763582095,0.885182997,0.885182997,0.763582095,0.742177602,14-Dec-25,1,1,N,,,,,2,2006,0.885182997,0.763582095,0,0,0,0,CPI_v12_M_v01_A
EAP,MYS,Malaysia,2009,HIS,2008.25,National,1,0.796192516,0.819154806,0.949605695,0.949605695,0.819154806,0.796192516,14-Dec-25,1,1,N,,,,,2,2008.25,0.949605695,0.819154806,0,0,0,0,CPI_v12_M_v01_A
EAP,MYS,Malaysia,2012,HIS,2011,National,1,0.838445389,0.862626257,1,1,0.862626257,0.838445389,14-Dec-25,1,1,N,,,,,2,2011,1,0.862626257,0,0,0,0,CPI_v12_M_v01_A
EAP,MYS,Malaysia,2014,HIS,2013,National,1,0.870336521,0.895437133,1.038036027,1.038036027,0.895437133,0.870336521,14-Dec-25,1,1,N,,,,,2,2013,1.038036027,0.895437133,0,0,0,0,CPI_v12_M_v01_A
EAP,MYS,Malaysia,2016,HIS,2015.88,National,1,0.935743808,0.962730774,1.116046221,1.116046221,0.962730774,0.935743808,14-Dec-25,1,1,N,,,,,2,2015.88,1.116046221,0.962730774,0,0,0,0,CPI_v12_M_v01_A
EAP,MYS,Malaysia,2019,HIESBA,2018.46,National,1,0.983557466,1.011923384,1.173072783,1.173072783,1.011923384,0.983557466,14-Dec-25,1,1,N,,,,,2,2018.46,1.173072783,1.011923384,0,0,0,0,CPI_v12_M_v01_A
EAP,MYS,Malaysia,2022,HIS,2021.46,National,1,1.015542007,1.044830363,1.211220218,1.211220218,1.044830363,1.015542007,14-Dec-25,1,1,N,,,,,2,2021.46,1.211220218,1.044830363,0,0,0,0,CPI_v12_M_v01_A
SSA,NAM,Namibia,1993,NHIES,1993.79,National,1,0.172814214,0.197980618,0.275333176,0.275333176,0.197980618,0.172814214,14-Dec-25,0,1,N,,,,,2,1993.79,0.275333176,0.197980618,0,0,0,0,CPI_v12_M_v01_A
SSA,NAM,Namibia,2003,NHIES,2003.67,National,1,0.411820262,0.471792382,0.656125314,0.656125314,0.471792382,0.411820262,14-Dec-25,1,1,N,,,,,2,2003.67,0.656125314,0.471792382,0,0,0,0,CPI_v12_M_v01_A
SSA,NAM,Namibia,2009,NHIES,2009.54,National,1,0.584953812,0.67013884,0.931967267,0.931967267,0.67013884,0.584953812,14-Dec-25,1,1,N,,,,,2,2009.54,0.931967267,0.67013884,0,0,0,0,CPI_v12_M_v01_A
SSA,NAM,Namibia,2015,NHIES,2015.27,National,1,0.784498906,0.898743073,1.249888942,1.249888942,0.898743073,0.784498906,14-Dec-25,1,1,N,,,,,2,2015.27,1.249888942,0.898743073,0,0,0,0,CPI_v12_M_v01_A
SSA,NER,Niger,1992,ENBCM,1992.85,National,1,0.390439444,0.418859017,0.44303419,0.44303419,0.418859017,0.390439444,14-Dec-25,0,1,N,,,,,2,1992.85,0.44303419,0.418859017,0,0,0,0,CPI_v12_M_v01_A
SSA,NER,Niger,1994,EPCES,1994.36,National,1,0.550341391,0.590400016,0.624475975,0.624475975,0.590400016,0.550341391,14-Dec-25,1,1,N,,,,,2,1994.36,0.624475975,0.590400016,0,0,0,0,CPI_v12_M_v01_A
SSA,NER,Niger,2005,ENCVM,2005,National,1,0.757870136,0.813034505,0.859960198,0.859960198,0.813034505,0.757870136,14-Dec-25,2,1,N,,,,,2,2005,0.859960198,0.813034505,0,0,0,0,CPI_v12_M_v01_A
SSA,NER,Niger,2007,ENBCM,2007.31,National,1,0.78517134,0.842322928,0.890939053,0.890939053,0.842322928,0.78517134,14-Dec-25,3,1,N,,,,,2,2007.31,0.890939053,0.842322928,0,0,0,0,CPI_v12_M_v01_A
SSA,NER,Niger,2011,ECVMA,2011,National,1,0.881285131,0.945432714,1,1,0.945432714,0.881285131,14-Dec-25,4,1,N,,,,,2,2011,1,0.945432714,0,0,0,0,CPI_v12_M_v01_A
SSA,NER,Niger,2014,ECVMA,2014,National,1,0.897208121,0.962514718,1.018067921,1.018067921,0.962514718,0.897208121,14-Dec-25,4,1,N,,,,,2,2014,1.018067921,0.962514718,0,0,0,0,CPI_v12_M_v01_A
SSA,NER,Niger,2018,EHCVM,2018.57,National,1,0.958045203,1.027780051,1.087100156,1.087100156,1.027780051,0.958045203,14-Dec-25,5,1,N,,,,,2,2018.57,1.087100156,1.027780051,0,0,0,0,CPI_v12_M_v01_A
SSA,NER,Niger,2021,EHCVM,2021.5,National,1,1.005071484,1.078229313,1.140461184,1.140461184,1.078229313,1.005071484,14-Dec-25,5,1,N,,,,,2,2021.5,1.140461184,1.078229313,0,0,0,0,CPI_v12_M_v01_A
SSA,NGA,Nigeria,1985,NCS,1985.25,National,1,0.002736663,0.004525983,0.008748742,0.008748742,0.004525983,0.002736663,14-Dec-25,0,1,N,,,,,2,1985.25,0.008748742,0.004525983,0,0,0,0,CPI_v12_M_v01_A
SSA,NGA,Nigeria,1992,NCS,1992,National,1,0.011135933,0.018416973,0.035600079,0.035600079,0.018416973,0.011135933,14-Dec-25,1,1,N,,,,,2,1992,0.035600079,0.018416973,0,0,0,0,CPI_v12_M_v01_A
SSA,NGA,Nigeria,1996,NCS,1996.25,National,1,0.061406399,0.101555925,0.196307993,0.196307993,0.101555925,0.061406399,14-Dec-25,2,1,N,,,,,2,1996.25,0.196307993,0.101555925,0,0,0,0,CPI_v12_M_v01_A
SSA,NGA,Nigeria,2003,LSS,2003.67,National,1,0.140724047,0.232734065,0.449875838,0.449875838,0.232734065,0.140724047,14-Dec-25,3,1,N,,,,,2,2003.67,0.449875838,0.232734065,0,0,0,0,CPI_v12_M_v01_A
SSA,NGA,Nigeria,2010,GHSP-W1,2010.5,National,1,0.731066475,1.209061823,2.337121132,2.337121132,1.209061823,0.731066475,14-Dec-25,4,1,N,,,,,2,2010.5,2.337121132,1.209061823,0,0,0,0,CPI_v12_M_v01_A
SSA,NGA,Nigeria,2012,GHSP-W2,2012.5,National,1,0.731066475,1.209061823,2.337121132,2.337121132,1.209061823,0.731066475,14-Dec-25,4,1,N,,,,,2,2012.5,2.337121132,1.209061823,0,0,0,0,CPI_v12_M_v01_A
SSA,NGA,Nigeria,2015,GHSP-W3,2015.5,National,1,0.731066475,1.209061823,2.337121132,2.337121132,1.209061823,0.731066475,14-Dec-25,4,1,N,,,,,2,2015.5,2.337121132,1.209061823,0,0,0,0,CPI_v12_M_v01_A
SSA,NGA,Nigeria,2018,LSS,2018.75,National,1,0.731066475,1.209061823,2.337121132,2.337121132,1.209061823,0.731066475,14-Dec-25,5,1,N,,,,,2,2018.75,2.337121132,1.209061823,0,0,0,0,CPI_v12_M_v01_A
SSA,NGA,Nigeria,2022,LSS,2022.71,National,1,1.448794074,2.396063372,4.63159967,4.63159967,2.396063372,1.448794074,14-Dec-25,5,1,N,,,,,2,2022.857143,4.645638369,2.403326006,1,0,1,0,CPI_v12_M_v01_A
LAC,NIC,Nicaragua,1993,EMNV,1993,National,1,0.126073497,0.151681773,0.206517948,0.206517948,0.151681773,0.126073497,14-Dec-25,0,1,N,,,,,2,1993,0.206517948,0.151681773,0,0,0,0,CPI_v12_M_v01_A
LAC,NIC,Nicaragua,1998,EMNV,1998,National,1,0.208140301,0.250418134,0.340949594,0.340949594,0.250418134,0.208140301,14-Dec-25,0,1,N,,,,,2,1998,0.340949594,0.250418134,0,0,0,0,CPI_v12_M_v01_A
LAC,NIC,Nicaragua,2001,EMNV,2001,National,1,0.275693842,0.331693272,0.451607418,0.451607418,0.331693272,0.275693842,14-Dec-25,0,1,N,,,,,2,2001,0.451607418,0.331693272,0,0,0,0,CPI_v12_M_v01_A
LAC,NIC,Nicaragua,2005,EMNV,2005,National,1,0.361099273,0.434446408,0.591507989,0.591507989,0.434446408,0.361099273,14-Dec-25,1,1,N,,,,,2,2005,0.591507989,0.434446408,0,0,0,0,CPI_v12_M_v01_A
LAC,NIC,Nicaragua,2009,EMNV,2009,National,1,0.533475783,0.641836345,0.873873781,0.873873781,0.641836345,0.533475783,14-Dec-25,1,1,N,,,,,2,2009,0.873873781,0.641836345,0,0,0,0,CPI_v12_M_v01_A
LAC,NIC,Nicaragua,2014,EMNV,2014,National,1,0.752418094,0.905250613,1.232517888,1.232517888,0.905250613,0.752418094,14-Dec-25,1,1,N,,,,,2,2014,1.232517888,0.905250613,0,0,0,0,CPI_v12_M_v01_A
ECA,NLD,Netherlands,1983,AVO-LIS,1983,National,1,0.48883805,0.530578917,0.575688482,1.268644707,1.169236759,1.07725241,14-Dec-25,0,0.453782275,N,,,,,2,1983,1.268644707,1.169236759,0,0,0,0,CPI_v12_M_v01_A
ECA,NLD,Netherlands,1987,AVO-LIS,1987,National,1,0.5132412,0.557065802,0.604427269,1.331976372,1.227605908,1.131029633,14-Dec-25,0,0.453782275,N,,,,,2,1987,1.331976372,1.227605908,0,0,0,0,CPI_v12_M_v01_A
ECA,NLD,Netherlands,1990,AVO-LIS,1990,National,1,0.535449385,0.581170297,0.630581117,1.389611607,1.280724984,1.179969809,14-Dec-25,0,0.453782275,N,,,,,2,1990,1.389611607,1.280724984,0,0,0,0,CPI_v12_M_v01_A
ECA,NLD,Netherlands,1993,SEP-LIS,1993,National,1,0.584673226,0.63459726,0.688550415,1.517358549,1.398461983,1.288444388,14-Dec-25,1,0.453782275,N,,,,,2,1993,1.517358549,1.398461983,0,0,0,0,CPI_v12_M_v01_A
ECA,NLD,Netherlands,1999,SEP-LIS,1999,National,1,0.664248424,0.720967219,0.782263506,1.723874088,1.588795461,1.463804252,14-Dec-25,1,0.453782275,N,,,,,2,1999,1.723874088,1.588795461,0,0,0,0,CPI_v12_M_v01_A
ECA,NLD,Netherlands,2004,EU-SILC,2004,National,1,0.756205497,0.820776316,0.890558324,0.890558324,0.820776316,0.756205497,14-Dec-25,2,1,N,,,,,2,2004,0.890558324,0.820776316,0,0,0,0,CPI_v12_M_v01_A
ECA,NLD,Netherlands,2005,EU-SILC,2005,National,1,0.768971236,0.834632095,0.905592115,0.905592115,0.834632095,0.768971236,14-Dec-25,2,1,N,,,,,2,2005,0.905592115,0.834632095,0,0,0,0,CPI_v12_M_v01_A
ECA,NLD,Netherlands,2006,EU-SILC,2006,National,1,0.777441426,0.843825537,0.915567179,0.915567179,0.843825537,0.777441426,14-Dec-25,2,1,N,,,,,2,2006,0.915567179,0.843825537,0,0,0,0,CPI_v12_M_v01_A
ECA,NLD,Netherlands,2007,EU-SILC,2007,National,1,0.789988266,0.857443726,0.93034318,0.93034318,0.857443726,0.789988266,14-Dec-25,2,1,N,,,,,2,2007,0.93034318,0.857443726,0,0,0,0,CPI_v12_M_v01_A
ECA,NLD,Netherlands,2008,EU-SILC,2008,National,1,0.809631326,0.878764067,0.953476165,0.953476165,0.878764067,0.809631326,14-Dec-25,2,1,N,,,,,2,2008,0.953476165,0.878764067,0,0,0,0,CPI_v12_M_v01_A
ECA,NLD,Netherlands,2009,EU-SILC,2009,National,1,0.819264122,0.889219386,0.964820391,0.964820391,0.889219386,0.819264122,14-Dec-25,2,1,N,,,,,2,2009,0.964820391,0.889219386,0,0,0,0,CPI_v12_M_v01_A
ECA,NLD,Netherlands,2010,EU-SILC,2010,National,1,0.829712247,0.900559655,0.977124804,0.977124804,0.900559655,0.829712247,14-Dec-25,2,1,N,,,,,2,2010,0.977124804,0.900559655,0,0,0,0,CPI_v12_M_v01_A
ECA,NLD,Netherlands,2011,EU-SILC,2011,National,1,0.849136409,0.921642406,1,1,0.921642406,0.849136409,14-Dec-25,2,1,N,,,,,2,2011,1,0.921642406,0,0,0,0,CPI_v12_M_v01_A
ECA,NLD,Netherlands,2012,EU-SILC,2012,National,1,0.869987335,0.944273749,1.024555449,1.024555449,0.944273749,0.869987335,14-Dec-25,2,1,N,,,,,2,2012,1.024555449,0.944273749,0,0,0,0,CPI_v12_M_v01_A
ECA,NLD,Netherlands,2013,EU-SILC,2013,National,1,0.891797033,0.967945732,1.050240013,1.050240013,0.967945732,0.891797033,14-Dec-25,2,1,N,,,,,2,2013,1.050240013,0.967945732,0,0,0,0,CPI_v12_M_v01_A
ECA,NLD,Netherlands,2014,EU-SILC,2014,National,1,0.900501314,0.977393254,1.060490759,1.060490759,0.977393254,0.900501314,14-Dec-25,2,1,N,,,,,2,2014,1.060490759,0.977393254,0,0,0,0,CPI_v12_M_v01_A
ECA,NLD,Netherlands,2015,EU-SILC,2015,National,1,0.905906547,0.983260028,1.066856324,1.066856324,0.983260028,0.905906547,14-Dec-25,2,1,N,,,,,2,2015,1.066856324,0.983260028,0,0,0,0,CPI_v12_M_v01_A
ECA,NLD,Netherlands,2016,EU-SILC,2016,National,1,0.908775268,0.986373704,1.070234722,1.070234722,0.986373704,0.908775268,14-Dec-25,2,1,N,,,,,2,2016,1.070234722,0.986373704,0,0,0,0,CPI_v12_M_v01_A
ECA,NLD,Netherlands,2017,EU-SILC,2017,National,1,0.921329578,1,1.085019519,1.085019519,1,0.921329578,14-Dec-25,2,1,N,,,,,2,2017,1.085019519,1,0,0,0,0,CPI_v12_M_v01_A
ECA,NLD,Netherlands,2018,EU-SILC,2018,National,1,0.937024428,1.017035001,1.103502828,1.103502828,1.017035001,0.937024428,14-Dec-25,2,1,N,,,,,2,2018,1.103502828,1.017035001,0,0,0,0,CPI_v12_M_v01_A
ECA,NLD,Netherlands,2019,EU-SILC,2019,National,1,0.961702847,1.043820659,1.13256579,1.13256579,1.043820659,0.961702847,14-Dec-25,2,1,N,,,,,2,2019,1.13256579,1.043820659,0,0,0,0,CPI_v12_M_v01_A
ECA,NLD,Netherlands,2020,EU-SILC,2020,National,1,0.973940141,1.05710287,1.146977248,1.146977248,1.05710287,0.973940141,14-Dec-25,2,1,N,,,,,2,2020,1.146977248,1.05710287,0,0,0,0,CPI_v12_M_v01_A
ECA,NLD,Netherlands,2021,EU-SILC,2021,National,1,1,1.085387926,1.177667086,1.177667086,1.085387926,1,14-Dec-25,2,1,N,,,,,2,2021,1.177667086,1.085387926,0,0,0,0,CPI_v12_M_v01_A
ECA,NOR,Norway,1979,IDS-LIS,1979,National,1,0.223027781,0.245438027,0.277584209,0.277584209,0.245438027,0.223027781,14-Dec-25,0,1,N,,,,,2,1979,0.277584209,0.245438027,0,0,0,0,CPI_v12_M_v01_A
ECA,NOR,Norway,1986,IDS-LIS,1986,National,1,0.408441599,0.44948257,0.508353432,0.508353432,0.44948257,0.408441599,14-Dec-25,0,1,N,,,,,2,1986,0.508353432,0.44948257,0,0,0,0,CPI_v12_M_v01_A
ECA,NOR,Norway,1991,IDS-LIS,1991,National,1,0.533414682,0.58701318,0.663897079,0.663897079,0.58701318,0.533414682,14-Dec-25,0,1,N,,,,,2,1991,0.663897079,0.58701318,0,0,0,0,CPI_v12_M_v01_A
ECA,NOR,Norway,1995,IDS-LIS,1995,National,1,0.579929657,0.638202066,0.721790416,0.721790416,0.638202066,0.579929657,14-Dec-25,0,1,N,,,,,2,1995,0.721790416,0.638202066,0,0,0,0,CPI_v12_M_v01_A
ECA,NOR,Norway,2000,IDS-LIS,2000,National,1,0.649917455,0.715222368,0.808898431,0.808898431,0.715222368,0.649917455,14-Dec-25,0,1,N,,,,,2,2000,0.808898431,0.715222368,0,0,0,0,CPI_v12_M_v01_A
ECA,NOR,Norway,2003,EU-SILC,2003,National,1,0.694924961,0.764752312,0.864915547,0.864915547,0.764752312,0.694924961,14-Dec-25,1,1,N,,,,,2,2003,0.864915547,0.764752312,0,0,0,0,CPI_v12_M_v01_A
ECA,NOR,Norway,2004,EU-SILC,2004,National,1,0.698083394,0.768228111,0.868846587,0.868846587,0.768228111,0.698083394,14-Dec-25,1,1,N,,,,,2,2004,0.868846587,0.768228111,0,0,0,0,CPI_v12_M_v01_A
ECA,NOR,Norway,2005,EU-SILC,2005,National,1,0.708778988,0.779998418,0.882158507,0.882158507,0.779998418,0.708778988,14-Dec-25,1,1,N,,,,,2,2005,0.882158507,0.779998418,0,0,0,0,CPI_v12_M_v01_A
ECA,NOR,Norway,2006,EU-SILC,2006,National,1,0.725288939,0.798167318,0.902707075,0.902707075,0.798167318,0.725288939,14-Dec-25,1,1,N,,,,,2,2006,0.902707075,0.798167318,0,0,0,0,CPI_v12_M_v01_A
ECA,NOR,Norway,2007,EU-SILC,2007,National,1,0.730457229,0.803854928,0.909139618,0.909139618,0.803854928,0.730457229,14-Dec-25,1,1,N,,,,,2,2007,0.909139618,0.803854928,0,0,0,0,CPI_v12_M_v01_A
ECA,NOR,Norway,2008,EU-SILC,2008,National,1,0.757878108,0.834031108,0.943268115,0.943268115,0.834031108,0.757878108,14-Dec-25,1,1,N,,,,,2,2008,0.943268115,0.834031108,0,0,0,0,CPI_v12_M_v01_A
ECA,NOR,Norway,2009,EU-SILC,2009,National,1,0.774531615,0.852357991,0.963995357,0.963995357,0.852357991,0.774531615,14-Dec-25,1,1,N,,,,,2,2009,0.963995357,0.852357991,0,0,0,0,CPI_v12_M_v01_A
ECA,NOR,Norway,2010,EU-SILC,2010,National,1,0.793266819,0.872975742,0.987313512,0.987313512,0.872975742,0.793266819,14-Dec-25,1,1,N,,,,,2,2010,0.987313512,0.872975742,0,0,0,0,CPI_v12_M_v01_A
ECA,NOR,Norway,2011,EU-SILC,2011,National,1,0.803459903,0.884193046,1,1,0.884193046,0.803459903,14-Dec-25,1,1,N,,,,,2,2011,1,0.884193046,0,0,0,0,CPI_v12_M_v01_A
ECA,NOR,Norway,2012,EU-SILC,2012,National,1,0.809058924,0.890354668,1.006968638,1.006968638,0.890354668,0.809058924,14-Dec-25,1,1,N,,,,,2,2012,1.006968638,0.890354668,0,0,0,0,CPI_v12_M_v01_A
ECA,NOR,Norway,2013,EU-SILC,2013,National,1,0.826214941,0.909234553,1.028321312,1.028321312,0.909234553,0.826214941,14-Dec-25,1,1,N,,,,,2,2013,1.028321312,0.909234553,0,0,0,0,CPI_v12_M_v01_A
ECA,NOR,Norway,2014,EU-SILC,2014,National,1,0.843083784,0.927798408,1.049316563,1.049316563,0.927798408,0.843083784,14-Dec-25,1,1,N,,,,,2,2014,1.049316563,0.927798408,0,0,0,0,CPI_v12_M_v01_A
ECA,NOR,Norway,2015,EU-SILC,2015,National,1,0.861388256,0.947942148,1.072098623,1.072098623,0.947942148,0.861388256,14-Dec-25,1,1,N,,,,,2,2015,1.072098623,0.947942148,0,0,0,0,CPI_v12_M_v01_A
ECA,NOR,Norway,2016,EU-SILC,2016,National,1,0.891967568,0.981594126,1.110158161,1.110158161,0.981594126,0.891967568,14-Dec-25,1,1,N,,,,,2,2016,1.110158161,0.981594126,0,0,0,0,CPI_v12_M_v01_A
ECA,NOR,Norway,2017,EU-SILC,2017,National,1,0.908692854,1,1.130974739,1.130974739,1,0.908692854,14-Dec-25,1,1,N,,,,,2,2017,1.130974739,1,0,0,0,0,CPI_v12_M_v01_A
ECA,NOR,Norway,2018,EU-SILC,2018,National,1,0.933816702,1.027648339,1.162244312,1.162244312,1.027648339,0.933816702,14-Dec-25,1,1,N,,,,,2,2018,1.162244312,1.027648339,0,0,0,0,CPI_v12_M_v01_A
ECA,NOR,Norway,2019,EU-SILC,2019,National,1,0.954059313,1.049924965,1.187438614,1.187438614,1.049924965,0.954059313,14-Dec-25,1,1,N,,,,,2,2019,1.187438614,1.049924965,0,0,0,0,CPI_v12_M_v01_A
ECA,NOR,Norway,2020,EU-SILC,2020,National,1,0.966334093,1.063433138,1.202716016,1.202716016,1.063433138,0.966334093,14-Dec-25,1,1,N,,,,,2,,,,1,1,1,1,CPI_v12_M_v01_A
ECA,NOR,Norway,2021,EU-SILC,2021,National,1,1,1.100481858,1.244617182,1.244617182,1.100481858,1,14-Dec-25,1,1,N,,,,,2,,,,1,1,1,1,CPI_v12_M_v01_A
ECA,NOR,Norway,2022,EU-SILC,2022,National,1,1.057641239,1.163914996,1.316358459,1.316358459,1.163914996,1.057641239,14-Dec-25,1,1,N,,,,,2,,,,1,1,1,1,CPI_v12_M_v01_A
SAR,NPL,Nepal,1984,MHBS,1984.5,National,1,0.066926268,0.080442239,0.126523431,0.126523431,0.080442239,0.066926268,14-Dec-25,0,1,N,,,,,2,1984.5,0.126523431,0.080442239,0,0,0,0,CPI_v12_M_v01_A
SAR,NPL,Nepal,1995,LSS-I,1995.5,National,1,0.208839287,0.251015039,0.394808555,0.394808555,0.251015039,0.208839287,14-Dec-25,1,1,N,,,,,2,1995.5,0.394808555,0.251015039,0,0,0,0,CPI_v12_M_v01_A
SAR,NPL,Nepal,2003,LSS-II,2003.25,National,1,0.312896761,0.376087248,0.591528156,0.591528156,0.376087248,0.312896761,14-Dec-25,1,1,N,,,,,2,2003.25,0.591528156,0.376087248,0,0,0,0,CPI_v12_M_v01_A
SAR,NPL,Nepal,2010,LSS-III,2010.17,National,1,0.491875085,0.591210809,0.929884864,0.929884864,0.591210809,0.491875085,14-Dec-25,2,1,N,,,,,2,2010.17,0.929884864,0.591210809,0,0,0,0,CPI_v12_M_v01_A
SAR,NPL,Nepal,2022,LSS-IV,2022.5,National,1,1.109305538,1.333333288,2.097130877,2.097130877,1.333333288,1.109305538,14-Dec-25,3,1,N,,,,,2,2022.5,2.097130877,1.333333288,0,0,0,0,CPI_v12_M_v01_A
EAP,NRU,Nauru,2012,HIES,2012.69,National,1,0.744917583,0.806882377,0.99114525,0.99114525,0.806882377,0.744917583,14-Dec-25,0,1,N,,,,,2,2012.69,0.991137535,0.802070436,1,0,0,0,CPI_v12_M_v01_A
SAR,PAK,Pakistan,1987,HIES,1987,National,1,0.065319452,0.09119872,0.127864668,0.127864668,0.09119872,0.065319452,14-Dec-25,0,1,N,,,,,2,1987,0.127864668,0.09119872,0,0,0,0,CPI_v12_M_v01_A
SAR,PAK,Pakistan,1990,HIES,1990.5,National,1,0.088431409,0.123467528,0.173106974,0.173106974,0.123467528,0.088431409,14-Dec-25,0,1,N,,,,,2,1990.5,0.173106974,0.123467528,0,0,0,0,CPI_v12_M_v01_A
SAR,PAK,Pakistan,1996,IHS,1996.5,National,1,0.165761223,0.23143506,0.324482264,0.324482264,0.23143506,0.165761223,14-Dec-25,0,1,N,,,,,2,1996.5,0.324482264,0.23143506,0,0,0,0,CPI_v12_M_v01_A
SAR,PAK,Pakistan,1998,HIES,1998.5,National,1,0.189404681,0.264445948,0.370765,0.370765,0.264445948,0.189404681,14-Dec-25,0,1,N,,,,,2,1998.5,0.370765,0.264445948,0,0,0,0,CPI_v12_M_v01_A
SAR,PAK,Pakistan,2001,PIHS,2001.5,National,1,0.206495961,0.288308715,0.404221662,0.404221662,0.288308715,0.206495961,14-Dec-25,1,1,N,,,,,2,2001.5,0.404221662,0.288308715,0,0,0,0,CPI_v12_M_v01_A
SAR,PAK,Pakistan,2004,HIES,2004.5,National,1,0.248056308,0.346335081,0.485577212,0.485577212,0.346335081,0.248056308,14-Dec-25,1,1,N,,,,,2,2004.5,0.485577212,0.346335081,0,0,0,0,CPI_v12_M_v01_A
SAR,PAK,Pakistan,2005,HIES,2005.5,National,1,0.269785208,0.376672872,0.528112146,0.528112146,0.376672872,0.269785208,14-Dec-25,1,1,N,,,,,2,2005.5,0.528112146,0.376672872,0,0,0,0,CPI_v12_M_v01_A
SAR,PAK,Pakistan,2007,HIES,2007.5,National,1,0.321812152,0.449312653,0.629956355,0.629956355,0.449312653,0.321812152,14-Dec-25,1,1,N,,,,,2,2007.5,0.629956355,0.449312653,0,0,0,0,CPI_v12_M_v01_A
SAR,PAK,Pakistan,2010,HIES,2010.5,National,1,0.489112045,0.682895997,0.957450609,0.957450609,0.682895997,0.489112045,14-Dec-25,1,1,N,,,,,2,2010.5,0.957450609,0.682895997,0,0,0,0,CPI_v12_M_v01_A
SAR,PAK,Pakistan,2011,HIES,2011.5,National,1,0.538496894,0.751846896,1.054122841,1.054122841,0.751846896,0.538496894,14-Dec-25,1,1,N,,,,,2,2011.5,1.054122841,0.751846896,0,0,0,0,CPI_v12_M_v01_A
SAR,PAK,Pakistan,2013,HIES,2013.5,National,1,0.627992441,0.876800169,1.229312897,1.229312897,0.876800169,0.627992441,14-Dec-25,1,1,N,,,,,2,2013.5,1.229312897,0.876800169,0,0,0,0,CPI_v12_M_v01_A
SAR,PAK,Pakistan,2015,HIES,2015.5,National,1,0.673998849,0.941034106,1.319371737,1.319371737,0.941034106,0.673998849,14-Dec-25,1,1,N,,,,,2,2015.5,1.319371737,0.941034106,0,0,0,0,CPI_v12_M_v01_A
SAR,PAK,Pakistan,2018,HIES,2018.5,National,1,0.782042696,1.09188443,1.530870612,1.530870612,1.09188443,0.782042696,14-Dec-25,1,1,N,,,,,2,2018.5,1.530870612,1.09188443,0,0,0,0,CPI_v12_M_v01_A
LAC,PAN,Panama,1979,EMO,1979,National,1,0.414561842,0.416465339,0.478229566,0.478229566,0.416465339,0.414561842,14-Dec-25,0,1,N,,,,,2,1979,0.476805123,0.415228774,1,0,1,0,CPI_v12_M_v01_A
LAC,PAN,Panama,1989,EMO,1989,National,1,0.561320049,0.5638974,0.647526657,0.647526657,0.5638974,0.561320049,14-Dec-25,1,1,N,,,,,2,1989,0.645597903,0.56222304,1,0,1,0,CPI_v12_M_v01_A
LAC,PAN,Panama,1991,EMO,1991,National,1,0.574045627,0.576681408,0.662206609,0.662206609,0.576681408,0.574045627,14-Dec-25,2,1,N,,,,,2,1991,0.660234137,0.574969097,1,0,1,0,CPI_v12_M_v01_A
LAC,PAN,Panama,1995,EH,1995,National,1,0.600797268,0.603555882,0.693066722,0.693066722,0.603555882,0.600797268,14-Dec-25,3,1,N,,,,,2,1995,0.69100233,0.601763774,1,0,1,0,CPI_v12_M_v01_A
LAC,PAN,Panama,1997,EH,1997,National,1,0.615845066,0.618672773,0.710425536,0.710425536,0.618672773,0.615845066,14-Dec-25,3,1,N,,,,,2,1997,0.708309438,0.616835779,1,0,1,0,CPI_v12_M_v01_A
LAC,PAN,Panama,1998,EH,1998,National,1,0.61807437,0.620912313,0.712997213,0.712997213,0.620912313,0.61807437,14-Dec-25,3,1,N,,,,,2,1998,0.710873454,0.619068669,1,0,1,0,CPI_v12_M_v01_A
LAC,PAN,Panama,1999,EH,1999,National,1,0.626434257,0.629310585,0.722640998,0.722640998,0.629310585,0.626434257,14-Dec-25,3,1,N,,,,,2,1999,0.720488514,0.627442005,1,0,1,0,CPI_v12_M_v01_A
LAC,PAN,Panama,2000,EH,2000,National,1,0.636466123,0.639388513,0.734213541,0.734213541,0.639388513,0.636466123,14-Dec-25,3,1,N,,,,,2,2000,0.732026587,0.637490009,1,0,1,0,CPI_v12_M_v01_A
LAC,PAN,Panama,2001,EH,2001,National,1,0.634794145,0.637708858,0.732284784,0.732284784,0.637708858,0.634794145,14-Dec-25,4,1,N,,,,,2,2001,0.730103575,0.635815341,1,0,1,0,CPI_v12_M_v01_A
LAC,PAN,Panama,2002,EH,2002,National,1,0.643154033,0.646107131,0.741928569,0.741928569,0.646107131,0.643154033,14-Dec-25,4,1,N,,,,,2,2002,0.739718635,0.644188678,1,0,1,0,CPI_v12_M_v01_A
LAC,PAN,Panama,2003,EH,2003,National,1,0.644905708,0.647866849,0.743949264,0.743949264,0.647866849,0.644905708,14-Dec-25,4,1,N,,,,,2,2003,0.740993058,0.645298517,1,0,1,0,CPI_v12_M_v01_A
LAC,PAN,Panama,2004,EH,2004,National,1,0.6481238,0.651099718,0.747661585,0.747661585,0.651099718,0.6481238,14-Dec-25,4,1,N,,,,,2,2004,0.745434575,0.64916644,1,0,1,0,CPI_v12_M_v01_A
LAC,PAN,Panama,2005,EH,2005,National,1,0.665476494,0.668532088,0.767679277,0.767679277,0.668532088,0.665476494,14-Dec-25,4,1,N,,,,,2,2005,0.76767928,0.668538383,0,0,0,0,CPI_v12_M_v01_A
LAC,PAN,Panama,2006,EH,2006,National,1,0.684140729,0.687282021,0.789209934,0.789209934,0.687282021,0.684140729,14-Dec-25,4,1,N,,,,,2,2006,0.789209932,0.687288489,0,0,0,0,CPI_v12_M_v01_A
LAC,PAN,Panama,2007,EH,2007,National,1,0.712458877,0.715730195,0.821877137,0.821877137,0.715730195,0.712458877,14-Dec-25,4,1,N,,,,,2,2007,0.82187714,0.715736935,0,0,0,0,CPI_v12_M_v01_A
LAC,PAN,Panama,2008,EH,2008,National,1,0.780679872,0.784264432,0.9005754,0.9005754,0.784264432,0.780679872,14-Dec-25,5,1,N,,,,,2,2008,0.900575401,0.784271816,0,0,0,0,CPI_v12_M_v01_A
LAC,PAN,Panama,2009,EH,2009,National,1,0.79548254,0.799135069,0.917651438,0.917651438,0.799135069,0.79548254,14-Dec-25,5,1,N,,,,,2,2009,0.917651442,0.799142595,0,0,0,0,CPI_v12_M_v01_A
LAC,PAN,Panama,2010,EH,2010,National,1,0.822513501,0.826290144,0.948833768,0.948833768,0.826290144,0.822513501,14-Dec-25,5,1,N,,,,,2,2010,0.948833765,0.826297919,0,0,0,0,CPI_v12_M_v01_A
LAC,PAN,Panama,2011,EH,2011,National,1,0.866921506,0.870902053,1.000061882,1.000061882,0.870902053,0.866921506,14-Dec-25,5,1,N,,,,,2,2011,1.000061878,0.870910247,0,0,0,0,CPI_v12_M_v01_A
LAC,PAN,Panama,2012,EH,2012,National,1,0.919052644,0.923272555,1.060199234,1.060199234,0.923272555,0.919052644,14-Dec-25,5,1,N,,,,,2,2012,1.060199234,0.923281246,0,0,0,0,CPI_v12_M_v01_A
LAC,PAN,Panama,2013,EH,2013,National,1,0.957024707,0.96141897,1.104002984,1.104002984,0.96141897,0.957024707,14-Dec-25,5,1,N,,,,,2,2013,1.104002965,0.961428004,0,0,0,0,CPI_v12_M_v01_A
LAC,PAN,Panama,2014,EH,2014,National,1,0.978263318,0.982755101,1.128503386,1.128503386,0.982755101,0.978263318,14-Dec-25,5,1,N,,,,,2,2014,1.128503432,0.982764391,0,0,0,0,CPI_v12_M_v01_A
LAC,PAN,Panama,2015,EH,2015,National,1,0.987486274,0.992020404,1.139142788,1.139142788,0.992020404,0.987486274,14-Dec-25,5,1,N,,,,,2,2015,1.139132106,0.99202044,0,0,1,0,CPI_v12_M_v01_A
LAC,PAN,Panama,2016,EH,2016,National,1,0.988439446,0.992977953,1.140242347,1.140242347,0.992977953,0.988439446,14-Dec-25,5,1,N,,,,,2,2016,1.140231654,0.992977988,0,0,1,0,CPI_v12_M_v01_A
LAC,PAN,Panama,2017,EH,2017,National,1,0.992252134,0.996808147,1.144640582,1.144640582,0.996808147,0.992252134,14-Dec-25,5,1,N,,,,,2,2017,1.144629848,0.996808183,0,0,1,0,CPI_v12_M_v01_A
LAC,PAN,Panama,2018,EH,2018,National,1,1.005197164,1.009812616,1.159573688,1.159573688,1.009812616,1.005197164,14-Dec-25,5,1,N,,,,,2,2018,1.159562814,1.009812652,0,0,1,0,CPI_v12_M_v01_A
LAC,PAN,Panama,2019,EH,2019,National,1,1.002528282,1.007131479,1.156494924,1.156494924,1.007131479,1.002528282,14-Dec-25,5,1,N,,,,,2,2019,1.156484079,1.007131515,0,0,1,0,CPI_v12_M_v01_A
LAC,PAN,Panama,2021,EH,2021,National,1,1.003220285,1.00782666,1.157293203,1.157293203,1.00782666,1.003220285,14-Dec-25,5,1,N,,,,,2,2021,1.157282351,1.007826696,0,0,1,0,CPI_v12_M_v01_A
LAC,PAN,Panama,2023,EH,2023,National,1,1.044434493,1.049230106,1.204837021,1.204837021,1.049230106,1.044434493,14-Dec-25,5,1,N,,,,,2,2023,1.204825723,1.049230143,0,0,1,0,CPI_v12_M_v01_A
LAC,PER,Peru,1985,ENNIV,1985.5,National,1,4.69E-07,5.17E-07,6.28E-07,0.628156937,0.517278894,0.4685657,14-Dec-25,0,1.00E-06,N,,,,,2,1985.5,0.628156937,0.517278894,0,0,0,0,CPI_v12_M_v01_A
LAC,PER,Peru,1994,ENNIV,1994,National,1,0.368704884,0.407036312,0.494284005,0.494284005,0.407036312,0.368704884,14-Dec-25,0,1,N,,,,,2,1994,0.494284005,0.407036312,0,0,0,0,CPI_v12_M_v01_A
LAC,PER,Peru,1997,ENAHO,1997,National,1,0.506431915,0.55908177,0.678920204,0.678920204,0.55908177,0.506431915,14-Dec-25,1,1,N,,,,,2,1997,0.678920204,0.55908177,0,0,0,0,CPI_v12_M_v01_A
LAC,PER,Peru,1998,ENAHO,1998,National,1,0.536934815,0.592755823,0.719812246,0.719812246,0.592755823,0.536934815,14-Dec-25,1,1,N,,,,,2,1998,0.719812246,0.592755823,0,0,0,0,CPI_v12_M_v01_A
LAC,PER,Peru,1999,ENAHO,1999,National,1,0.557175864,0.615101179,0.746947299,0.746947299,0.615101179,0.557175864,14-Dec-25,1,1,N,,,,,2,1999,0.746947299,0.615101179,0,0,0,0,CPI_v12_M_v01_A
LAC,PER,Peru,2000,ENAHO,2000,National,1,0.579468886,0.639711836,0.776833218,0.776833218,0.639711836,0.579468886,14-Dec-25,2,1,N,,,,,2,2000,0.776833218,0.639711836,0,0,0,0,CPI_v12_M_v01_A
LAC,PER,Peru,2001,ENAHO,2001,National,1,0.580763021,0.641140512,0.778568129,0.778568129,0.641140512,0.580763021,14-Dec-25,2,1,N,,,,,2,2001,0.778568129,0.641140512,0,0,0,0,CPI_v12_M_v01_A
LAC,PER,Peru,2002,ENAHO,2002,National,1,0.589164987,0.650415967,0.789831765,0.789831765,0.650415967,0.589164987,14-Dec-25,2,1,N,,,,,2,2002,0.789831765,0.650415967,0,0,0,0,CPI_v12_M_v01_A
LAC,PER,Peru,2003,ENAHO,2003,National,1,0.597832614,0.6599847,0.801451544,0.801451544,0.6599847,0.597832614,14-Dec-25,2,1,N,,,,,2,2003,0.801451544,0.6599847,0,0,0,0,CPI_v12_M_v01_A
LAC,PER,Peru,2004,ENAHO,2004,National,1,0.618716969,0.683040242,0.82944901,0.82944901,0.683040242,0.618716969,14-Dec-25,3,1,N,,,,,2,2004,0.82944901,0.683040242,0,0,0,0,CPI_v12_M_v01_A
LAC,PER,Peru,2005,ENAHO,2005,National,1,0.628717252,0.694080178,0.842855342,0.842855342,0.694080178,0.628717252,14-Dec-25,3,1,N,,,,,2,2005,0.842855342,0.694080178,0,0,0,0,CPI_v12_M_v01_A
LAC,PER,Peru,2006,ENAHO,2006,National,1,0.641305804,0.707977466,0.859731495,0.859731495,0.707977466,0.641305804,14-Dec-25,3,1,N,,,,,2,2006,0.859731495,0.707977466,0,0,0,0,CPI_v12_M_v01_A
LAC,PER,Peru,2007,ENAHO,2007,National,1,0.652720959,0.720579367,0.875034597,0.875034597,0.720579367,0.652720959,14-Dec-25,3,1,N,,,,,2,2007,0.875034597,0.720579367,0,0,0,0,CPI_v12_M_v01_A
LAC,PER,Peru,2008,ENAHO,2008,National,1,0.690486617,0.762271232,0.925663058,0.925663058,0.762271232,0.690486617,14-Dec-25,3,1,N,,,,,2,2008,0.925663058,0.762271232,0,0,0,0,CPI_v12_M_v01_A
LAC,PER,Peru,2009,ENAHO,2009,National,1,0.710760864,0.784653237,0.952842616,0.952842616,0.784653237,0.710760864,14-Dec-25,3,1,N,,,,,2,2009,0.952842616,0.784653237,0,0,0,0,CPI_v12_M_v01_A
LAC,PER,Peru,2010,ENAHO,2010,National,1,0.721623591,0.796645279,0.967405137,0.967405137,0.796645279,0.721623591,14-Dec-25,3,1,N,,,,,2,2010,0.967405137,0.796645279,0,0,0,0,CPI_v12_M_v01_A
LAC,PER,Peru,2011,ENAHO,2011,National,1,0.745937316,0.823486716,1,1,0.823486716,0.745937316,14-Dec-25,3,1,N,,,,,2,2011,1,0.823486716,0,0,0,0,CPI_v12_M_v01_A
LAC,PER,Peru,2012,ENAHO,2012,National,1,0.772874711,0.853224586,1.036112143,1.036112143,0.853224586,0.772874711,14-Dec-25,3,1,N,,,,,2,2012,1.036112143,0.853224586,0,0,0,0,CPI_v12_M_v01_A
LAC,PER,Peru,2013,ENAHO,2013,National,1,0.794267081,0.876840957,1.064790651,1.064790651,0.876840957,0.794267081,14-Dec-25,3,1,N,,,,,2,2013,1.064790651,0.876840957,0,0,0,0,CPI_v12_M_v01_A
LAC,PER,Peru,2014,ENAHO,2014,National,1,0.821367055,0.906758308,1.101120747,1.101120747,0.906758308,0.821367055,14-Dec-25,3,1,N,,,,,2,2014,1.101120747,0.906758308,0,0,0,0,CPI_v12_M_v01_A
LAC,PER,Peru,2015,ENAHO,2015,National,1,0.849277886,0.937570815,1.138537874,1.138537874,0.937570815,0.849277886,14-Dec-25,3,1,N,,,,,2,2015,1.138537874,0.937570815,0,0,0,0,CPI_v12_M_v01_A
LAC,PER,Peru,2016,ENAHO,2016,National,1,0.879488167,0.970921827,1.179037631,1.179037631,0.970921827,0.879488167,14-Dec-25,3,1,N,,,,,2,2016,1.179037631,0.970921827,0,0,0,0,CPI_v12_M_v01_A
LAC,PER,Peru,2017,ENAHO,2017,National,1,0.905827989,1,1.214348672,1.214348672,1,0.905827989,14-Dec-25,3,1,N,,,,,2,2017,1.214348672,1,0,0,0,0,CPI_v12_M_v01_A
LAC,PER,Peru,2018,ENAHO,2018,National,1,0.919498328,1.015091539,1.232675062,1.232675062,1.015091539,0.919498328,14-Dec-25,3,1,N,,,,,2,2018,1.232675062,1.015091539,0,0,0,0,CPI_v12_M_v01_A
LAC,PER,Peru,2019,ENAHO,2019,National,1,0.940206522,1.037952606,1.260436369,1.260436369,1.037952606,0.940206522,14-Dec-25,3,1,N,,,,,2,2019,1.260436369,1.037952606,0,0,0,0,CPI_v12_M_v01_A
LAC,PER,Peru,2020,ENAHO,2020,National,1,0.959033305,1.058736665,1.285675463,1.285675463,1.058736665,0.959033305,14-Dec-25,3,1,N,,,,,2,2020,1.285675463,1.058736665,0,0,0,0,CPI_v12_M_v01_A
LAC,PER,Peru,2021,ENAHO,2021,National,1,1,1.103962355,1.340595219,1.340595219,1.103962355,1,14-Dec-25,3,1,N,,,,,2,2021,1.340595219,1.103962355,0,0,0,0,CPI_v12_M_v01_A
LAC,PER,Peru,2022,ENAHO,2022,National,1,1.083337086,1.195963361,1.452316519,1.452316519,1.195963361,1.083337086,14-Dec-25,3,1,N,,,,,2,2022,1.452316519,1.195963361,0,0,0,0,CPI_v12_M_v01_A
LAC,PER,Peru,2023,ENAHO,2023,National,1,1.153273111,1.273170099,1.546072419,1.546072419,1.273170099,1.153273111,14-Dec-25,3,1,N,,,,,2,,,,1,1,1,1,CPI_v12_M_v01_A
EAP,PHL,Philippines,1985,FIES,1985,National,1,0.137378374,0.157634653,0.180956467,0.180956467,0.157634653,0.137378374,14-Dec-25,0,1,N,,,,,2,1985,0.180956467,0.157634653,0,0,0,0,CPI_v12_M_v01_A
EAP,PHL,Philippines,1988,FIES,1988,National,1,0.164653997,0.188932034,0.216884251,0.216884251,0.188932034,0.164653997,14-Dec-25,0,1,N,,,,,2,1988,0.216884251,0.188932034,0,0,0,0,CPI_v12_M_v01_A
EAP,PHL,Philippines,1991,FIES,1991,National,1,0.247250298,0.283707062,0.325681104,0.325681104,0.283707062,0.247250298,14-Dec-25,0,1,N,,,,,2,1991,0.325681104,0.283707062,0,0,0,0,CPI_v12_M_v01_A
EAP,PHL,Philippines,1994,FIES,1994,National,1,0.316458841,0.363120323,0.41684344,0.41684344,0.363120323,0.316458841,14-Dec-25,0,1,N,,,,,2,1994,0.41684344,0.363120323,0,0,0,0,CPI_v12_M_v01_A
EAP,PHL,Philippines,1997,FIES,1997,National,1,0.383666897,0.440238128,0.50537071,0.50537071,0.440238128,0.383666897,14-Dec-25,1,1,N,,,,,2,1997,0.50537071,0.440238128,0,0,0,0,CPI_v12_M_v01_A
EAP,PHL,Philippines,2000,FIES,2000,National,1,0.461395957,0.529428245,0.607756375,0.607756375,0.529428245,0.461395957,14-Dec-25,2,1,N,,,,,2,2000,0.607756375,0.529428245,0,0,0,0,CPI_v12_M_v01_A
EAP,PHL,Philippines,2003,FIES,2003,National,1,0.510901073,0.586232832,0.672965117,0.672965117,0.586232832,0.510901073,14-Dec-25,3,1,N,,,,,2,2003,0.672965117,0.586232832,0,0,0,0,CPI_v12_M_v01_A
EAP,PHL,Philippines,2006,FIES,2006,National,1,0.601886237,0.690633651,0.792811882,0.792811882,0.690633651,0.601886237,14-Dec-25,3,1,N,,,,,2,2006,0.792811882,0.690633651,0,0,0,0,CPI_v12_M_v01_A
EAP,PHL,Philippines,2009,FIES,2009,National,1,0.698539116,0.801537882,0.920124232,0.920124232,0.801537882,0.698539116,14-Dec-25,3,1,N,,,,,2,2009,0.920124232,0.801537882,0,0,0,0,CPI_v12_M_v01_A
EAP,PHL,Philippines,2012,FIES,2012,National,1,0.782159236,0.897487691,1.030269673,1.030269673,0.897487691,0.782159236,14-Dec-25,3,1,N,,,,,2,2012,1.030269673,0.897487691,0,0,0,0,CPI_v12_M_v01_A
EAP,PHL,Philippines,2015,FIES,2015,National,1,0.836831531,0.960221351,1.102284686,1.102284686,0.960221351,0.836831531,14-Dec-25,3,1,N,,,,,2,2015,1.102284686,0.960221351,0,0,0,0,CPI_v12_M_v01_A
EAP,PHL,Philippines,2018,FIES,2018,National,1,0.917769457,1.053093478,1.208897107,1.208897107,1.053093478,0.917769457,14-Dec-25,3,1,N,,,,,2,2018,1.208897107,1.053093478,0,0,0,0,CPI_v12_M_v01_A
EAP,PHL,Philippines,2021,FIES,2021,National,1,1,1.147448818,1.317212181,1.317212181,1.147448818,1,14-Dec-25,3,1,N,,,,,2,2021,1.317212181,1.147448818,0,0,0,0,CPI_v12_M_v01_A
EAP,PHL,Philippines,2023,FIES,2023,National,1,1.121471741,1.286831423,1.477216237,1.477216237,1.286831423,1.121471741,14-Dec-25,3,1,N,,,,,2,,,,1,1,1,1,CPI_v12_M_v01_A
EAP,PNG,Papua New Guinea,1996,HIES,1996,National,1,0.197407227,0.234638396,0.322909153,0.322909153,0.234638396,0.197407227,14-Dec-25,0,1,N,,,,,2,1996,0.322909153,0.234638396,0,0,0,0,CPI_v12_M_v01_A
EAP,PNG,Papua New Guinea,2009,HIES,2009.67,National,1,0.574388397,0.68271853,0.93955664,0.93955664,0.68271853,0.574388397,14-Dec-25,1,1,N,,,,,2,2009.67,0.93955664,0.68271853,0,0,0,0,CPI_v12_M_v01_A
ECA,POL,Poland,1985,HBS,1985,National,1,0.001194318,0.001349959,0.00141987,0.00141987,0.001349959,0.001194318,14-Dec-25,0,1,N,,,,,2,1985,0.00141987,0.001349959,0,0,0,0,CPI_v12_M_v01_A
ECA,POL,Poland,1986,HBS-LIS,1986,National,1,0.001391977,0.001573377,0.001654858,0.001654858,0.001573377,0.001391977,14-Dec-25,0,1,N,,,,,2,1986,0.001654858,0.001573377,0,0,0,0,CPI_v12_M_v01_A
ECA,POL,Poland,1987,HBS,1987,National,1,0.001759167,0.001988419,0.002091394,0.002091394,0.001988419,0.001759167,14-Dec-25,0,1,N,,,,,2,1987,0.002091394,0.001988419,0,0,0,0,CPI_v12_M_v01_A
ECA,POL,Poland,1989,HBS,1989,National,1,0.008437768,0.009537365,0.010031279,0.010031279,0.009537365,0.008437768,14-Dec-25,0,1,N,,,,,2,1989,0.010031279,0.009537365,0,0,0,0,CPI_v12_M_v01_A
ECA,POL,Poland,1992,HBS-LIS,1992,National,1,0.145538729,0.16450511,0.173024373,0.173024373,0.16450511,0.145538729,14-Dec-25,0,1,N,,,,,2,1992,0.173024373,0.16450511,0,0,0,0,CPI_v12_M_v01_A
ECA,POL,Poland,1993,HBS,1993,National,1,0.199335893,0.225313037,0.236981374,0.236981374,0.225313037,0.199335893,14-Dec-25,1,1,N,,,,,2,1993,0.236981374,0.225313037,0,0,0,0,CPI_v12_M_v01_A
ECA,POL,Poland,1995,HBS-LIS,1995,National,1,0.339198294,0.383402089,0.40325742,0.40325742,0.383402089,0.339198294,14-Dec-25,0,1,N,,,,,2,1995,0.40325742,0.383402089,0,0,0,0,CPI_v12_M_v01_A
ECA,POL,Poland,1996,HBS,1996,National,1,0.406342491,0.459296413,0.483082101,0.483082101,0.459296413,0.406342491,14-Dec-25,1,1,N,,,,,2,1996,0.483082101,0.459296413,0,0,0,0,CPI_v12_M_v01_A
ECA,POL,Poland,1998,HBS,1998,National,1,0.521096109,0.589004545,0.619507458,0.619507458,0.589004545,0.521096109,14-Dec-25,2,1,N,,,,,2,1998,0.619507458,0.589004545,0,0,0,0,CPI_v12_M_v01_A
ECA,POL,Poland,1999,HBS,1999,National,1,0.558375737,0.631142397,0.663827511,0.663827511,0.631142397,0.558375737,14-Dec-25,2,1,N,,,,,2,1999,0.663827511,0.631142397,0,0,0,0,CPI_v12_M_v01_A
ECA,POL,Poland,1999,HBS-LIS,1999,National,1,0.558375737,0.631142397,0.663827511,0.663827511,0.631142397,0.558375737,14-Dec-25,0,1,N,,,,,2,1999,0.663827511,0.631142397,0,0,0,0,CPI_v12_M_v01_A
ECA,POL,Poland,2000,HBS,2000,National,1,0.613655926,0.693626613,0.729547613,0.729547613,0.693626613,0.613655926,14-Dec-25,2,1,N,,,,,2,2000,0.729547613,0.693626613,0,0,0,0,CPI_v12_M_v01_A
ECA,POL,Poland,2001,HBS,2001,National,1,0.646844478,0.731140246,0.769003973,0.769003973,0.731140246,0.646844478,14-Dec-25,2,1,N,,,,,2,2001,0.769003973,0.731140246,0,0,0,0,CPI_v12_M_v01_A
ECA,POL,Poland,2002,HBS,2002,National,1,0.65916868,0.745070519,0.783655656,0.783655656,0.745070519,0.65916868,14-Dec-25,2,1,N,,,,,2,2002,0.783655656,0.745070519,0,0,0,0,CPI_v12_M_v01_A
ECA,POL,Poland,2003,HBS,2003,National,1,0.663668851,0.750157146,0.789005704,0.789005704,0.750157146,0.663668851,14-Dec-25,2,1,N,,,,,2,2003,0.789005704,0.750157146,0,0,0,0,CPI_v12_M_v01_A
ECA,POL,Poland,2004,EU-SILC,2004,National,1,0.686118422,0.77553231,0.815694978,0.815694978,0.77553231,0.686118422,14-Dec-25,3,1,N,,,,,2,2004,0.815694978,0.77553231,0,0,0,0,CPI_v12_M_v01_A
ECA,POL,Poland,2004,HBS,2004,National,1,0.686118422,0.77553231,0.815694978,0.815694978,0.77553231,0.686118422,14-Dec-25,2,1,N,,,,,2,2004,0.815694978,0.77553231,0,0,0,0,CPI_v12_M_v01_A
ECA,POL,Poland,2005,EU-SILC,2005,National,1,0.701101898,0.792468409,0.83350815,0.83350815,0.792468409,0.701101898,14-Dec-25,3,1,N,,,,,2,2005,0.83350815,0.792468409,0,0,0,0,CPI_v12_M_v01_A
ECA,POL,Poland,2005,HBS,2005,National,1,0.701101898,0.792468409,0.83350815,0.83350815,0.792468409,0.701101898,14-Dec-25,2,1,N,,,,,2,2005,0.83350815,0.792468409,0,0,0,0,CPI_v12_M_v01_A
ECA,POL,Poland,2006,EU-SILC,2006,National,1,0.710108888,0.802649176,0.844216152,0.844216152,0.802649176,0.710108888,14-Dec-25,3,1,N,,,,,2,2006,0.844216152,0.802649176,0,0,0,0,CPI_v12_M_v01_A
ECA,POL,Poland,2006,HBS,2006,National,1,0.710108888,0.802649176,0.844216152,0.844216152,0.802649176,0.710108888,14-Dec-25,2,1,N,,,,,2,2006,0.844216152,0.802649176,0,0,0,0,CPI_v12_M_v01_A
ECA,POL,Poland,2007,EU-SILC,2007,National,1,0.727568606,0.822384217,0.864973215,0.864973215,0.822384217,0.727568606,14-Dec-25,3,1,N,,,,,2,2007,0.864973215,0.822384217,0,0,0,0,CPI_v12_M_v01_A
ECA,POL,Poland,2007,HBS,2007,National,1,0.727568606,0.822384217,0.864973215,0.864973215,0.822384217,0.727568606,14-Dec-25,2,1,N,,,,,2,2007,0.864973215,0.822384217,0,0,0,0,CPI_v12_M_v01_A
ECA,POL,Poland,2008,EU-SILC,2008,National,1,0.757871636,0.856636291,0.900999109,0.900999109,0.856636291,0.757871636,14-Dec-25,3,1,N,,,,,2,2008,0.900999109,0.856636291,0,0,0,0,CPI_v12_M_v01_A
ECA,POL,Poland,2008,HBS,2008,National,1,0.757871636,0.856636291,0.900999109,0.900999109,0.856636291,0.757871636,14-Dec-25,2,1,N,,,,,2,2008,0.900999109,0.856636291,0,0,0,0,CPI_v12_M_v01_A
ECA,POL,Poland,2009,EU-SILC,2009,National,1,0.786635865,0.88914903,0.935195593,0.935195593,0.88914903,0.786635865,14-Dec-25,3,1,N,,,,,2,2009,0.935195593,0.88914903,0,0,0,0,CPI_v12_M_v01_A
ECA,POL,Poland,2009,HBS,2009,National,1,0.786635865,0.88914903,0.935195593,0.935195593,0.88914903,0.786635865,14-Dec-25,2,1,N,,,,,2,2009,0.935195593,0.88914903,0,0,0,0,CPI_v12_M_v01_A
ECA,POL,Poland,2010,EU-SILC,2010,National,1,0.806936532,0.912095248,0.959330132,0.959330132,0.912095248,0.806936532,14-Dec-25,3,1,N,,,,,2,2010,0.959330132,0.912095248,0,0,0,0,CPI_v12_M_v01_A
ECA,POL,Poland,2010,HBS,2010,National,1,0.806936532,0.912095248,0.959330132,0.959330132,0.912095248,0.806936532,14-Dec-25,2,1,N,,,,,2,2010,0.959330132,0.912095248,0,0,0,0,CPI_v12_M_v01_A
ECA,POL,Poland,2011,EU-SILC,2011,National,1,0.841145821,0.950762639,1,1,0.950762639,0.841145821,14-Dec-25,3,1,N,,,,,2,2011,1,0.950762639,0,0,0,0,CPI_v12_M_v01_A
ECA,POL,Poland,2011,HBS,2011,National,1,0.841145821,0.950762639,1,1,0.950762639,0.841145821,14-Dec-25,2,1,N,,,,,2,2011,1,0.950762639,0,0,0,0,CPI_v12_M_v01_A
ECA,POL,Poland,2012,EU-SILC,2012,National,1,0.871093748,0.984613333,1.035603728,1.035603728,0.984613333,0.871093748,14-Dec-25,3,1,N,,,,,2,2012,1.035603728,0.984613333,0,0,0,0,CPI_v12_M_v01_A
ECA,POL,Poland,2012,HBS,2012,National,1,0.871093748,0.984613333,1.035603728,1.035603728,0.984613333,0.871093748,14-Dec-25,2,1,N,,,,,2,2012,1.035603728,0.984613333,0,0,0,0,CPI_v12_M_v01_A
ECA,POL,Poland,2013,EU-SILC,2013,National,1,0.8797348,0.994380474,1.045876682,1.045876682,0.994380474,0.8797348,14-Dec-25,3,1,N,,,,,2,2013,1.045876682,0.994380474,0,0,0,0,CPI_v12_M_v01_A
ECA,POL,Poland,2013,HBS,2013,National,1,0.8797348,0.994380474,1.045876682,1.045876682,0.994380474,0.8797348,14-Dec-25,2,1,N,,,,,2,2013,1.045876682,0.994380474,0,0,0,0,CPI_v12_M_v01_A
ECA,POL,Poland,2014,EU-SILC,2014,National,1,0.880208292,0.99491567,1.046439594,1.046439594,0.99491567,0.880208292,14-Dec-25,3,1,N,,,,,2,2014,1.046439594,0.99491567,0,0,0,0,CPI_v12_M_v01_A
ECA,POL,Poland,2014,HBS,2014,National,1,0.880208292,0.99491567,1.046439594,1.046439594,0.99491567,0.880208292,14-Dec-25,2,1,N,,,,,2,2014,1.046439594,0.99491567,0,0,0,0,CPI_v12_M_v01_A
ECA,POL,Poland,2015,EU-SILC,2015,National,1,0.872514161,0.986218853,1.037292393,1.037292393,0.986218853,0.872514161,14-Dec-25,3,1,N,,,,,2,2015,1.037292393,0.986218853,0,0,0,0,CPI_v12_M_v01_A
ECA,POL,Poland,2015,HBS,2015,National,1,0.872514161,0.986218853,1.037292393,1.037292393,0.986218853,0.872514161,14-Dec-25,2,1,N,,,,,2,2015,1.037292393,0.986218853,0,0,0,0,CPI_v12_M_v01_A
ECA,POL,Poland,2016,EU-SILC,2016,National,1,0.866713997,0.97966282,1.030396841,1.030396841,0.97966282,0.866713997,14-Dec-25,3,1,N,,,,,2,2016,1.030396841,0.97966282,0,0,0,0,CPI_v12_M_v01_A
ECA,POL,Poland,2016,HBS,2016,National,1,0.866713997,0.97966282,1.030396841,1.030396841,0.97966282,0.866713997,14-Dec-25,2,1,N,,,,,2,2016,1.030396841,0.97966282,0,0,0,0,CPI_v12_M_v01_A
ECA,POL,Poland,2017,EU-SILC,2017,National,1,0.884706431,1,1.051787227,1.051787227,1,0.884706431,14-Dec-25,3,1,N,,,,,2,2017,1.051787227,1,0,0,0,0,CPI_v12_M_v01_A
ECA,POL,Poland,2017,HBS,2017,National,1,0.884706431,1,1.051787227,1.051787227,1,0.884706431,14-Dec-25,2,1,N,,,,,2,2017,1.051787227,1,0,0,0,0,CPI_v12_M_v01_A
ECA,POL,Poland,2018,EU-SILC,2018,National,1,0.900745735,1.018129521,1.070855626,1.070855626,1.018129521,0.900745735,14-Dec-25,3,1,N,,,,,2,2018,1.070855626,1.018129521,0,0,0,0,CPI_v12_M_v01_A
ECA,POL,Poland,2018,HBS,2018,National,1,0.900745735,1.018129521,1.070855626,1.070855626,1.018129521,0.900745735,14-Dec-25,2,1,N,,,,,2,2018,1.070855626,1.018129521,0,0,0,0,CPI_v12_M_v01_A
ECA,POL,Poland,2019,EU-SILC,2019,National,1,0.920809626,1.040808107,1.094708673,1.094708673,1.040808107,0.920809626,14-Dec-25,3,1,N,,,,,2,2019,1.094708673,1.040808107,0,0,0,0,CPI_v12_M_v01_A
ECA,POL,Poland,2019,HBS,2019,National,1,0.920809626,1.040808107,1.094708673,1.094708673,1.040808107,0.920809626,14-Dec-25,2,1,N,,,,,2,2019,1.094708673,1.040808107,0,0,0,0,CPI_v12_M_v01_A
ECA,POL,Poland,2020,EU-SILC,2020,National,1,0.951882087,1.075929884,1.131649309,1.131649309,1.075929884,0.951882087,14-Dec-25,3,1,N,,,,,2,2020,1.131649309,1.075929884,0,0,0,0,CPI_v12_M_v01_A
ECA,POL,Poland,2021,EU-SILC,2021,National,1,1,1.130318448,1.188854506,1.188854506,1.130318448,1,14-Dec-25,3,1,N,,,,,2,2021,1.188854506,1.130318448,0,0,0,0,CPI_v12_M_v01_A
ECA,POL,Poland,2022,EU-SILC,2022,National,1,1.144294513,1.293417197,1.360399688,1.360399688,1.293417197,1.144294513,14-Dec-25,3,1,N,,,,,2,,,,1,1,1,1,CPI_v12_M_v01_A
ECA,PRT,Portugal,2003,EU-SILC,2003,National,1,0.782502706,0.802887307,0.845595914,0.845595914,0.802887307,0.782502706,14-Dec-25,0,1,N,,,,,2,2003,0.845595914,0.802887307,0,0,0,0,CPI_v12_M_v01_A
ECA,PRT,Portugal,2004,EU-SILC,2004,National,1,0.80101178,0.821878552,0.865597375,0.865597375,0.821878552,0.80101178,14-Dec-25,0,1,N,,,,,2,2004,0.865597375,0.821878552,0,0,0,0,CPI_v12_M_v01_A
ECA,PRT,Portugal,2005,EU-SILC,2005,National,1,0.819252081,0.840594022,0.885308391,0.885308391,0.840594022,0.819252081,14-Dec-25,0,1,N,,,,,2,2005,0.885308391,0.840594022,0,0,0,0,CPI_v12_M_v01_A
ECA,PRT,Portugal,2006,EU-SILC,2006,National,1,0.844711696,0.866716874,0.912820816,0.912820816,0.866716874,0.844711696,14-Dec-25,0,1,N,,,,,2,2006,0.912820816,0.866716874,0,0,0,0,CPI_v12_M_v01_A
ECA,PRT,Portugal,2007,EU-SILC,2007,National,1,0.865440648,0.887985825,0.935221143,0.935221143,0.887985825,0.865440648,14-Dec-25,0,1,N,,,,,2,2007,0.935221143,0.887985825,0,0,0,0,CPI_v12_M_v01_A
ECA,PRT,Portugal,2008,EU-SILC,2008,National,1,0.887842663,0.910971425,0.959429434,0.959429434,0.910971425,0.887842663,14-Dec-25,0,1,N,,,,,2,2008,0.959429434,0.910971425,0,0,0,0,CPI_v12_M_v01_A
ECA,PRT,Portugal,2009,EU-SILC,2009,National,1,0.880424457,0.90335997,0.951413097,0.951413097,0.90335997,0.880424457,14-Dec-25,0,1,N,,,,,2,2009,0.951413097,0.90335997,0,0,0,0,CPI_v12_M_v01_A
ECA,PRT,Portugal,2010,EU-SILC,2010,National,1,0.892773035,0.916030236,0.964757342,0.964757342,0.916030236,0.892773035,14-Dec-25,0,1,N,,,,,2,2010,0.964757342,0.916030236,0,0,0,0,CPI_v12_M_v01_A
ECA,PRT,Portugal,2011,EU-SILC,2011,National,1,0.925386101,0.949492889,1,1,0.949492889,0.925386101,14-Dec-25,0,1,N,,,,,2,2011,1,0.949492889,0,0,0,0,CPI_v12_M_v01_A
ECA,PRT,Portugal,2012,EU-SILC,2012,National,1,0.951050193,0.975825543,1.027733388,1.027733388,0.975825543,0.951050193,14-Dec-25,0,1,N,,,,,2,2012,1.027733388,0.975825543,0,0,0,0,CPI_v12_M_v01_A
ECA,PRT,Portugal,2013,EU-SILC,2013,National,1,0.953660085,0.978503425,1.030553716,1.030553716,0.978503425,0.953660085,14-Dec-25,0,1,N,,,,,2,2013,1.030553716,0.978503425,0,0,0,0,CPI_v12_M_v01_A
ECA,PRT,Portugal,2014,EU-SILC,2014,National,1,0.951007418,0.975781654,1.027687164,1.027687164,0.975781654,0.951007418,14-Dec-25,0,1,N,,,,,2,2014,1.027687164,0.975781654,0,0,0,0,CPI_v12_M_v01_A
ECA,PRT,Portugal,2015,EU-SILC,2015,National,1,0.955647764,0.980542884,1.032701661,1.032701661,0.980542884,0.955647764,14-Dec-25,0,1,N,,,,,2,2015,1.032701661,0.980542884,0,0,0,0,CPI_v12_M_v01_A
ECA,PRT,Portugal,2016,EU-SILC,2016,National,1,0.961452301,0.986498632,1.038974218,1.038974218,0.986498632,0.961452301,14-Dec-25,0,1,N,,,,,2,2016,1.038974218,0.986498632,0,0,0,0,CPI_v12_M_v01_A
ECA,PRT,Portugal,2017,EU-SILC,2017,National,1,0.974610881,1,1.053193775,1.053193775,1,0.974610881,14-Dec-25,0,1,N,,,,,2,2017,1.053193775,1,0,0,0,0,CPI_v12_M_v01_A
ECA,PRT,Portugal,2018,EU-SILC,2018,National,1,0.984295758,1.009937172,1.063659543,1.063659543,1.009937172,0.984295758,14-Dec-25,0,1,N,,,,,2,2018,1.063659543,1.009937172,0,0,0,0,CPI_v12_M_v01_A
ECA,PRT,Portugal,2019,EU-SILC,2019,National,1,0.987624449,1.013352578,1.067256627,1.067256627,1.013352578,0.987624449,14-Dec-25,0,1,N,,,,,2,2019,1.067256627,1.013352578,0,0,0,0,CPI_v12_M_v01_A
ECA,PRT,Portugal,2020,EU-SILC,2020,National,1,0.987501573,1.0132265,1.067123843,1.067123843,1.0132265,0.987501573,14-Dec-25,0,1,N,,,,,2,2020,1.067123843,1.0132265,0,0,0,0,CPI_v12_M_v01_A
ECA,PRT,Portugal,2021,EU-SILC,2021,National,1,1,1.026050518,1.080630019,1.080630019,1.026050518,1,14-Dec-25,0,1,N,,,,,2,2021,1.080630019,1.026050518,0,0,0,0,CPI_v12_M_v01_A
ECA,PRT,Portugal,2022,EU-SILC,2022,National,1,1.078326884,1.106417859,1.165272401,1.165272401,1.106417859,1.078326884,14-Dec-25,0,1,N,,,,,2,,,,1,1,1,1,CPI_v12_M_v01_A
LAC,PRY,Paraguay,1990,EH,1990,National,1,0.08807457,0.100349338,0.124781382,0.124781382,0.100349338,0.08807457,14-Dec-25,0,1,N,,,,,2,1990,0.124781382,0.100349338,0,0,0,0,CPI_v12_M_v01_A
LAC,PRY,Paraguay,1995,EH,1995,National,1,0.206082175,0.234803417,0.291970982,0.291970982,0.234803417,0.206082175,14-Dec-25,0,1,N,,,,,2,1995,0.291970982,0.234803417,0,0,0,0,CPI_v12_M_v01_A
LAC,PRY,Paraguay,1997,EIH,1997,National,1,0.249072419,0.283785122,0.352878257,0.352878257,0.283785122,0.249072419,14-Dec-25,1,1,N,,,,,2,1997,0.352878257,0.283785122,0,0,0,0,CPI_v12_M_v01_A
LAC,PRY,Paraguay,1999,EPH,1999,National,1,0.286889052,0.326872181,0.406455718,0.406455718,0.326872181,0.286889052,14-Dec-25,2,1,N,,,,,2,1999,0.406455718,0.326872181,0,0,0,0,CPI_v12_M_v01_A
LAC,PRY,Paraguay,2001,EIH,2001,National,1,0.328524304,0.37431005,0.46544328,0.46544328,0.37431005,0.328524304,14-Dec-25,1,1,N,,,,,2,2001,0.46544328,0.37431005,0,0,0,0,CPI_v12_M_v01_A
LAC,PRY,Paraguay,2002,EPH,2002,National,1,0.386442846,0.440300578,0.547500516,0.547500516,0.440300578,0.386442846,14-Dec-25,3,1,N,,,,,2,2002,0.547500516,0.440300578,0,0,0,0,CPI_v12_M_v01_A
LAC,PRY,Paraguay,2003,EPH,2003,National,1,0.411281474,0.468600915,0.582691133,0.582691133,0.468600915,0.411281474,14-Dec-25,3,1,N,,,,,2,2003,0.582691133,0.468600915,0,0,0,0,CPI_v12_M_v01_A
LAC,PRY,Paraguay,2004,EPH,2004,National,1,0.434387175,0.494926809,0.615426589,0.615426589,0.494926809,0.434387175,14-Dec-25,3,1,N,,,,,2,2004,0.615426589,0.494926809,0,0,0,0,CPI_v12_M_v01_A
LAC,PRY,Paraguay,2005,EPH,2005,National,1,0.487530287,0.555476365,0.69071814,0.69071814,0.555476365,0.487530287,14-Dec-25,3,1,N,,,,,2,2005,0.69071814,0.555476365,0,0,0,0,CPI_v12_M_v01_A
LAC,PRY,Paraguay,2006,EPH,2006,National,1,0.545120101,0.621092351,0.772309643,0.772309643,0.621092351,0.545120101,14-Dec-25,3,1,N,,,,,2,2006,0.772309643,0.621092351,0,0,0,0,CPI_v12_M_v01_A
LAC,PRY,Paraguay,2007,EPH,2007,National,1,0.583309305,0.664603905,0.826414952,0.826414952,0.664603905,0.583309305,14-Dec-25,3,1,N,,,,,2,2007,0.826414952,0.664603905,0,0,0,0,CPI_v12_M_v01_A
LAC,PRY,Paraguay,2008,EPH,2008,National,1,0.615189284,0.70092693,0.87158154,0.87158154,0.70092693,0.615189284,14-Dec-25,3,1,N,,,,,2,2008,0.87158154,0.70092693,0,0,0,0,CPI_v12_M_v01_A
LAC,PRY,Paraguay,2009,EPH,2009,National,1,0.629630347,0.717380614,0.8920412,0.8920412,0.717380614,0.629630347,14-Dec-25,3,1,N,,,,,2,2009,0.8920412,0.717380614,0,0,0,0,CPI_v12_M_v01_A
LAC,PRY,Paraguay,2010,EPH,2010,National,1,0.665444183,0.758185749,0.942781158,0.942781158,0.758185749,0.665444183,14-Dec-25,3,1,N,,,,,2,2010,0.942781158,0.758185749,0,0,0,0,CPI_v12_M_v01_A
LAC,PRY,Paraguay,2011,EPH,2011,National,1,0.706456802,0.804914211,1.000886594,1.000886594,0.804914211,0.706456802,14-Dec-25,3,1,N,,,,,2,2011,1.000886594,0.804914211,0,0,0,0,CPI_v12_M_v01_A
LAC,PRY,Paraguay,2012,EPH,2012,National,1,0.730140145,0.831898253,1.034440438,1.034440438,0.831898253,0.730140145,14-Dec-25,3,1,N,,,,,2,2012,1.034440438,0.831898253,0,0,0,0,CPI_v12_M_v01_A
LAC,PRY,Paraguay,2013,EPH,2013,National,1,0.761910484,0.868096357,1.079451691,1.079451691,0.868096357,0.761910484,14-Dec-25,3,1,N,,,,,2,2013,1.079451691,0.868096357,0,0,0,0,CPI_v12_M_v01_A
LAC,PRY,Paraguay,2014,EPH,2014,National,1,0.78848204,0.898371135,1.117097466,1.117097466,0.898371135,0.78848204,14-Dec-25,3,1,N,,,,,2,2014,1.117097466,0.898371135,0,0,0,0,CPI_v12_M_v01_A
LAC,PRY,Paraguay,2015,EPH,2015,National,1,0.813898311,0.927329619,1.153106469,1.153106469,0.927329619,0.813898311,14-Dec-25,3,1,N,,,,,2,2015,1.153106469,0.927329619,0,0,0,0,CPI_v12_M_v01_A
LAC,PRY,Paraguay,2016,EPH,2016,National,1,0.843358079,0.960895134,1.194844176,1.194844176,0.960895134,0.843358079,14-Dec-25,3,1,N,,,,,2,2016,1.194844176,0.960895134,0,0,0,0,CPI_v12_M_v01_A
LAC,PRY,Paraguay,2017,EPH,2017,National,1,0.884948341,1.008281743,1.253767999,1.253767999,1.008281743,0.884948341,14-Dec-25,3,1,N,,,,,2,2017,1.253767999,1.008281743,0,0,0,0,CPI_v12_M_v01_A
LAC,PRY,Paraguay,2018,EPH,2018,National,1,0.921009408,1.049368566,1.304858226,1.304858226,1.049368566,0.921009408,14-Dec-25,3,1,N,,,,,2,2018,1.304858226,1.049368566,0,0,0,0,CPI_v12_M_v01_A
LAC,PRY,Paraguay,2019,EPH,2019,National,1,0.943407497,1.074888229,1.33659116,1.33659116,1.074888229,0.943407497,14-Dec-25,3,1,N,,,,,2,2019,1.33659116,1.074888229,0,0,0,0,CPI_v12_M_v01_A
LAC,PRY,Paraguay,2020,EPH,2020,National,1,0.959534121,1.093262387,1.359438872,1.359438872,1.093262387,0.959534121,14-Dec-25,3,1,N,,,,,2,2020,1.359438872,1.093262387,0,0,0,0,CPI_v12_M_v01_A
LAC,PRY,Paraguay,2021,EPH,2021,National,1,1.032103928,1.175946097,1.462253576,1.462253576,1.175946097,1.032103928,14-Dec-25,3,1,N,,,,,2,2021,1.462253576,1.175946097,0,0,0,0,CPI_v12_M_v01_A
LAC,PRY,Paraguay,2022,EPHC,2022,National,1,1.099298194,1.252505088,1.557452377,1.557452377,1.252505088,1.099298194,14-Dec-25,4,1,N,,,,,2,,,,1,1,1,1,CPI_v12_M_v01_A
LAC,PRY,Paraguay,2023,EPHC,2023,National,1,1.145886219,1.305585988,1.623456879,1.623456879,1.305585988,1.145886219,14-Dec-25,4,1,N,,,,,2,,,,1,1,1,1,CPI_v12_M_v01_A
MNA,PSE,West Bank and Gaza,2004,PECS,2004,National,1,0.685567136,0.698468496,0.753496838,0.753496838,0.698468496,0.685567136,14-Dec-25,0,1,N,,,,,2,2004,0.753496838,0.698468496,0,0,0,0,CPI_v12_M_v01_A
MNA,PSE,West Bank and Gaza,2005,PECS,2005,National,1,0.713725098,0.72715635,0.784444844,0.784444844,0.72715635,0.713725098,14-Dec-25,0,1,N,,,,,2,2005,0.784444844,0.72715635,0,0,0,0,CPI_v12_M_v01_A
MNA,PSE,West Bank and Gaza,2006,PECS,2006,National,1,0.741148871,0.755096198,0.814585913,0.814585913,0.755096198,0.741148871,14-Dec-25,0,1,N,,,,,2,2006,0.814585913,0.755096198,0,0,0,0,CPI_v12_M_v01_A
MNA,PSE,West Bank and Gaza,2007,PECS,2007,National,1,0.754932348,0.769139059,0.829735131,0.829735131,0.769139059,0.754932348,14-Dec-25,0,1,N,,,,,2,2007,0.829735131,0.769139059,0,0,0,0,CPI_v12_M_v01_A
MNA,PSE,West Bank and Gaza,2009,PECS,2009,National,1,0.852441623,0.868483315,0.936906153,0.936906153,0.868483315,0.852441623,14-Dec-25,0,1,N,,,,,2,2009,0.936906153,0.868483315,0,0,0,0,CPI_v12_M_v01_A
MNA,PSE,West Bank and Gaza,2010,PECS,2010,National,1,0.884401029,0.901044149,0.972032269,0.972032269,0.901044149,0.884401029,14-Dec-25,1,1,N,,,,,2,2010,0.972032269,0.901044149,0,0,0,0,CPI_v12_M_v01_A
MNA,PSE,West Bank and Gaza,2011,PECS,2011,National,1,0.909847396,0.926969379,1,1,0.926969379,0.909847396,14-Dec-25,1,1,N,,,,,2,2011,1,0.926969379,0,0,0,0,CPI_v12_M_v01_A
MNA,PSE,West Bank and Gaza,2016,PECS,2016.75,National,1,0.981008559,0.99946969,1.078212196,1.078212196,0.99946969,0.981008559,14-Dec-25,1,1,N,,,,,2,2016.75,1.078212196,0.99946969,0,0,0,0,CPI_v12_M_v01_A
MNA,PSE,West Bank and Gaza,2023,PECS,2023,National,1,1.078067864,1.098355508,1.184888663,1.184888663,1.098355508,1.078067864,14-Dec-25,1,1,N,,,,,2,,,,1,1,1,1,CPI_v12_M_v01_A
MNA,QAT,Qatar,2017,HIES,2017.5,National,1,1.008395365,1.001279086,1.14701275,1.14701275,1.001279086,1.008395365,14-Dec-25,0,1,N,,,,,2,2017.5,1.14701275,1.001279086,0,0,0,0,CPI_v12_M_v01_A
ECA,ROU,Romania,1989,HBS,1989,National,1,0.000166756,0.000195307,0.000210366,2.10366311,1.953067558,1.667559534,14-Dec-25,0,0.0001,N,,,,,2,1989,2.10366311,1.953067558,0,0,0,0,CPI_v12_M_v01_A
ECA,ROU,Romania,1992,MC,1992,National,1,0.001803044,0.002111749,0.00227458,22.74580347,21.11749292,18.03044473,14-Dec-25,0,0.0001,N,,,,,2,1992,22.74580347,21.11749292,0,0,0,0,CPI_v12_M_v01_A
ECA,ROU,Romania,1994,HIS,1994,National,1,0.015161637,0.017757507,0.019126739,191.2673872,177.5750723,151.6163656,14-Dec-25,0,0.0001,N,,,,,2,1994,191.2673872,177.5750723,0,0,0,0,CPI_v12_M_v01_A
ECA,ROU,Romania,1995,IHS-LIS,1995,National,1,0.020050126,0.02348297,0.025293676,0.025293676,0.02348297,0.020050126,14-Dec-25,0,1,N,,,,,2,1995,0.025293676,0.02348297,0,0,0,0,CPI_v12_M_v01_A
ECA,ROU,Romania,1997,IHS-LIS,1997,National,1,0.070914557,0.083056057,0.089460277,0.089460277,0.083056057,0.070914557,14-Dec-25,0,1,N,,,,,2,1997,0.089460277,0.083056057,0,0,0,0,CPI_v12_M_v01_A
ECA,ROU,Romania,1998,IHS,1998,National,1,0.11282264,0.132139352,0.142328247,0.142328247,0.132139352,0.11282264,14-Dec-25,1,1,N,,,,,2,1998,0.142328247,0.132139352,0,0,0,0,CPI_v12_M_v01_A
ECA,ROU,Romania,1999,HIS,1999,National,1,0.164499677,0.192664175,0.207519968,0.207519968,0.192664175,0.164499677,14-Dec-25,2,1,N,,,,,2,1999,0.207519968,0.192664175,0,0,0,0,CPI_v12_M_v01_A
ECA,ROU,Romania,2000,IHS,2000,National,1,0.239647131,0.280677857,0.302320138,0.302320138,0.280677857,0.239647131,14-Dec-25,1,1,N,,,,,2,2000,0.302320138,0.280677857,0,0,0,0,CPI_v12_M_v01_A
ECA,ROU,Romania,2001,HBS,2001,National,1,0.322270298,0.377447192,0.406551085,0.406551085,0.377447192,0.322270298,14-Dec-25,2,1,N,,,,,2,2001,0.406551085,0.377447192,0,0,0,0,CPI_v12_M_v01_A
ECA,ROU,Romania,2002,HBS,2002,National,1,0.394909673,0.462523379,0.498187258,0.498187258,0.462523379,0.394909673,14-Dec-25,2,1,N,,,,,2,2002,0.498187258,0.462523379,0,0,0,0,CPI_v12_M_v01_A
ECA,ROU,Romania,2003,HBS,2003,National,1,0.455226152,0.533166829,0.574277826,0.574277826,0.533166829,0.455226152,14-Dec-25,2,1,N,,,,,2,2003,0.574277826,0.533166829,0,0,0,0,CPI_v12_M_v01_A
ECA,ROU,Romania,2004,HBS,2004,National,1,0.509281354,0.596476989,0.642469654,0.642469654,0.596476989,0.509281354,14-Dec-25,2,1,N,,,,,2,2004,0.642469654,0.596476989,0,0,0,0,CPI_v12_M_v01_A
ECA,ROU,Romania,2005,HBS,2005,National,1,0.555192646,0.650248896,0.700387761,0.700387761,0.650248896,0.555192646,14-Dec-25,2,1,N,,,,,2,2005,0.700387761,0.650248896,0,0,0,0,CPI_v12_M_v01_A
ECA,ROU,Romania,2006,EU-SILC,2006,National,1,0.591605003,0.692895525,0.746322752,0.746322752,0.692895525,0.591605003,14-Dec-25,3,1,N,,,,,2,2006,0.746322752,0.692895525,0,0,0,0,CPI_v12_M_v01_A
ECA,ROU,Romania,2006,HBS,2006,National,1,0.591605003,0.692895525,0.746322752,0.746322752,0.692895525,0.591605003,14-Dec-25,2,1,N,,,,,2,2006,0.746322752,0.692895525,0,0,0,0,CPI_v12_M_v01_A
ECA,ROU,Romania,2007,EU-SILC,2007,National,1,0.620222892,0.72641317,0.782424849,0.782424849,0.72641317,0.620222892,14-Dec-25,3,1,N,,,,,2,2007,0.782424849,0.72641317,0,0,0,0,CPI_v12_M_v01_A
ECA,ROU,Romania,2007,HBS,2007,National,1,0.620222892,0.72641317,0.782424849,0.782424849,0.72641317,0.620222892,14-Dec-25,2,1,N,,,,,2,2007,0.782424849,0.72641317,0,0,0,0,CPI_v12_M_v01_A
ECA,ROU,Romania,2008,EU-SILC,2008,National,1,0.668915354,0.78344242,0.843851464,0.843851464,0.78344242,0.668915354,14-Dec-25,3,1,N,,,,,2,2008,0.843851464,0.78344242,0,0,0,0,CPI_v12_M_v01_A
ECA,ROU,Romania,2008,HBS,2008,National,1,0.668915354,0.78344242,0.843851464,0.843851464,0.78344242,0.668915354,14-Dec-25,2,1,N,,,,,2,2008,0.843851464,0.78344242,0,0,0,0,CPI_v12_M_v01_A
ECA,ROU,Romania,2009,EU-SILC,2009,National,1,0.706290479,0.827216656,0.891001008,0.891001008,0.827216656,0.706290479,14-Dec-25,3,1,N,,,,,2,2009,0.891001008,0.827216656,0,0,0,0,CPI_v12_M_v01_A
ECA,ROU,Romania,2009,HBS,2009,National,1,0.706290479,0.827216656,0.891001008,0.891001008,0.827216656,0.706290479,14-Dec-25,2,1,N,,,,,2,2009,0.891001008,0.827216656,0,0,0,0,CPI_v12_M_v01_A
ECA,ROU,Romania,2010,EU-SILC,2010,National,1,0.749313583,0.877605878,0.945275602,0.945275602,0.877605878,0.749313583,14-Dec-25,3,1,N,,,,,2,2010,0.945275602,0.877605878,0,0,0,0,CPI_v12_M_v01_A
ECA,ROU,Romania,2010,HBS,2010,National,1,0.749313583,0.877605878,0.945275602,0.945275602,0.877605878,0.749313583,14-Dec-25,2,1,N,,,,,2,2010,0.945275602,0.877605878,0,0,0,0,CPI_v12_M_v01_A
ECA,ROU,Romania,2011,EU-SILC,2011,National,1,0.792693244,0.928412705,1,1,0.928412705,0.792693244,14-Dec-25,3,1,N,,,,,2,2011,1,0.928412705,0,0,0,0,CPI_v12_M_v01_A
ECA,ROU,Romania,2011,HBS,2011,National,1,0.792693244,0.928412705,1,1,0.928412705,0.792693244,14-Dec-25,2,1,N,,,,,2,2011,1,0.928412705,0,0,0,0,CPI_v12_M_v01_A
ECA,ROU,Romania,2012,EU-SILC,2012,National,1,0.819128969,0.959374572,1.03334925,1.03334925,0.959374572,0.819128969,14-Dec-25,3,1,N,,,,,2,2012,1.03334925,0.959374572,0,0,0,0,CPI_v12_M_v01_A
ECA,ROU,Romania,2012,HBS,2012,National,1,0.819128969,0.959374572,1.03334925,1.03334925,0.959374572,0.819128969,14-Dec-25,2,1,N,,,,,2,2012,1.03334925,0.959374572,0,0,0,0,CPI_v12_M_v01_A
ECA,ROU,Romania,2013,EU-SILC,2013,National,1,0.851768861,0.997602841,1.074525193,1.074525193,0.997602841,0.851768861,14-Dec-25,3,1,N,,,,,2,2013,1.074525193,0.997602841,0,0,0,0,CPI_v12_M_v01_A
ECA,ROU,Romania,2013,HBS,2013,National,1,0.851768861,0.997602841,1.074525193,1.074525193,0.997602841,0.851768861,14-Dec-25,2,1,N,,,,,2,2013,1.074525193,0.997602841,0,0,0,0,CPI_v12_M_v01_A
ECA,ROU,Romania,2014,EU-SILC,2014,National,1,0.86086842,1.008260364,1.086004488,1.086004488,1.008260364,0.86086842,14-Dec-25,3,1,N,,,,,2,2014,1.086004488,1.008260364,0,0,0,0,CPI_v12_M_v01_A
ECA,ROU,Romania,2015,EU-SILC,2015,National,1,0.855753534,1.002269742,1.079551946,1.079551946,1.002269742,0.855753534,14-Dec-25,3,1,N,,,,,2,2015,1.079551946,1.002269742,0,0,0,0,CPI_v12_M_v01_A
ECA,ROU,Romania,2016,EU-SILC,2016,National,1,0.84253387,0.986786699,1.062875049,1.062875049,0.986786699,0.84253387,14-Dec-25,3,1,N,,,,,2,2016,1.062875049,0.986786699,0,0,0,0,CPI_v12_M_v01_A
ECA,ROU,Romania,2016,HBS,2016,National,1,0.84253387,0.986786699,1.062875049,1.062875049,0.986786699,0.84253387,14-Dec-25,2,1,N,,,,,2,2016,1.062875049,0.986786699,0,0,0,0,CPI_v12_M_v01_A
ECA,ROU,Romania,2017,EU-SILC,2017,National,1,0.853815593,1,1.077107191,1.077107191,1,0.853815593,14-Dec-25,3,1,N,,,,,2,2017,1.077107191,1,0,0,0,0,CPI_v12_M_v01_A
ECA,ROU,Romania,2018,EU-SILC,2018,National,1,0.893308681,1.046254822,1.126928592,1.126928592,1.046254822,0.893308681,14-Dec-25,3,1,N,,,,,2,2018,1.126928592,1.046254822,0,0,0,0,CPI_v12_M_v01_A
ECA,ROU,Romania,2018,HBS,2018,National,1,0.893308681,1.046254822,1.126928592,1.126928592,1.046254822,0.893308681,14-Dec-25,2,1,N,,,,,2,2018,1.126928592,1.046254822,0,0,0,0,CPI_v12_M_v01_A
ECA,ROU,Romania,2019,EU-SILC,2019,National,1,0.927503202,1.086303893,1.170065734,1.170065734,1.086303893,0.927503202,14-Dec-25,3,1,N,,,,,2,2019,1.170065734,1.086303893,0,0,0,0,CPI_v12_M_v01_A
ECA,ROU,Romania,2019,HBS,2019,National,1,0.927503202,1.086303893,1.170065734,1.170065734,1.086303893,0.927503202,14-Dec-25,2,1,N,,,,,2,2019,1.170065734,1.086303893,0,0,0,0,CPI_v12_M_v01_A
ECA,ROU,Romania,2020,EU-SILC,2020,National,1,0.951906487,1.11488534,1.200851016,1.200851016,1.11488534,0.951906487,14-Dec-25,3,1,N,,,,,2,2020,1.200851016,1.11488534,0,0,0,0,CPI_v12_M_v01_A
ECA,ROU,Romania,2020,HBS,2020,National,1,0.951906487,1.11488534,1.200851016,1.200851016,1.11488534,0.951906487,14-Dec-25,2,1,N,,,,,2,2020,1.200851016,1.11488534,0,0,0,0,CPI_v12_M_v01_A
ECA,ROU,Romania,2021,EU-SILC,2021,National,1,1,1.171213092,1.261522043,1.261522043,1.171213092,1,14-Dec-25,3,1,N,,,,,2,2021,1.261522043,1.171213092,0,0,0,0,CPI_v12_M_v01_A
ECA,ROU,Romania,2021,HBS,2021,National,1,1,1.171213092,1.261522043,1.261522043,1.171213092,1,14-Dec-25,2,1,N,,,,,2,2021,1.261522043,1.171213092,0,0,0,0,CPI_v12_M_v01_A
ECA,ROU,Romania,2022,EU-SILC,2022,National,1,1.137954832,1.332787597,1.435555105,1.435555105,1.332787597,1.137954832,14-Dec-25,3,1,N,,,,,2,,,,1,1,1,1,CPI_v12_M_v01_A
ECA,RUS,Russian Federation,1993,HBS,1993,National,1,0.002618996,0.003104825,0.004815127,0.004815127,0.003104825,0.002618996,14-Dec-25,0,1,N,,,,,2,1993,0.004815127,0.003104825,0,0,0,0,CPI_v12_M_v01_A
ECA,RUS,Russian Federation,1996,HBS,1996,National,1,0.046923982,0.055628473,0.086271589,0.086271589,0.055628473,0.046923982,14-Dec-25,0,1,N,,,,,2,1996,0.086271589,0.055628473,0,0,0,0,CPI_v12_M_v01_A
ECA,RUS,Russian Federation,1997,HBS,1997,National,1,0.053850584,0.063839974,0.099006419,0.099006419,0.063839974,0.053850584,14-Dec-25,1,1,N,,,,,2,1997,0.099006419,0.063839974,0,0,0,0,CPI_v12_M_v01_A
ECA,RUS,Russian Federation,1998,HBS,1998,National,1,0.068759482,0.081514502,0.126417015,0.126417015,0.081514502,0.068759482,14-Dec-25,1,1,N,,,,,2,1998,0.126417015,0.081514502,0,0,0,0,CPI_v12_M_v01_A
ECA,RUS,Russian Federation,1999,HBS,1999,National,1,0.127718333,0.151410337,0.234815185,0.234815185,0.151410337,0.127718333,14-Dec-25,1,1,N,,,,,2,1999,0.234815185,0.151410337,0,0,0,0,CPI_v12_M_v01_A
ECA,RUS,Russian Federation,2000,HBS,2000,National,1,0.154282161,0.182901808,0.283653829,0.283653829,0.182901808,0.154282161,14-Dec-25,1,1,N,,,,,2,2000,0.283653829,0.182901808,0,0,0,0,CPI_v12_M_v01_A
ECA,RUS,Russian Federation,2001,HBS,2001,National,1,0.187417343,0.222183631,0.344574165,0.344574165,0.222183631,0.187417343,14-Dec-25,1,1,N,,,,,2,2001,0.344574165,0.222183631,0,0,0,0,CPI_v12_M_v01_A
ECA,RUS,Russian Federation,2002,HBS,2002,National,1,0.217008176,0.257263623,0.398978078,0.398978078,0.257263623,0.217008176,14-Dec-25,1,1,N,,,,,2,2002,0.398978078,0.257263623,0,0,0,0,CPI_v12_M_v01_A
ECA,RUS,Russian Federation,2003,HBS,2003,National,1,0.24665863,0.292414294,0.453491604,0.453491604,0.292414294,0.24665863,14-Dec-25,1,1,N,,,,,2,2003,0.453491604,0.292414294,0,0,0,0,CPI_v12_M_v01_A
ECA,RUS,Russian Federation,2004,HBS,2004,National,1,0.273516349,0.324254174,0.502870579,0.502870579,0.324254174,0.273516349,14-Dec-25,1,1,N,,,,,2,2004,0.502870579,0.324254174,0,0,0,0,CPI_v12_M_v01_A
ECA,RUS,Russian Federation,2005,HBS,2005,National,1,0.308212724,0.365386795,0.566661231,0.566661231,0.365386795,0.308212724,14-Dec-25,1,1,N,,,,,2,2005,0.566661231,0.365386795,0,0,0,0,CPI_v12_M_v01_A
ECA,RUS,Russian Federation,2006,HBS,2006,National,1,0.338012764,0.400714801,0.621449777,0.621449777,0.400714801,0.338012764,14-Dec-25,1,1,N,,,,,2,2006,0.621449777,0.400714801,0,0,0,0,CPI_v12_M_v01_A
ECA,RUS,Russian Federation,2007,HBS,2007,National,1,0.368458581,0.436808377,0.67742561,0.67742561,0.436808377,0.368458581,14-Dec-25,1,1,N,,,,,2,2007,0.67742561,0.436808377,0,0,0,0,CPI_v12_M_v01_A
ECA,RUS,Russian Federation,2008,HBS,2008,National,1,0.420450889,0.498445361,0.773015516,0.773015516,0.498445361,0.420450889,14-Dec-25,1,1,N,,,,,2,2008,0.773015516,0.498445361,0,0,0,0,CPI_v12_M_v01_A
ECA,RUS,Russian Federation,2009,HBS,2009,National,1,0.4694222,0.556500947,0.8630512,0.8630512,0.556500947,0.4694222,14-Dec-25,1,1,N,,,,,2,2009,0.8630512,0.556500947,0,0,0,0,CPI_v12_M_v01_A
ECA,RUS,Russian Federation,2010,HBS,2010,National,1,0.501574768,0.594617881,0.922164963,0.922164963,0.594617881,0.501574768,14-Dec-25,1,1,N,,,,,2,2010,0.922164963,0.594617881,0,0,0,0,CPI_v12_M_v01_A
ECA,RUS,Russian Federation,2011,HBS,2011,National,1,0.543910025,0.644806412,1,1,0.644806412,0.543910025,14-Dec-25,1,1,N,,,,,2,2011,1,0.644806412,0,0,0,0,CPI_v12_M_v01_A
ECA,RUS,Russian Federation,2012,HBS,2012,National,1,0.571512059,0.677528678,1.050747426,1.050747426,0.677528678,0.571512059,14-Dec-25,1,1,N,,,,,2,2012,1.050747426,0.677528678,0,0,0,0,CPI_v12_M_v01_A
ECA,RUS,Russian Federation,2013,HBS,2013,National,1,0.610110303,0.723286971,1.121711817,1.121711817,0.723286971,0.610110303,14-Dec-25,1,1,N,,,,,2,2013,1.121711817,0.723286971,0,0,0,0,CPI_v12_M_v01_A
ECA,RUS,Russian Federation,2014,HBS,2014,National,1,0.657841759,0.779872707,1.209467979,1.209467979,0.779872707,0.657841759,14-Dec-25,1,1,N,,,,,2,2014,1.209467979,0.779872707,0,0,0,0,CPI_v12_M_v01_A
ECA,RUS,Russian Federation,2015,HBS,2015,National,1,0.760033562,0.901021292,1.397351632,1.397351632,0.901021292,0.760033562,14-Dec-25,2,1,N,,,,,2,2015,1.397351632,0.901021292,0,0,0,0,CPI_v12_M_v01_A
ECA,RUS,Russian Federation,2015,VNDN,2014,National,1,0.657841759,0.779872707,1.209467979,1.209467979,0.779872707,0.657841759,14-Dec-25,3,1,N,,,,,2,2014,1.209467979,0.779872707,0,0,0,0,CPI_v12_M_v01_A
ECA,RUS,Russian Federation,2016,HBS,2016,National,1,0.813558545,0.964475265,1.495759422,1.495759422,0.964475265,0.813558545,14-Dec-25,2,1,N,,,,,2,2016,1.495759422,0.964475265,0,0,0,0,CPI_v12_M_v01_A
ECA,RUS,Russian Federation,2016,VNDN,2015,National,1,0.760033562,0.901021292,1.397351632,1.397351632,0.901021292,0.760033562,14-Dec-25,3,1,N,,,,,2,2015,1.397351632,0.901021292,0,0,0,0,CPI_v12_M_v01_A
ECA,RUS,Russian Federation,2017,HBS,2017,National,1,0.84352453,1,1.550853065,1.550853065,1,0.84352453,14-Dec-25,2,1,N,,,,,2,2017,1.550853065,1,0,0,0,0,CPI_v12_M_v01_A
ECA,RUS,Russian Federation,2017,VNDN,2016,National,1,0.813558545,0.964475265,1.495759422,1.495759422,0.964475265,0.813558545,14-Dec-25,3,1,N,,,,,2,2016,1.495759422,0.964475265,0,0,0,0,CPI_v12_M_v01_A
ECA,RUS,Russian Federation,2018,HBS,2018,National,1,0.867803715,1.028783022,1.595491303,1.595491303,1.028783022,0.867803715,14-Dec-25,2,1,N,,,,,2,2018,1.595491303,1.028783022,0,0,0,0,CPI_v12_M_v01_A
ECA,RUS,Russian Federation,2018,VNDN,2017,National,1,0.84352453,1,1.550853065,1.550853065,1,0.84352453,14-Dec-25,3,1,N,,,,,2,2017,1.550853065,1,0,0,0,0,CPI_v12_M_v01_A
ECA,RUS,Russian Federation,2019,HBS,2019,National,1,0.906597695,1.074773362,1.666815563,1.666815563,1.074773362,0.906597695,14-Dec-25,2,1,N,,,,,2,2019,1.666815563,1.074773362,0,0,0,0,CPI_v12_M_v01_A
ECA,RUS,Russian Federation,2019,VNDN,2018,National,1,0.867803715,1.028783022,1.595491303,1.595491303,1.028783022,0.867803715,14-Dec-25,3,1,N,,,,,2,2018,1.595491303,1.028783022,0,0,0,0,CPI_v12_M_v01_A
ECA,RUS,Russian Federation,2020,HBS,2020,National,1,0.937255779,1.111118581,1.723181658,1.723181658,1.111118581,0.937255779,14-Dec-25,2,1,N,,,,,2,2020,1.723181658,1.111118581,0,0,0,0,CPI_v12_M_v01_A
ECA,RUS,Russian Federation,2020,VNDN,2019,National,1,0.906597695,1.074773362,1.666815563,1.666815563,1.074773362,0.906597695,14-Dec-25,3,1,N,,,,,2,2019,1.666815563,1.074773362,0,0,0,0,CPI_v12_M_v01_A
ECA,RUS,Russian Federation,2021,VNDN,2020,National,1,0.937255779,1.111118581,1.723181658,1.723181658,1.111118581,0.937255779,14-Dec-25,3,1,N,,,,,2,2020,1.723181658,1.111118581,0,0,0,0,CPI_v12_M_v01_A
ECA,RUS,Russian Federation,2022,VNDN,2021,National,1,1,1.185501979,1.838539378,1.838539378,1.185501979,1,14-Dec-25,3,1,N,,,,,2,2021,1.838539378,1.185501979,0,0,0,0,CPI_v12_M_v01_A
SSA,RWA,Rwanda,1984,ENBCM,1984.5,National,1,0.066130557,0.074550195,0.106046022,0.106046022,0.074550195,0.066130557,14-Dec-25,0,1,R,,,,,2,1984.5,0.106046022,0.074550195,0,0,0,0,CPI_v12_M_v01_A
SSA,RWA,Rwanda,2000,EICV-I,2000.38,National,1,0.286178668,0.322614484,0.458912051,0.458912051,0.322614484,0.286178668,14-Dec-25,1,1,N,,,,,2,2000.38,0.458912051,0.322614484,0,0,0,0,CPI_v12_M_v01_A
SSA,RWA,Rwanda,2005,EICV-II,2005.75,National,1,0.417725937,0.470910145,0.669859386,0.669859386,0.470910145,0.417725937,14-Dec-25,1,1,N,,,,,2,2005.75,0.669859386,0.470910145,0,0,0,0,CPI_v12_M_v01_A
SSA,RWA,Rwanda,2010,EICV-III,2010.83,National,1,0.587690173,0.662513959,0.942411622,0.942411622,0.662513959,0.587690173,14-Dec-25,1,1,N,,,,,2,2010.83,0.942411622,0.662513959,0,0,0,0,CPI_v12_M_v01_A
SSA,RWA,Rwanda,2013,EICV-IV,2013.75,National,1,0.723243524,0.815325749,1.159783052,1.159783052,0.815325749,0.723243524,14-Dec-25,1,1,N,,,,,2,2013.75,1.159783052,0.815325749,0,0,0,0,CPI_v12_M_v01_A
SSA,RWA,Rwanda,2016,EICV-V,2016.77,National,1,0.866458548,0.976774683,1.389440631,1.389440631,0.976774683,0.866458548,14-Dec-25,1,1,N,,,,,2,2016.77,1.389440631,0.976774683,0,0,0,0,CPI_v12_M_v01_A
SSA,SDN,Sudan,2009,NBHS,2009,National,1,0.005448337,0.162357354,0.749497066,0.749497066,0.162357354,0.005448337,14-Dec-25,0,1,N,,,,,2,2009,0.749497066,0.162357354,0,0,0,0,CPI_v12_M_v01_A
SSA,SDN,Sudan,2014,NBHS,2014,National,1,0.019848935,0.591487069,2.73050658,2.73050658,0.591487069,0.019848935,14-Dec-25,1,1,N,,,,,2,2014,2.73050658,0.591487069,0,0,0,0,CPI_v12_M_v01_A
SSA,SEN,Senegal,1991,EP,1991.25,National,1,0.464247605,0.497277246,0.513952013,0.513952013,0.497277246,0.464247605,14-Dec-25,0,1,N,,,,,2,1991.25,0.513952013,0.497277246,0,0,0,0,CPI_v12_M_v01_A
SSA,SEN,Senegal,1994,ESAM,1994.33,National,1,0.625896789,0.670427221,0.692908076,0.692908076,0.670427221,0.625896789,14-Dec-25,1,1,N,,,,,2,1994.33,0.692908076,0.670427221,0,0,0,0,CPI_v12_M_v01_A
SSA,SEN,Senegal,2001,ESAM-II,2001.31,National,1,0.732856172,0.784996401,0.811319005,0.811319005,0.784996401,0.732856172,14-Dec-25,2,1,N,,,,,2,2001.31,0.811319005,0.784996401,0,0,0,0,CPI_v12_M_v01_A
SSA,SEN,Senegal,2005,ESPS-I,2005.8,National,1,0.773692227,0.828737802,0.856527149,0.856527149,0.828737802,0.773692227,14-Dec-25,3,1,N,,,,,2,2005.8,0.856527149,0.828737802,0,0,0,0,CPI_v12_M_v01_A
SSA,SEN,Senegal,2011,ESPS-II,2011.29,National,1,0.907004889,0.971535207,1.004112856,1.004112856,0.971535207,0.907004889,14-Dec-25,3,1,N,,,,,2,2011.29,1.004112856,0.971535207,0,0,0,0,CPI_v12_M_v01_A
SSA,SEN,Senegal,2018,EHCVM,2018.5,National,1,0.956164072,1.0241919,1.05853524,1.05853524,1.0241919,0.956164072,14-Dec-25,4,1,N,,,,,2,2018.5,1.05853524,1.0241919,0,0,0,0,CPI_v12_M_v01_A
SSA,SEN,Senegal,2021,EHCVM,2021.71,National,1,1.02422357,1.0970936,1.133881489,1.133881489,1.0970936,1.02422357,14-Dec-25,4,1,N,,,,,2,2021.71,1.133881489,1.0970936,0,0,0,0,CPI_v12_M_v01_A
EAP,SLB,Solomon Islands,2005,HIES,2005.5,National,1,0.506805351,0.54808057,0.646087102,0.646087102,0.54808057,0.506805351,14-Dec-25,0,1,N,,,,,2,2005.5,0.646087102,0.54808057,0,0,0,0,CPI_v12_M_v01_A
EAP,SLB,Solomon Islands,2012,HIES,2012.79,National,1,0.86618291,0.936726539,1.104229869,1.104229869,0.936726539,0.86618291,14-Dec-25,1,1,N,,,,,2,2012.79,1.104229869,0.936726539,0,0,0,0,CPI_v12_M_v01_A
SSA,SLE,Sierra Leone,2003,SLIHS,2003.25,National,1,0.183779749,0.310705234,0.511443222,0.511443222,0.310705234,0.183779749,14-Dec-25,1,1,N,,,,,2,2003.25,0.511443222,0.310705234,0,0,0,0,CPI_v12_M_v01_A
SSA,SLE,Sierra Leone,2011,SLIHS,2011,National,1,0.359335584,0.607506798,1,1,0.607506798,0.359335584,14-Dec-25,1,1,N,,,,,2,2011,1,0.607506798,0,0,0,0,CPI_v12_M_v01_A
SSA,SLE,Sierra Leone,2018,SLIHS,2018,National,1,0.686305818,1.160295467,1.909930015,1.909930015,1.160295467,0.686305818,14-Dec-25,1,1,N,,,,,2,2018,1.909930015,1.160295467,0,0,0,0,CPI_v12_M_v01_A
LAC,SLV,El Salvador,1989,EHPM,1989,National,1,0.226525888,0.236232258,0.24705627,2.161742365,2.067032262,1.982101523,14-Dec-25,0,0.114285714,N,,,,,2,1989,2.161742365,2.067032262,0,0,0,0,CPI_v12_M_v01_A
LAC,SLV,El Salvador,1991,EHPM,1991,National,1,0.332503974,0.346751381,0.362639309,3.173093955,3.034074588,2.909409772,14-Dec-25,0,0.114285714,N,,,,,2,1991,3.173093955,3.034074588,0,0,0,0,CPI_v12_M_v01_A
LAC,SLV,El Salvador,1995,EHPM,1995,National,1,0.515330865,0.537412191,0.562036076,4.917815663,4.702356671,4.509145065,14-Dec-25,0,0.114285714,N,,,,,2,1995,4.917815663,4.702356671,0,0,0,0,CPI_v12_M_v01_A
LAC,SLV,El Salvador,1996,EHPM,1996,National,1,0.565776154,0.590019002,0.617053298,5.399216355,5.162666271,4.950541348,14-Dec-25,0,0.114285714,N,,,,,2,1996,5.399216355,5.162666271,0,0,0,0,CPI_v12_M_v01_A
LAC,SLV,El Salvador,1998,EHPM,1998,National,1,0.606238053,0.632214646,0.661182319,5.785345294,5.531878156,5.304582963,14-Dec-25,0,0.114285714,N,,,,,2,1998,5.785345294,5.531878156,0,0,0,0,CPI_v12_M_v01_A
LAC,SLV,El Salvador,1999,EHPM,1999,National,1,0.609359096,0.635469422,0.664586227,5.815129485,5.560357444,5.331892087,14-Dec-25,0,0.114285714,N,,,,,2,1999,5.815129485,5.560357444,0,0,0,0,CPI_v12_M_v01_A
LAC,SLV,El Salvador,2000,EHPM,2000,National,1,0.633572196,0.660720026,0.690993797,6.046195724,5.781300225,5.543756716,14-Dec-25,1,0.114285714,N,,,,,2,2000,6.046195724,5.781300225,0,0,0,0,CPI_v12_M_v01_A
LAC,SLV,El Salvador,2001,EHPM,2001,National,1,0.642598907,0.670133521,0.700838613,6.132337861,5.863668309,5.62274044,14-Dec-25,1,0.114285714,N,,,,,2,2001,6.132337861,5.863668309,0,0,0,0,CPI_v12_M_v01_A
LAC,SLV,El Salvador,2002,EHPM,2002,National,1,0.660533557,0.68883665,0.720398707,6.303488687,6.027320687,5.779668628,14-Dec-25,1,0.114285714,N,,,,,2,2002,6.303488687,6.027320687,0,0,0,0,CPI_v12_M_v01_A
LAC,SLV,El Salvador,2003,EHPM,2003,National,1,0.67716171,0.706177299,0.738533894,6.462171571,6.179051368,5.925164961,14-Dec-25,1,0.114285714,N,,,,,2,2003,6.462171571,6.179051368,0,0,0,0,CPI_v12_M_v01_A
LAC,SLV,El Salvador,2004,EHPM,2004,National,1,0.713545691,0.744120291,0.77821541,0.77821541,0.744120291,0.713545691,14-Dec-25,1,1,N,,,,,2,2004,0.77821541,0.744120291,0,0,0,0,CPI_v12_M_v01_A
LAC,SLV,El Salvador,2005,EHPM,2005,National,1,0.743951455,0.775828907,0.811376894,0.811376894,0.775828907,0.743951455,14-Dec-25,1,1,N,,,,,2,2005,0.811376894,0.775828907,0,0,0,0,CPI_v12_M_v01_A
LAC,SLV,El Salvador,2006,EHPM,2006,National,1,0.780256254,0.813689325,0.850972052,0.850972052,0.813689325,0.780256254,14-Dec-25,1,1,N,,,,,2,2006,0.850972052,0.813689325,0,0,0,0,CPI_v12_M_v01_A
LAC,SLV,El Salvador,2007,EHPM,2007,National,1,0.818144687,0.853201233,0.892294371,0.892294371,0.853201233,0.818144687,14-Dec-25,1,1,N,,,,,2,2007,0.892294371,0.853201233,0,0,0,0,CPI_v12_M_v01_A
LAC,SLV,El Salvador,2008,EHPM,2008,National,1,0.865139013,0.902209211,0.943547863,0.943547863,0.902209211,0.865139013,14-Dec-25,1,1,N,,,,,2,2008,0.943547863,0.902209211,0,0,0,0,CPI_v12_M_v01_A
LAC,SLV,El Salvador,2009,EHPM,2009,National,1,0.866271852,0.90339059,0.944783372,0.944783372,0.90339059,0.866271852,14-Dec-25,1,1,N,,,,,2,2009,0.944783372,0.90339059,0,0,0,0,CPI_v12_M_v01_A
LAC,SLV,El Salvador,2010,EHPM,2010,National,1,0.882059895,0.919855133,0.96200231,0.96200231,0.919855133,0.882059895,14-Dec-25,1,1,N,,,,,2,2010,0.96200231,0.919855133,0,0,0,0,CPI_v12_M_v01_A
LAC,SLV,El Salvador,2011,EHPM,2011,National,1,0.927267191,0.966999508,1.01130681,1.01130681,0.966999508,0.927267191,14-Dec-25,1,1,N,,,,,2,2011,1.01130681,0.966999508,0,0,0,0,CPI_v12_M_v01_A
LAC,SLV,El Salvador,2012,EHPM,2012,National,1,0.933306333,0.973297421,1.01789329,1.01789329,0.973297421,0.933306333,14-Dec-25,1,1,N,,,,,2,2012,1.01789329,0.973297421,0,0,0,0,CPI_v12_M_v01_A
LAC,SLV,El Salvador,2013,EHPM,2013,National,1,0.940380757,0.980674976,1.025608879,1.025608879,0.980674976,0.940380757,14-Dec-25,1,1,N,,,,,2,2013,1.025608879,0.980674976,0,0,0,0,CPI_v12_M_v01_A
LAC,SLV,El Salvador,2014,EHPM,2014,National,1,0.952459042,0.993270801,1.038781837,1.038781837,0.993270801,0.952459042,14-Dec-25,1,1,N,,,,,2,2014,1.038781837,0.993270801,0,0,0,0,CPI_v12_M_v01_A
LAC,SLV,El Salvador,2015,EHPM,2015,National,1,0.954960973,0.995879936,1.041510522,1.041510522,0.995879936,0.954960973,14-Dec-25,1,1,N,,,,,2,2015,1.041510522,0.995879936,0,0,0,0,CPI_v12_M_v01_A
LAC,SLV,El Salvador,2016,EHPM,2016,National,1,0.947128124,0.987711459,1.03296777,1.03296777,0.987711459,0.947128124,14-Dec-25,1,1,N,,,,,2,2016,1.03296777,0.987711459,0,0,0,0,CPI_v12_M_v01_A
LAC,SLV,El Salvador,2017,EHPM,2017,National,1,0.962942904,1.004203884,1.050215867,1.050215867,1.004203884,0.962942904,14-Dec-25,1,1,N,,,,,2,2017,1.050215867,1.004203884,0,0,0,0,CPI_v12_M_v01_A
LAC,SLV,El Salvador,2018,EHPM,2018,National,1,0.973373142,1.015081045,1.061591413,1.061591413,1.015081045,0.973373142,14-Dec-25,1,1,N,,,,,2,2018,1.061591413,1.015081045,0,0,0,0,CPI_v12_M_v01_A
LAC,SLV,El Salvador,2019,EHPM,2019,National,1,0.967758467,1.009225789,1.055467873,1.055467873,1.009225789,0.967758467,14-Dec-25,1,1,N,,,,,2,2019,1.055467873,1.009225789,0,0,0,0,CPI_v12_M_v01_A
LAC,SLV,El Salvador,2021,EHPM,2021,National,1,1.025986282,1.069948598,1.118972962,1.118972962,1.069948598,1.025986282,14-Dec-25,1,1,N,,,,,2,2021,1.118972962,1.069948598,0,0,0,0,CPI_v12_M_v01_A
LAC,SLV,El Salvador,2022,EHPM,2022,National,1,1.101137067,1.148319506,1.200934776,1.200934776,1.148319506,1.101137067,14-Dec-25,1,1,N,,,,,2,2022,1.200934776,1.148319506,0,0,0,0,CPI_v12_M_v01_A
LAC,SLV,El Salvador,2023,EHPM,2023,National,1,1.124315782,1.172491402,1.226214212,1.226214212,1.172491402,1.124315782,14-Dec-25,1,1,N,,,,,2,,,,1,1,1,1,CPI_v12_M_v01_A
ECA,SRB,Serbia,2002,LSMS,2002,National,1,0.302401633,0.332008118,0.414244497,0.414244497,0.332008118,0.302401633,14-Dec-25,0,1,N,,,,,2,2002,0.414244497,0.332008118,0,0,0,0,CPI_v12_M_v01_A
ECA,SRB,Serbia,2003,HBS,2003,National,1,0.332267346,0.364797819,0.455156006,0.455156006,0.364797819,0.332267346,14-Dec-25,1,1,N,,,,,2,2003,0.455156006,0.364797819,0,0,0,0,CPI_v12_M_v01_A
ECA,SRB,Serbia,2004,HBS,2004,National,1,0.368904359,0.405021761,0.505343173,0.505343173,0.405021761,0.368904359,14-Dec-25,1,1,N,,,,,2,2004,0.505343173,0.405021761,0,0,0,0,CPI_v12_M_v01_A
ECA,SRB,Serbia,2005,HBS,2005,National,1,0.428371661,0.47031118,0.586804381,0.586804381,0.47031118,0.428371661,14-Dec-25,1,1,N,,,,,2,2005,0.586804381,0.47031118,0,0,0,0,CPI_v12_M_v01_A
ECA,SRB,Serbia,2006,HBS,2006,National,1,0.478594046,0.525450563,0.655601452,0.655601452,0.525450563,0.478594046,14-Dec-25,1,1,N,,,,,2,2006,0.655601452,0.525450563,0,0,0,0,CPI_v12_M_v01_A
ECA,SRB,Serbia,2007,HBS,2007,National,1,0.509184404,0.559035855,0.697505616,0.697505616,0.559035855,0.509184404,14-Dec-25,1,1,N,,,,,2,2007,0.697505616,0.559035855,0,0,0,0,CPI_v12_M_v01_A
ECA,SRB,Serbia,2008,HBS,2008,National,1,0.572379194,0.628417701,0.784072919,0.784072919,0.628417701,0.572379194,14-Dec-25,1,1,N,,,,,2,2008,0.784072919,0.628417701,0,0,0,0,CPI_v12_M_v01_A
ECA,SRB,Serbia,2009,HBS,2009,National,1,0.618838936,0.679426061,0.847715738,0.847715738,0.679426061,0.618838936,14-Dec-25,1,1,N,,,,,2,2009,0.847715738,0.679426061,0,0,0,0,CPI_v12_M_v01_A
ECA,SRB,Serbia,2010,HBS,2010,National,1,0.656851447,0.721160168,0.899787128,0.899787128,0.721160168,0.656851447,14-Dec-25,1,1,N,,,,,2,2010,0.899787128,0.721160168,0,0,0,0,CPI_v12_M_v01_A
ECA,SRB,Serbia,2012,EU-SILC,2012,National,1,0.78351996,0.860230101,1.073303832,1.073303832,0.860230101,0.78351996,14-Dec-25,2,1,N,,,,,2,2012,1.073303832,0.860230101,0,0,0,0,CPI_v12_M_v01_A
ECA,SRB,Serbia,2013,EU-SILC,2013,National,1,0.843806046,0.926418466,1.155886651,1.155886651,0.926418466,0.843806046,14-Dec-25,2,1,N,,,,,2,2013,1.155886651,0.926418466,0,0,0,0,CPI_v12_M_v01_A
ECA,SRB,Serbia,2013,HBS,2013,National,1,0.843806046,0.926418466,1.155886651,1.155886651,0.926418466,0.843806046,14-Dec-25,1,1,N,,,,,2,2013,1.155886651,0.926418466,0,0,0,0,CPI_v12_M_v01_A
ECA,SRB,Serbia,2014,EU-SILC,2014,National,1,0.861377845,0.945710623,1.179957357,1.179957357,0.945710623,0.861377845,14-Dec-25,2,1,N,,,,,2,2014,1.179957357,0.945710623,0,0,0,0,CPI_v12_M_v01_A
ECA,SRB,Serbia,2015,EU-SILC,2015,National,1,0.873371377,0.958878377,1.196386682,1.196386682,0.958878377,0.873371377,14-Dec-25,2,1,N,,,,,2,2015,1.196386682,0.958878377,0,0,0,0,CPI_v12_M_v01_A
ECA,SRB,Serbia,2015,HBS,2015,National,1,0.873371377,0.958878377,1.196386682,1.196386682,0.958878377,0.873371377,14-Dec-25,1,1,N,,,,,2,2015,1.196386682,0.958878377,0,0,0,0,CPI_v12_M_v01_A
ECA,SRB,Serbia,2016,EU-SILC,2016,National,1,0.883173333,0.969639989,1.20981388,1.20981388,0.969639989,0.883173333,14-Dec-25,2,1,N,,,,,2,2016,1.20981388,0.969639989,0,0,0,0,CPI_v12_M_v01_A
ECA,SRB,Serbia,2017,EU-SILC,2017,National,1,0.910826022,1,1.24769388,1.24769388,1,0.910826022,14-Dec-25,2,1,N,,,,,2,2017,1.24769388,1,0,0,0,0,CPI_v12_M_v01_A
ECA,SRB,Serbia,2018,EU-SILC,2018,National,1,0.928676753,1.019598399,1.272146683,1.272146683,1.019598399,0.928676753,14-Dec-25,2,1,N,,,,,2,2018,1.272146683,1.019598399,0,0,0,0,CPI_v12_M_v01_A
ECA,SRB,Serbia,2018,HBS,2018,National,1,0.928676753,1.019598399,1.272146683,1.272146683,1.019598399,0.928676753,14-Dec-25,1,1,N,,,,,2,2018,1.272146683,1.019598399,0,0,0,0,CPI_v12_M_v01_A
ECA,SRB,Serbia,2019,EU-SILC,2019,National,1,0.945850147,1.038453146,1.295671635,1.295671635,1.038453146,0.945850147,14-Dec-25,2,1,N,,,,,2,2019,1.295671635,1.038453146,0,0,0,0,CPI_v12_M_v01_A
ECA,SRB,Serbia,2019,HBS,2019,National,1,0.945850147,1.038453146,1.295671635,1.295671635,1.038453146,0.945850147,14-Dec-25,1,1,N,,,,,2,2019,1.295671635,1.038453146,0,0,0,0,CPI_v12_M_v01_A
ECA,SRB,Serbia,2020,EU-SILC,2020,National,1,0.960752284,1.054814269,1.316085308,1.316085308,1.054814269,0.960752284,14-Dec-25,2,1,N,,,,,2,2020,1.316085308,1.054814269,0,0,0,0,CPI_v12_M_v01_A
ECA,SRB,Serbia,2021,EU-SILC,2021,National,1,1,1.097904513,1.369848742,1.369848742,1.097904513,1,14-Dec-25,2,1,N,,,,,2,2021,1.369848742,1.097904513,0,0,0,0,CPI_v12_M_v01_A
ECA,SRB,Serbia,2022,EU-SILC,2022,National,1,1.119815152,1.22945011,1.533977378,1.533977378,1.22945011,1.119815152,14-Dec-25,2,1,N,,,,,2,,,,1,1,1,1,CPI_v12_M_v01_A
SSA,SSD,South Sudan,2009,NBHS,2009,National,1,0.004379299,0.021564191,0.673084372,0.673084372,0.021564191,0.004379299,14-Dec-25,0,1,N,,,,,2,2009,0.673084372,0.021564191,0,0,0,0,CPI_v12_M_v01_A
SSA,SSD,South Sudan,2016,HFS-W3,2016.5,National,1,0.014292872,0.070379798,2.196768808,2.196768808,0.070379798,0.014292872,14-Dec-25,1,1,N,,,,,2,2016.5,2.196768808,0.070379798,0,0,0,0,CPI_v12_M_v01_A
SSA,STP,São Tomé and Principe,2000,IOF,2000.5,National,1,98.74305306,136.2558403,0.204499648,0.204499648,136.2558403,98.74305306,14-Dec-25,0,1,N,,,,,2,2000.5,0.204499648,136.2558403,0,0,0,0,CPI_v12_M_v01_A
SSA,STP,São Tomé and Principe,2010,IOF,2010,National,1,422.3422777,582.7913979,0.874682768,0.874682768,582.7913979,422.3422777,14-Dec-25,1,1,N,,,,,2,2010,0.874682768,582.7913979,0,0,0,0,CPI_v12_M_v01_A
SSA,STP,São Tomé and Principe,2017,IOF,2017,National,1,724688.5577,999999.9525,1500.850441,1.500850441,999.9999525,724.6885577,14-Dec-25,2,1000,N,,,,,2,2017,1.500850441,999.9999525,0,0,0,0,CPI_v12_M_v01_A
LAC,SUR,Suriname,1999,EHS,1999,National,1,0.028729598,0.068839289,0.154371283,154.3712835,68.83928872,28.7295978,14-Dec-25,0,0.001,U,,,,,2,1999,154.3712835,68.83928872,0,0,0,0,CPI_v12_M_v01_A
LAC,SUR,Suriname,2022,SSLC,2022,National,1,1.524460249,3.652775091,8.191304553,8.191304553,3.652775091,1.524460249,14-Dec-25,1,1,N,,,,,2,2022,8.191304553,3.652775091,0,0,0,0,CPI_v12_M_v01_A
ECA,SVK,Slovak Republic,1992,MC-LIS,1992,National,1,0.236672369,0.261909119,0.276201922,8.320859113,7.890274113,7.129991775,14-Dec-25,0,0.033193919,N,,,,,2,1992,8.320859113,7.890274113,0,0,0,0,CPI_v12_M_v01_A
ECA,SVK,Slovak Republic,1996,MC-LIS,1996,National,1,0.384493263,0.42549239,0.448712197,13.51790364,12.81838374,11.58324405,14-Dec-25,0,0.033193919,N,,,,,2,1996,13.51790364,12.81838374,0,0,0,0,CPI_v12_M_v01_A
ECA,SVK,Slovak Republic,2004,EU-SILC,2004,National,1,0.696850585,0.771156869,0.813240144,24.49967259,23.23187182,20.99332072,14-Dec-25,2,0.033193919,N,,,,,2,2004,24.49967259,23.23187182,0,0,0,0,CPI_v12_M_v01_A
ECA,SVK,Slovak Republic,2004,HBS,2004,National,1,0.696850585,0.771156869,0.813240144,24.49967259,23.23187182,20.99332072,14-Dec-25,1,0.033193919,N,,,,,2,2004,24.49967259,23.23187182,0,0,0,0,CPI_v12_M_v01_A
ECA,SVK,Slovak Republic,2005,EU-SILC,2005,National,1,0.715728844,0.792048147,0.835271493,25.16338901,23.86124247,21.56204717,14-Dec-25,2,0.033193919,N,,,,,2,2005,25.16338901,23.86124247,0,0,0,0,CPI_v12_M_v01_A
ECA,SVK,Slovak Republic,2005,HBS,2005,National,1,0.715728844,0.792048147,0.835271493,25.16338901,23.86124247,21.56204717,14-Dec-25,1,0.033193919,N,,,,,2,2005,25.16338901,23.86124247,0,0,0,0,CPI_v12_M_v01_A
ECA,SVK,Slovak Republic,2006,EU-SILC,2006,National,1,0.747817362,0.827558314,0.872719508,26.2915479,24.93102178,22.52874586,14-Dec-25,2,0.033193919,N,,,,,2,2006,26.2915479,24.93102178,0,0,0,0,CPI_v12_M_v01_A
ECA,SVK,Slovak Republic,2006,HBS,2006,National,1,0.747817362,0.827558314,0.872719508,26.2915479,24.93102178,22.52874586,14-Dec-25,1,0.033193919,N,,,,,2,2006,26.2915479,24.93102178,0,0,0,0,CPI_v12_M_v01_A
ECA,SVK,Slovak Republic,2007,EU-SILC,2007,National,1,0.76843261,0.850371799,0.896777961,27.01633285,25.61830081,23.14980081,14-Dec-25,2,0.033193919,N,,,,,2,2007,27.01633285,25.61830081,0,0,0,0,CPI_v12_M_v01_A
ECA,SVK,Slovak Republic,2007,HBS,2007,National,1,0.76843261,0.850371799,0.896777961,27.01633285,25.61830081,23.14980081,14-Dec-25,1,0.033193919,N,,,,,2,2007,27.01633285,25.61830081,0,0,0,0,CPI_v12_M_v01_A
ECA,SVK,Slovak Republic,2008,EU-SILC,2008,National,1,0.803766492,0.889473389,0.938013388,28.25859133,26.79627531,24.21426935,14-Dec-25,2,0.033193919,N,,,,,2,2008,28.25859133,26.79627531,0,0,0,0,CPI_v12_M_v01_A
ECA,SVK,Slovak Republic,2008,HBS,2008,National,1,0.803766492,0.889473389,0.938013388,28.25859133,26.79627531,24.21426935,14-Dec-25,1,0.033193919,N,,,,,2,2008,28.25859133,26.79627531,0,0,0,0,CPI_v12_M_v01_A
ECA,SVK,Slovak Republic,2009,EU-SILC,2009,National,1,0.816748201,0.903839358,0.953163331,0.953163331,0.903839358,0.816748201,14-Dec-25,2,1,N,,,,,2,2009,0.953163331,0.903839358,0,0,0,0,CPI_v12_M_v01_A
ECA,SVK,Slovak Republic,2009,HBS,2009,National,1,0.816748201,0.903839358,0.953163331,0.953163331,0.903839358,0.816748201,14-Dec-25,1,1,N,,,,,2,2009,0.953163331,0.903839358,0,0,0,0,CPI_v12_M_v01_A
ECA,SVK,Slovak Republic,2010,EU-SILC,2010,National,1,0.824564617,0.912489251,0.962285263,0.962285263,0.912489251,0.824564617,14-Dec-25,2,1,N,,,,,2,2010,0.962285263,0.912489251,0,0,0,0,CPI_v12_M_v01_A
ECA,SVK,Slovak Republic,2011,EU-SILC,2011,National,1,0.856881685,0.948252339,1,1,0.948252339,0.856881685,14-Dec-25,2,1,N,,,,,2,2011,1,0.948252339,0,0,0,0,CPI_v12_M_v01_A
ECA,SVK,Slovak Republic,2012,EU-SILC,2012,National,1,0.88778172,0.982447294,1.036061029,1.036061029,0.982447294,0.88778172,14-Dec-25,2,1,N,,,,,2,2012,1.036061029,0.982447294,0,0,0,0,CPI_v12_M_v01_A
ECA,SVK,Slovak Republic,2013,EU-SILC,2013,National,1,0.90021486,0.9962062,1.050570781,1.050570781,0.9962062,0.90021486,14-Dec-25,2,1,N,,,,,2,2013,1.050570781,0.9962062,0,0,0,0,CPI_v12_M_v01_A
ECA,SVK,Slovak Republic,2014,EU-SILC,2014,National,1,0.899529212,0.995447439,1.049770614,1.049770614,0.995447439,0.899529212,14-Dec-25,2,1,N,,,,,2,2014,1.049770614,0.995447439,0,0,0,0,CPI_v12_M_v01_A
ECA,SVK,Slovak Republic,2015,EU-SILC,2015,National,1,0.896603741,0.992210021,1.046356524,1.046356524,0.992210021,0.896603741,14-Dec-25,2,1,N,,,,,2,2015,1.046356524,0.992210021,0,0,0,0,CPI_v12_M_v01_A
ECA,SVK,Slovak Republic,2016,EU-SILC,2016,National,1,0.891941345,0.987050466,1.040915404,1.040915404,0.987050466,0.891941345,14-Dec-25,2,1,N,,,,,2,2016,1.040915404,0.987050466,0,0,0,0,CPI_v12_M_v01_A
ECA,SVK,Slovak Republic,2017,EU-SILC,2017,National,1,0.903643102,1,1.054571615,1.054571615,1,0.903643102,14-Dec-25,2,1,N,,,,,2,2017,1.054571615,1,0,0,0,0,CPI_v12_M_v01_A
ECA,SVK,Slovak Republic,2018,EU-SILC,2018,National,1,0.92636103,1.025140377,1.081083942,1.081083942,1.025140377,0.92636103,14-Dec-25,2,1,N,,,,,2,2018,1.081083942,1.025140377,0,0,0,0,CPI_v12_M_v01_A
ECA,SVK,Slovak Republic,2019,EU-SILC,2019,National,1,0.951044495,1.052455879,1.109890096,1.109890096,1.052455879,0.951044495,14-Dec-25,2,1,N,,,,,2,2019,1.109890096,1.052455879,0,0,0,0,CPI_v12_M_v01_A
ECA,SVK,Slovak Republic,2020,EU-SILC,2020,National,1,0.969465656,1.072841317,1.131388001,1.131388001,1.072841317,0.969465656,14-Dec-25,2,1,N,,,,,2,2020,1.131388001,1.072841317,0,0,0,0,CPI_v12_M_v01_A
ECA,SVK,Slovak Republic,2021,EU-SILC,2021,National,1,1,1.106631587,1.16702226,1.16702226,1.106631587,1,14-Dec-25,2,1,N,,,,,2,2021,1.16702226,1.106631587,0,0,0,0,CPI_v12_M_v01_A
ECA,SVK,Slovak Republic,2022,EU-SILC,2022,National,1,1.127741461,1.247994323,1.316099388,1.316099388,1.247994323,1.127741461,14-Dec-25,2,1,N,,,,,2,,,,1,1,1,1,CPI_v12_M_v01_A
ECA,SVN,Slovenia,1987,IES,1987,National,1,0.000122199,0.000128702,0.000135781,0.032538603,0.030842248,0.029283801,14-Dec-25,0,0.004172926,N,,,,,2,1987,0.032538603,0.030842248,0,0,0,0,CPI_v12_M_v01_A
ECA,SVN,Slovenia,1993,IES,1993,National,1,0.00120398,0.001268054,0.001337798,0.320589998,0.303876487,0.288521724,14-Dec-25,0,0.004172926,N,,,,,2,1993,0.320589998,0.303876487,0,0,0,0,CPI_v12_M_v01_A
ECA,SVN,Slovenia,1997,HBS-LIS,1997,National,1,0.471537321,0.496631944,0.523947197,125.5587064,119.0128791,112.9992036,14-Dec-25,1,0.004172926,N,,,,,2,1997,125.5587064,119.0128791,0,0,0,0,CPI_v12_M_v01_A
ECA,SVN,Slovenia,1998,HBS,1998,National,1,0.002122966,0.002235948,0.002358927,0.565293291,0.535822517,0.508747609,14-Dec-25,2,0.004172926,N,,,,,2,1998,0.565293291,0.535822517,0,0,0,0,CPI_v12_M_v01_A
ECA,SVN,Slovenia,1999,HBS-LIS,1999,National,1,0.540063491,0.568804991,0.600089834,143.8055278,136.3084281,129.4208151,14-Dec-25,1,0.004172926,N,,,,,2,1999,143.8055278,136.3084281,0,0,0,0,CPI_v12_M_v01_A
ECA,SVN,Slovenia,2002,HBS,2002,National,1,0.685169706,0.721633576,0.761324144,182.4437179,172.9322702,164.1940684,14-Dec-25,2,0.004172926,N,,,,,2,2002,182.4437179,172.9322702,0,0,0,0,CPI_v12_M_v01_A
ECA,SVN,Slovenia,2003,HBS,2003,National,1,0.723156658,0.761642146,0.803533225,192.5587021,182.5199239,173.2972616,14-Dec-25,2,0.004172926,N,,,,,2,2003,192.5587021,182.5199239,0,0,0,0,CPI_v12_M_v01_A
ECA,SVN,Slovenia,2004,EU-SILC,2004,National,1,0.749139502,0.789007764,0.83240398,199.4772897,189.0778206,179.5237903,14-Dec-25,3,0.004172926,N,,,,,2,2004,199.4772897,189.0778206,0,0,0,0,CPI_v12_M_v01_A
ECA,SVN,Slovenia,2005,EU-SILC,2005,National,1,0.767504614,0.808350244,0.852810315,204.3674639,193.7130525,183.9248057,14-Dec-25,3,0.004172926,N,,,,,2,2005,204.3674639,193.7130525,0,0,0,0,CPI_v12_M_v01_A
ECA,SVN,Slovenia,2006,EU-SILC,2006,National,1,0.786369301,0.828218886,0.873771752,209.3906628,198.4743738,188.4455393,14-Dec-25,3,0.004172926,N,,,,,2,2006,209.3906628,198.4743738,0,0,0,0,CPI_v12_M_v01_A
ECA,SVN,Slovenia,2007,EU-SILC,2007,National,1,0.815130734,0.858510966,0.905729927,0.905729927,0.858510966,0.815130734,14-Dec-25,3,1,N,,,,,2,2007,0.905729927,0.858510966,0,0,0,0,CPI_v12_M_v01_A
ECA,SVN,Slovenia,2008,EU-SILC,2008,National,1,0.861164647,0.906994746,0.956880363,0.956880363,0.906994746,0.861164647,14-Dec-25,3,1,N,,,,,2,2008,0.956880363,0.906994746,0,0,0,0,CPI_v12_M_v01_A
ECA,SVN,Slovenia,2009,EU-SILC,2009,National,1,0.868392067,0.9146068,0.964911088,0.964911088,0.9146068,0.868392067,14-Dec-25,3,1,N,,,,,2,2009,0.964911088,0.9146068,0,0,0,0,CPI_v12_M_v01_A
ECA,SVN,Slovenia,2010,EU-SILC,2010,National,1,0.884033289,0.931080428,0.982290782,0.982290782,0.931080428,0.884033289,14-Dec-25,3,1,N,,,,,2,2010,0.982290782,0.931080428,0,0,0,0,CPI_v12_M_v01_A
ECA,SVN,Slovenia,2011,EU-SILC,2011,National,1,0.899971072,0.947866401,1,1,0.947866401,0.899971072,14-Dec-25,3,1,N,,,,,2,2011,1,0.947866401,0,0,0,0,CPI_v12_M_v01_A
ECA,SVN,Slovenia,2012,EU-SILC,2012,National,1,0.923347046,0.972486414,1.025974139,1.025974139,0.972486414,0.923347046,14-Dec-25,3,1,N,,,,,2,2012,1.025974139,0.972486414,0,0,0,0,CPI_v12_M_v01_A
ECA,SVN,Slovenia,2013,EU-SILC,2013,National,1,0.939682966,0.989691711,1.044125744,1.044125744,0.989691711,0.939682966,14-Dec-25,3,1,N,,,,,2,2013,1.044125744,0.989691711,0,0,0,0,CPI_v12_M_v01_A
ECA,SVN,Slovenia,2014,EU-SILC,2014,National,1,0.941556154,0.991664588,1.046207132,1.046207132,0.991664588,0.941556154,14-Dec-25,3,1,N,,,,,2,2014,1.046207132,0.991664588,0,0,0,0,CPI_v12_M_v01_A
ECA,SVN,Slovenia,2015,EU-SILC,2015,National,1,0.936607748,0.986452834,1.040708725,1.040708725,0.986452834,0.936607748,14-Dec-25,3,1,N,,,,,2,2015,1.040708725,0.986452834,0,0,0,0,CPI_v12_M_v01_A
ECA,SVN,Slovenia,2016,EU-SILC,2016,National,1,0.936092659,0.985910333,1.040136387,1.040136387,0.985910333,0.936092659,14-Dec-25,3,1,N,,,,,2,2016,1.040136387,0.985910333,0,0,0,0,CPI_v12_M_v01_A
ECA,SVN,Slovenia,2017,EU-SILC,2017,National,1,0.949470381,1,1.055000999,1.055000999,1,0.949470381,14-Dec-25,3,1,N,,,,,2,2017,1.055000999,1,0,0,0,0,CPI_v12_M_v01_A
ECA,SVN,Slovenia,2018,EU-SILC,2018,National,1,0.965977951,1.017386083,1.073343334,1.073343334,1.017386083,0.965977951,14-Dec-25,3,1,N,,,,,2,2018,1.073343334,1.017386083,0,0,0,0,CPI_v12_M_v01_A
ECA,SVN,Slovenia,2019,EU-SILC,2019,National,1,0.981728436,1.033974789,1.090844436,1.090844436,1.033974789,0.981728436,14-Dec-25,3,1,N,,,,,2,2019,1.090844436,1.033974789,0,0,0,0,CPI_v12_M_v01_A
ECA,SVN,Slovenia,2020,EU-SILC,2020,National,1,0.981189944,1.033407639,1.090246092,1.090246092,1.033407639,0.981189944,14-Dec-25,3,1,N,,,,,2,2020,1.090246092,1.033407639,0,0,0,0,CPI_v12_M_v01_A
ECA,SVN,Slovenia,2021,EU-SILC,2021,National,1,1,1.053218742,1.111146826,1.111146826,1.053218742,1,14-Dec-25,3,1,N,,,,,2,2021,1.111146826,1.053218742,0,0,0,0,CPI_v12_M_v01_A
ECA,SVN,Slovenia,2022,EU-SILC,2022,National,1,1.088336962,1.146256886,1.20930216,1.20930216,1.146256886,1.088336962,14-Dec-25,3,1,N,,,,,2,,,,1,1,1,1,CPI_v12_M_v01_A
ECA,SWE,Sweden,1975,HIS-LIS,1975,National,1,0.176859335,0.188434145,0.19489571,0.19489571,0.188434145,0.176859335,14-Dec-25,1,1,N,,,,,2,1975,0.19489571,0.188434145,0,0,0,0,CPI_v12_M_v01_A
ECA,SWE,Sweden,1981,HIS-LIS,1981,National,1,0.326637146,0.348014377,0.359948083,0.359948083,0.348014377,0.326637146,14-Dec-25,1,1,N,,,,,2,1981,0.359948083,0.348014377,0,0,0,0,CPI_v12_M_v01_A
ECA,SWE,Sweden,1987,HIS-LIS,1987,National,1,0.486524682,0.51836598,0.536141185,0.536141185,0.51836598,0.486524682,14-Dec-25,1,1,N,,,,,2,1987,0.536141185,0.51836598,0,0,0,0,CPI_v12_M_v01_A
ECA,SWE,Sweden,1992,HIS-LIS,1992,National,1,0.677694736,0.722047429,0.746807042,0.746807042,0.722047429,0.677694736,14-Dec-25,1,1,N,,,,,2,1992,0.746807042,0.722047429,0,0,0,0,CPI_v12_M_v01_A
ECA,SWE,Sweden,1995,HIS-LIS,1995,National,1,0.742855592,0.79147283,0.818613099,0.818613099,0.79147283,0.742855592,14-Dec-25,1,1,N,,,,,2,1995,0.818613099,0.79147283,0,0,0,0,CPI_v12_M_v01_A
ECA,SWE,Sweden,2000,HIS-LIS,2000,National,1,0.759962296,0.809699106,0.837464369,0.837464369,0.809699106,0.759962296,14-Dec-25,1,1,N,,,,,2,2000,0.837464369,0.809699106,0,0,0,0,CPI_v12_M_v01_A
ECA,SWE,Sweden,2001,HIS-LIS,2001,National,1,0.778246681,0.829180139,0.857613422,0.857613422,0.829180139,0.778246681,14-Dec-25,1,1,N,,,,,2,2001,0.857613422,0.829180139,0,0,0,0,CPI_v12_M_v01_A
ECA,SWE,Sweden,2002,HIS-LIS,2002,National,1,0.795045011,0.84707786,0.876124871,0.876124871,0.84707786,0.795045011,14-Dec-25,1,1,N,,,,,2,2002,0.876124871,0.84707786,0,0,0,0,CPI_v12_M_v01_A
ECA,SWE,Sweden,2003,EU-SILC,2003,National,1,0.810354799,0.863389618,0.892995974,0.892995974,0.863389618,0.810354799,14-Dec-25,2,1,N,,,,,2,2003,0.892995974,0.863389618,0,0,0,0,CPI_v12_M_v01_A
ECA,SWE,Sweden,2004,EU-SILC,2004,National,1,0.813382786,0.866615776,0.896332759,0.896332759,0.866615776,0.813382786,14-Dec-25,2,1,N,,,,,2,2004,0.896332759,0.866615776,0,0,0,0,CPI_v12_M_v01_A
ECA,SWE,Sweden,2005,EU-SILC,2005,National,1,0.817068806,0.870543033,0.900394685,0.900394685,0.870543033,0.817068806,14-Dec-25,2,1,N,,,,,2,2005,0.900394685,0.870543033,0,0,0,0,CPI_v12_M_v01_A
ECA,SWE,Sweden,2006,EU-SILC,2006,National,1,0.828182676,0.882384266,0.912641964,0.912641964,0.882384266,0.828182676,14-Dec-25,2,1,N,,,,,2,2006,0.912641964,0.882384266,0,0,0,0,CPI_v12_M_v01_A
ECA,SWE,Sweden,2007,EU-SILC,2007,National,1,0.846503506,0.901904129,0.932831179,0.932831179,0.901904129,0.846503506,14-Dec-25,2,1,N,,,,,2,2007,0.932831179,0.901904129,0,0,0,0,CPI_v12_M_v01_A
ECA,SWE,Sweden,2008,EU-SILC,2008,National,1,0.875598229,0.932902997,0.964893025,0.964893025,0.932902997,0.875598229,14-Dec-25,2,1,N,,,,,2,2008,0.964893025,0.932902997,0,0,0,0,CPI_v12_M_v01_A
ECA,SWE,Sweden,2009,EU-SILC,2009,National,1,0.871268768,0.928290189,0.960122039,0.960122039,0.928290189,0.871268768,14-Dec-25,2,1,N,,,,,2,2009,0.960122039,0.928290189,0,0,0,0,CPI_v12_M_v01_A
ECA,SWE,Sweden,2010,EU-SILC,2010,National,1,0.881357934,0.939039654,0.971240113,0.971240113,0.939039654,0.881357934,14-Dec-25,2,1,N,,,,,2,2010,0.971240113,0.939039654,0,0,0,0,CPI_v12_M_v01_A
ECA,SWE,Sweden,2011,EU-SILC,2011,National,1,0.907456274,0.966846037,1,1,0.966846037,0.907456274,14-Dec-25,2,1,N,,,,,2,2011,1,0.966846037,0,0,0,0,CPI_v12_M_v01_A
ECA,SWE,Sweden,2012,EU-SILC,2012,National,1,0.915517883,0.975435249,1.008883744,1.008883744,0.975435249,0.915517883,14-Dec-25,2,1,N,,,,,2,2012,1.008883744,0.975435249,0,0,0,0,CPI_v12_M_v01_A
ECA,SWE,Sweden,2013,EU-SILC,2013,National,1,0.915112412,0.975003242,1.008436922,1.008436922,0.975003242,0.915112412,14-Dec-25,2,1,N,,,,,2,2013,1.008436922,0.975003242,0,0,0,0,CPI_v12_M_v01_A
ECA,SWE,Sweden,2014,EU-SILC,2014,National,1,0.913468473,0.973251713,1.006625332,1.006625332,0.973251713,0.913468473,14-Dec-25,2,1,N,,,,,2,2014,1.006625332,0.973251713,0,0,0,0,CPI_v12_M_v01_A
ECA,SWE,Sweden,2015,EU-SILC,2015,National,1,0.913041148,0.972796421,1.006154428,1.006154428,0.972796421,0.913041148,14-Dec-25,2,1,N,,,,,2,2015,1.006154428,0.972796421,0,0,0,0,CPI_v12_M_v01_A
ECA,SWE,Sweden,2016,EU-SILC,2016,National,1,0.922027944,0.98237137,1.01605771,1.01605771,0.98237137,0.922027944,14-Dec-25,2,1,N,,,,,2,2016,1.01605771,0.98237137,0,0,0,0,CPI_v12_M_v01_A
ECA,SWE,Sweden,2017,EU-SILC,2017,National,1,0.938573712,1,1.03429084,1.03429084,1,0.938573712,14-Dec-25,2,1,N,,,,,2,2017,1.03429084,1,0,0,0,0,CPI_v12_M_v01_A
ECA,SWE,Sweden,2018,EU-SILC,2018,National,1,0.956909066,1.019535338,1.054496061,1.054496061,1.019535338,0.956909066,14-Dec-25,2,1,N,,,,,2,2018,1.054496061,1.019535338,0,0,0,0,CPI_v12_M_v01_A
ECA,SWE,Sweden,2019,EU-SILC,2019,National,1,0.973981745,1.037725362,1.073309837,1.073309837,1.037725362,0.973981745,14-Dec-25,2,1,N,,,,,2,2019,1.073309837,1.037725362,0,0,0,0,CPI_v12_M_v01_A
ECA,SWE,Sweden,2020,EU-SILC,2020,National,1,0.978826013,1.04288667,1.07864813,1.07864813,1.04288667,0.978826013,14-Dec-25,2,1,N,,,,,2,2020,1.07864813,1.04288667,0,0,0,0,CPI_v12_M_v01_A
ECA,SWE,Sweden,2021,EU-SILC,2021,National,1,1,1.065446419,1.101981472,1.101981472,1.065446419,1,14-Dec-25,2,1,N,,,,,2,2021,1.101981472,1.065446419,0,0,0,0,CPI_v12_M_v01_A
ECA,SWE,Sweden,2022,EU-SILC,2022,National,1,1.083692895,1.154616713,1.194209491,1.194209491,1.154616713,1.083692895,14-Dec-25,2,1,N,,,,,2,,,,1,1,1,1,CPI_v12_M_v01_A
SSA,SWZ,Eswatini,1994,HIES,1994.83,National,1,0.187309591,0.217009065,0.317265186,0.317265186,0.217009065,0.187309591,14-Dec-25,0,1,N,,,,,2,1994.83,0.317265186,0.217009065,0,0,0,0,CPI_v12_M_v01_A
SSA,SWZ,Eswatini,2000,HIES,2000.92,National,1,0.295344918,0.342174279,0.500255539,0.500255539,0.342174279,0.295344918,14-Dec-25,1,1,N,,,,,2,2000.92,0.500255539,0.342174279,0,0,0,0,CPI_v12_M_v01_A
SSA,SWZ,Eswatini,2009,HIES,2009.25,National,1,0.538400668,0.623768513,0.911943628,0.911943628,0.623768513,0.538400668,14-Dec-25,1,1,N,,,,,2,2009.25,0.911943628,0.623768513,0,0,0,0,CPI_v12_M_v01_A
SSA,SWZ,Eswatini,2016,HIES,2016.17,National,1,0.821181806,0.951386922,1.390918622,1.390918622,0.951386922,0.821181806,14-Dec-25,1,1,N,,,,,2,2016.17,1.390918622,0.951386922,0,0,0,0,CPI_v12_M_v01_A
SSA,SYC,Seychelles,1999,HES,1999.62,National,1,0.318818732,0.373925342,0.448795873,0.448795873,0.373925342,0.318818732,14-Dec-25,0,1,N,,,,,2,1999.62,0.448795873,0.373925342,0,0,0,0,CPI_v12_M_v01_A
SSA,SYC,Seychelles,2006,HBS,2006.43,National,1,0.38196851,0.44799032,0.537690775,0.537690775,0.44799032,0.38196851,14-Dec-25,1,1,N,,,,,2,2006.43,0.537690775,0.44799032,0,0,0,0,CPI_v12_M_v01_A
SSA,SYC,Seychelles,2013,HBS,2013,National,1,0.793913003,0.931137859,1.117578248,1.117578248,0.931137859,0.793913003,14-Dec-25,2,1,N,,,,,2,2013,1.117578248,0.931137859,0,0,0,0,CPI_v12_M_v01_A
SSA,SYC,Seychelles,2018,HBS,2018.08,National,1,0.885477036,1.038528388,1.246471427,1.246471427,1.038528388,0.885477036,14-Dec-25,2,1,N,,,,,2,2018.08,1.246737946,1.038750445,1,0,1,0,CPI_v12_M_v01_A
MNA,SYR,Syrian Arab Republic,1996,HIES,1996.75,National,1,0.014885053,0.079886553,0.596961411,0.596961411,0.079886553,0.014885053,14-Dec-25,0,1,N,,,,,2,1996.75,0.596961411,0.079886553,0,0,0,0,CPI_v12_M_v01_A
MNA,SYR,Syrian Arab Republic,2003,HIES,2003.5,National,1,0.015280209,0.082007316,0.61280906,0.61280906,0.082007316,0.015280209,14-Dec-25,0,1,N,,,,,2,2003.5,0.61280906,0.082007316,0,0,0,0,CPI_v12_M_v01_A
MNA,SYR,Syrian Arab Republic,2007,HIES,2006.83,National,1,0.019017557,0.102065279,0.762694484,0.762694484,0.102065279,0.019017557,14-Dec-25,1,1,N,,,,,2,2006.83,0.762694484,0.102065279,0,0,0,0,CPI_v12_M_v01_A
MNA,SYR,Syrian Arab Republic,2009,HIES,2009,National,1,0.02280065,0.122368747,0.914414473,0.914414473,0.122368747,0.02280065,14-Dec-25,1,1,N,,,,,2,2009,0.914414473,0.122368747,0,0,0,0,CPI_v12_M_v01_A
MNA,SYR,Syrian Arab Republic,2022,HNAP,2022,National,1,2.024136396,10.86333234,81.17749485,81.17749485,10.86333234,2.024136396,14-Dec-25,2,1,N,,,,,2,2022,81.17749485,10.86333234,0,0,0,0,CPI_v12_M_v01_A
SSA,TCD,Chad,2003,ECOSIT-II,2003,National,1,0.687514739,0.735896436,0.822100612,0.822100612,0.735896436,0.687514739,14-Dec-25,0,1,N,,,,,2,2003,0.822100612,0.735896436,0,0,0,0,CPI_v12_M_v01_A
SSA,TCD,Chad,2011,ECOSIT-III,2011,National,1,0.836290265,0.895141573,1,1,0.895141573,0.836290265,14-Dec-25,0,1,N,,,,,2,2011,1,0.895141573,0,0,0,0,CPI_v12_M_v01_A
SSA,TCD,Chad,2018,EHCVM,2018.5,National,1,0.96945633,1.037678783,1.159234264,1.159234264,1.037678783,0.96945633,14-Dec-25,1,1,N,,,,,2,2018.5,1.159234264,1.037678783,0,0,0,0,CPI_v12_M_v01_A
SSA,TCD,Chad,2022,EHCVM,2022,National,1,1.005192442,1.075929712,1.201965973,1.201965973,1.075929712,1.005192442,14-Dec-25,1,1,N,,,,,2,2022,1.201965973,1.075929712,0,0,0,0,CPI_v12_M_v01_A
SSA,TGO,Togo,2006,QUIBB,2006,National,1,0.721583662,0.776865113,0.836423479,0.836423479,0.776865113,0.721583662,14-Dec-25,0,1,N,,,,,2,2006,0.836423479,0.776865113,0,0,0,0,CPI_v12_M_v01_A
SSA,TGO,Togo,2011,QUIBB,2011,National,1,0.862701347,0.928794004,1,1,0.928794004,0.862701347,14-Dec-25,0,1,N,,,,,2,2011,1,0.928794004,0,0,0,0,CPI_v12_M_v01_A
SSA,TGO,Togo,2015,QUIBB,2015,National,1,0.926145844,0.997099066,1.07354167,1.07354167,0.997099066,0.926145844,14-Dec-25,0,1,N,,,,,2,2015,1.07354167,0.997099066,0,0,0,0,CPI_v12_M_v01_A
SSA,TGO,Togo,2018,EHCVM,2018.43,National,1,0.926067783,0.997015024,1.073451185,1.073451185,0.997015024,0.926067783,14-Dec-25,1,1,N,,,,,2,2018.43,1.073451185,0.997015024,0,0,0,0,CPI_v12_M_v01_A
SSA,TGO,Togo,2021,EHCVM,2021.63,National,1,1.013192537,1.090814517,1.174441816,1.174441816,1.090814517,1.013192537,14-Dec-25,1,1,N,,,,,2,2021.63,1.174441816,1.090814517,0,0,0,0,CPI_v12_M_v01_A
EAP,THA,Thailand,1981,SES,1981,National,1,0.320950084,0.327878904,0.351498145,0.351498145,0.327878904,0.320950084,14-Dec-25,0,1,N,,,,,2,1981,0.351498145,0.327878904,0,0,0,0,CPI_v12_M_v01_A
EAP,THA,Thailand,1988,SES,1988,National,1,0.392399564,0.400870869,0.429748194,0.429748194,0.400870869,0.392399564,14-Dec-25,0,1,N,,,,,2,1988,0.429748194,0.400870869,0,0,0,0,CPI_v12_M_v01_A
EAP,THA,Thailand,1990,SES,1990,National,1,0.437656994,0.447105337,0.47931323,0.47931323,0.447105337,0.437656994,14-Dec-25,1,1,N,,,,,2,1990,0.47931323,0.447105337,0,0,0,0,CPI_v12_M_v01_A
EAP,THA,Thailand,1992,SES,1992,National,1,0.481796179,0.49219742,0.527653588,0.527653588,0.49219742,0.481796179,14-Dec-25,1,1,N,,,,,2,1992,0.527653588,0.49219742,0,0,0,0,CPI_v12_M_v01_A
EAP,THA,Thailand,1994,SES,1994,National,1,0.522879562,0.53416773,0.572647292,0.572647292,0.53416773,0.522879562,14-Dec-25,1,1,N,,,,,2,1994,0.572647292,0.53416773,0,0,0,0,CPI_v12_M_v01_A
EAP,THA,Thailand,1996,SES,1996,National,1,0.585421374,0.598059724,0.64114184,0.64114184,0.598059724,0.585421374,14-Dec-25,1,1,N,,,,,2,1996,0.64114184,0.598059724,0,0,0,0,CPI_v12_M_v01_A
EAP,THA,Thailand,1998,SES,1998,National,1,0.667791946,0.68220855,0.731352451,0.731352451,0.68220855,0.667791946,14-Dec-25,1,1,N,,,,,2,1998,0.731352451,0.68220855,0,0,0,0,CPI_v12_M_v01_A
EAP,THA,Thailand,1999,SES,1999,National,1,0.6696933,0.684150951,0.733434776,0.733434776,0.684150951,0.6696933,14-Dec-25,1,1,N,,,,,2,1999,0.733434776,0.684150951,0,0,0,0,CPI_v12_M_v01_A
EAP,THA,Thailand,2000,SES,2000,National,1,0.680354585,0.695042397,0.745110803,0.745110803,0.695042397,0.680354585,14-Dec-25,2,1,N,,,,,2,2000,0.745110803,0.695042397,0,0,0,0,CPI_v12_M_v01_A
EAP,THA,Thailand,2002,SES,2002,National,1,0.696244677,0.711275532,0.762513315,0.762513315,0.711275532,0.696244677,14-Dec-25,2,1,N,,,,,2,2002,0.762513315,0.711275532,0,0,0,0,CPI_v12_M_v01_A
EAP,THA,Thailand,2004,SES,2004,National,1,0.728364424,0.744088695,0.797690224,0.797690224,0.744088695,0.728364424,14-Dec-25,2,1,N,,,,,2,2004,0.797690224,0.744088695,0,0,0,0,CPI_v12_M_v01_A
EAP,THA,Thailand,2006,SES,2006,National,1,0.796746258,0.813946787,0.872580647,0.872580647,0.813946787,0.796746258,14-Dec-25,2,1,N,,,,,2,2006,0.872580647,0.813946787,0,0,0,0,CPI_v12_M_v01_A
EAP,THA,Thailand,2007,SES,2007,National,1,0.814605616,0.832191702,0.892139861,0.892139861,0.832191702,0.814605616,14-Dec-25,2,1,N,,,,,2,2007,0.892139861,0.832191702,0,0,0,0,CPI_v12_M_v01_A
EAP,THA,Thailand,2008,SES,2008,National,1,0.859152244,0.877700024,0.940926442,0.940926442,0.877700024,0.859152244,14-Dec-25,2,1,N,,,,,2,2008,0.940926442,0.877700024,0,0,0,0,CPI_v12_M_v01_A
EAP,THA,Thailand,2009,SES,2009,National,1,0.851658026,0.870044016,0.932718923,0.932718923,0.870044016,0.851658026,14-Dec-25,2,1,N,,,,,2,2009,0.932718923,0.870044016,0,0,0,0,CPI_v12_M_v01_A
EAP,THA,Thailand,2010,SES,2010,National,1,0.87959007,0.898579071,0.963309542,0.963309542,0.898579071,0.87959007,14-Dec-25,2,1,N,,,,,2,2010,0.963309542,0.898579071,0,0,0,0,CPI_v12_M_v01_A
EAP,THA,Thailand,2011,SES,2011,National,1,0.913091828,0.93280408,1,1,0.93280408,0.913091828,14-Dec-25,2,1,N,,,,,2,2011,1,0.93280408,0,0,0,0,CPI_v12_M_v01_A
EAP,THA,Thailand,2012,SES,2012,National,1,0.940620624,0.960927181,1.03014899,1.03014899,0.960927181,0.940620624,14-Dec-25,2,1,N,,,,,2,2012,1.03014899,0.960927181,0,0,0,0,CPI_v12_M_v01_A
EAP,THA,Thailand,2013,SES,2013,National,1,0.96117213,0.981922362,1.05265659,1.05265659,0.981922362,0.96117213,14-Dec-25,2,1,N,,,,,2,2013,1.05265659,0.981922362,0,0,0,0,CPI_v12_M_v01_A
EAP,THA,Thailand,2014,SES,2014,National,1,0.979387695,1.000531173,1.072605914,1.072605914,1.000531173,0.979387695,14-Dec-25,3,1,N,,,,,2,2014,1.072605914,1.000531173,0,0,0,0,CPI_v12_M_v01_A
EAP,THA,Thailand,2015,SES,2015,National,1,0.970569045,0.991522142,1.062947904,1.062947904,0.991522142,0.970569045,14-Dec-25,3,1,N,,,,,2,2015,1.062947904,0.991522142,0,0,0,0,CPI_v12_M_v01_A
EAP,THA,Thailand,2016,SES,2016,National,1,0.972395171,0.993387691,1.064947842,1.064947842,0.993387691,0.972395171,14-Dec-25,3,1,N,,,,,2,2016,1.064947842,0.993387691,0,0,0,0,CPI_v12_M_v01_A
EAP,THA,Thailand,2017,SES,2017,National,1,0.978867747,1,1.072036477,1.072036477,1,0.978867747,14-Dec-25,3,1,N,,,,,2,2017,1.072036477,1,0,0,0,0,CPI_v12_M_v01_A
EAP,THA,Thailand,2018,SES,2018,National,1,0.989281875,1.010638954,1.083441824,1.083441824,1.010638954,0.989281875,14-Dec-25,3,1,N,,,,,2,2018,1.083441824,1.010638954,0,0,0,0,CPI_v12_M_v01_A
EAP,THA,Thailand,2019,SES,2019,National,1,0.996273392,1.017781407,1.091098794,1.091098794,1.017781407,0.996273392,14-Dec-25,3,1,N,,,,,2,2019,1.091098794,1.017781407,0,0,0,0,CPI_v12_M_v01_A
EAP,THA,Thailand,2020,SES,2020,National,1,0.987845575,1.009171646,1.081868817,1.081868817,1.009171646,0.987845575,14-Dec-25,3,1,N,,,,,2,2020,1.081868817,1.009171646,0,0,0,0,CPI_v12_M_v01_A
EAP,THA,Thailand,2021,SES,2021,National,1,1,1.021588466,1.095180101,1.095180101,1.021588466,1,14-Dec-25,3,1,N,,,,,2,2021,1.095180101,1.021588466,0,0,0,0,CPI_v12_M_v01_A
EAP,THA,Thailand,2022,SES,2022,National,1,1.060774069,1.083674554,1.161738652,1.161738652,1.083674554,1.060774069,14-Dec-25,3,1,N,,,,,2,,,,1,1,1,1,CPI_v12_M_v01_A
EAP,THA,Thailand,2023,SES,2023,National,1,1.073800688,1.096982399,1.176005146,1.176005146,1.096982399,1.073800688,14-Dec-25,3,1,N,,,,,2,,,,1,1,1,1,CPI_v12_M_v01_A
,TJK,Tajikistan,1999,TLSS,1999,National,1,,,,0.108455241,0.076514587,0.057817455,14-Dec-25,0,1,N,-9,,0,,2,1999,0.108455248,0.076484494,1,0,0,0,CPI_v12_M_v01_A
,TJK,Tajikistan,2003,TLSS,2003,National,1,,,,0.260694534,0.18391858,0.138976172,14-Dec-25,0,1,N,-9,,0,,2,2003,0.260694534,0.18384625,1,0,0,0,CPI_v12_M_v01_A
,TJK,Tajikistan,2004,HBS,2004,National,1,,,,0.279313236,0.197053999,0.148901805,14-Dec-25,1,1,N,-9,,1,,2,2004,0.279313266,0.196976498,1,0,0,0,CPI_v12_M_v01_A
,TJK,Tajikistan,2007,TLSS,2007,National,1,,,,0.651577294,0.459684283,0.347355664,14-Dec-25,0,1,N,-9,,0,,2,2007,0.651577353,0.459503502,1,0,0,0,CPI_v12_M_v01_A
,TJK,Tajikistan,2009,TLSS,2009,National,1,,,,0.835574687,0.589493454,0.445444614,14-Dec-25,0,1,N,-9,,0,,2,2009,0.835574687,0.589261591,1,0,0,0,CPI_v12_M_v01_A
,TJK,Tajikistan,2015,HSITAFIEN,2015,National,1,,,,1.246554017,0.879437149,0.664537549,14-Dec-25,0,1,N,-9,,0,,2,2015,1.246554017,0.879091203,1,0,0,0,CPI_v12_M_v01_A
,TJK,Tajikistan,2021,HBS,2021,National,1,,,,1.87582171,1.323382139,1,14-Dec-25,2,1,N,1,,2,,2,,,,1,1,1,1,CPI_v12_M_v01_A
,TJK,Tajikistan,2022,HBS,2022,National,1,,,,1.999473929,1.410618067,1.065918922,14-Dec-25,2,1,N,1,,2,,2,,,,1,1,1,1,CPI_v12_M_v01_A
,TJK,Tajikistan,2023,HBS,2023,National,1,,,,2.069862127,1.460276604,1.103442907,14-Dec-25,2,1,N,1,,2,,2,,,,1,1,1,1,CPI_v12_M_v01_A
ECA,TKM,Turkmenistan,1998,LSMS,1998,National,1,0.163668927,0.247042672,0.354137732,1770.688662,1235.213358,818.3446339,14-Dec-25,0,0.0002,N,,,,,2,1998,1770.688662,1234.603621,1,0,0,0,CPI_v12_M_v01_A
EAP,TLS,Timor-Leste,2001,TLSS,2001,National,1,0.419392683,0.451370258,0.563055933,0.563055933,0.451370258,0.419392683,14-Dec-25,0,1,N,,,,,2,2001,0.563055933,0.451370258,0,0,0,0,CPI_v12_M_v01_A
EAP,TLS,Timor-Leste,2007,TLSLS,2007,National,1,0.559835101,0.602521037,0.751606998,0.751606998,0.602521037,0.559835101,14-Dec-25,0,1,N,,,,,2,2007,0.751606998,0.602521037,0,0,0,0,CPI_v12_M_v01_A
EAP,TLS,Timor-Leste,2014,TLSLS,2014,National,1,0.932086556,1.003155674,1.251373444,1.251373444,1.003155674,0.932086556,14-Dec-25,0,1,N,,,,,2,2014,1.251373444,1.003155674,0,0,0,0,CPI_v12_M_v01_A
EAP,TON,Tonga,2000,HIES,2000.75,National,1,0.373728102,0.418099304,0.476750066,0.476750066,0.418099304,0.373728102,14-Dec-25,0,1,N,,,,,2,2000.75,0.476750066,0.418099304,0,0,0,0,CPI_v12_M_v01_A
EAP,TON,Tonga,2009,HIES,2009,National,1,0.712466452,0.797054666,0.908865097,0.908865097,0.797054666,0.712466452,14-Dec-25,1,1,N,,,,,2,2009,0.908865097,0.797054666,0,0,0,0,CPI_v12_M_v01_A
EAP,TON,Tonga,2015,HIES,2015,National,1,0.810483237,0.906708581,1.033901208,1.033901208,0.906708581,0.810483237,14-Dec-25,1,1,N,,,,,2,2015,1.033901208,0.906708581,0,0,0,0,CPI_v12_M_v01_A
EAP,TON,Tonga,2021,HIES,2021,National,1,1,1.11872589,1.2756602,1.2756602,1.11872589,1,14-Dec-25,2,1,N,,,,,2,2021,1.2756602,1.11872589,0,0,0,0,CPI_v12_M_v01_A
LAC,TTO,Trinidad and Tobago,1988,SLC,1988,National,1,0.165199455,0.173053113,0.231035708,0.231035708,0.173053113,0.165199455,14-Dec-25,0,1,N,,,,,2,1988,0.231035708,0.173053113,0,0,0,0,CPI_v12_M_v01_A
LAC,TTO,Trinidad and Tobago,1992,PHC,1992,National,1,0.225966519,0.236709071,0.316020017,0.316020017,0.236709071,0.225966519,14-Dec-25,1,1,N,,,,,2,1992,0.316020017,0.236709071,0,0,0,0,CPI_v12_M_v01_A
MNA,TUN,Tunisia,1985,HBCS,1985,National,1,0.194314483,0.248477546,0.326441132,0.326441132,0.248477546,0.194314483,14-Dec-25,0,1,N,,,,,2,1985,0.326441132,0.248477546,0,0,0,0,CPI_v12_M_v01_A
MNA,TUN,Tunisia,1990,HBCS,1990,National,1,0.274733832,0.35131292,0.46154266,0.46154266,0.35131292,0.274733832,14-Dec-25,0,1,N,,,,,2,1990,0.46154266,0.35131292,0,0,0,0,CPI_v12_M_v01_A
MNA,TUN,Tunisia,1995,LSS,1995,National,1,0.363930171,0.465371773,0.611389203,0.611389203,0.465371773,0.363930171,14-Dec-25,1,1,N,,,,,2,1995,0.611389203,0.465371773,0,0,0,0,CPI_v12_M_v01_A
MNA,TUN,Tunisia,2000,LSS,2000,National,1,0.426630969,0.545549741,0.716724221,0.716724221,0.545549741,0.426630969,14-Dec-25,1,1,N,,,,,2,2000,0.716724221,0.545549741,0,0,0,0,CPI_v12_M_v01_A
MNA,TUN,Tunisia,2005,NSHBCSL,2005.34,National,1,0.490610914,0.627363405,0.824208158,0.824208158,0.627363405,0.490610914,14-Dec-25,2,1,N,,,,,2,2005.34,0.824208158,0.627363405,0,0,0,0,CPI_v12_M_v01_A
MNA,TUN,Tunisia,2010,NSHBCSL,2010.41,National,1,0.584229411,0.747077046,0.981483764,0.981483764,0.747077046,0.584229411,14-Dec-25,2,1,N,,,,,2,2010.41,0.981483764,0.747077046,0,0,0,0,CPI_v12_M_v01_A
MNA,TUN,Tunisia,2015,NSHBCSL,2015.42,National,1,0.727512345,0.930298549,1.222193784,1.222193784,0.930298549,0.727512345,14-Dec-25,2,1,N,,,,,2,2015.42,1.222193784,0.930298549,0,0,0,0,CPI_v12_M_v01_A
MNA,TUN,Tunisia,2021,NSHBCSL,2021.23,National,1,1.013918393,1.296537188,1.703345334,1.703345334,1.296537188,1.013918393,14-Dec-25,2,1,N,,,,,2,2021.23,1.712058405,1.303169326,1,0,1,0,CPI_v12_M_v01_A
ECA,TUR,Türkiye,1987,HICES,1987,National,1,5.15129E-05,9.26827E-05,0.000152309,0.000152309,9.26827E-05,5.15129E-05,14-Dec-25,0,1,N,,,,,2,1987,0.000152309,9.26827E-05,0,0,0,0,CPI_v12_M_v01_A
ECA,TUR,Türkiye,1994,HICES,1994,National,1,0.00218992,0.003940135,0.006474953,0.006474953,0.003940135,0.00218992,14-Dec-25,0,1,N,,,,,2,1994,0.006474953,0.003940135,0,0,0,0,CPI_v12_M_v01_A
ECA,TUR,Türkiye,2002,HICES,2002,National,1,0.14642771,0.263454794,0.432943842,0.432943842,0.263454794,0.14642771,14-Dec-25,1,1,N,,,,,2,2002,0.432943842,0.263454794,0,0,0,0,CPI_v12_M_v01_A
ECA,TUR,Türkiye,2003,HICES,2003,National,1,0.178059669,0.32036746,0.526470279,0.526470279,0.32036746,0.178059669,14-Dec-25,1,1,N,,,,,2,2003,0.526470279,0.32036746,0,0,0,0,CPI_v12_M_v01_A
ECA,TUR,Türkiye,2004,HICES,2004,National,1,0.193369708,0.347913498,0.57173758,0.57173758,0.347913498,0.193369708,14-Dec-25,1,1,N,,,,,2,2004,0.57173758,0.347913498,0,0,0,0,CPI_v12_M_v01_A
ECA,TUR,Türkiye,2005,HICES,2005,National,1,0.209185718,0.376369885,0.618500887,0.618500887,0.376369885,0.209185718,14-Dec-25,1,1,N,,,,,2,2005,0.618500887,0.376369885,0,0,0,0,CPI_v12_M_v01_A
ECA,TUR,Türkiye,2006,HICES,2006,National,1,0.229261782,0.412491021,0.677859926,0.677859926,0.412491021,0.229261782,14-Dec-25,1,1,N,,,,,2,2006,0.677859926,0.412491021,0,0,0,0,CPI_v12_M_v01_A
ECA,TUR,Türkiye,2007,HICES,2007,National,1,0.249336367,0.448609497,0.737214594,0.737214594,0.448609497,0.249336367,14-Dec-25,1,1,N,,,,,2,2007,0.737214594,0.448609497,0,0,0,0,CPI_v12_M_v01_A
ECA,TUR,Türkiye,2008,HICES,2008,National,1,0.275377371,0.495462838,0.814210215,0.814210215,0.495462838,0.275377371,14-Dec-25,1,1,N,,,,,2,2008,0.814210215,0.495462838,0,0,0,0,CPI_v12_M_v01_A
ECA,TUR,Türkiye,2009,HICES,2009,National,1,0.292591135,0.526434083,0.865106271,0.865106271,0.526434083,0.292591135,14-Dec-25,1,1,N,,,,,2,2009,0.865106271,0.526434083,0,0,0,0,CPI_v12_M_v01_A
ECA,TUR,Türkiye,2010,HICES,2010,National,1,0.317655799,0.57153078,0.939215141,0.939215141,0.57153078,0.317655799,14-Dec-25,1,1,N,,,,,2,2010,0.939215141,0.57153078,0,0,0,0,CPI_v12_M_v01_A
ECA,TUR,Türkiye,2011,HICES,2011,National,1,0.338214095,0.608519555,1,1,0.608519555,0.338214095,14-Dec-25,1,1,N,,,,,2,2011,1,0.608519555,0,0,0,0,CPI_v12_M_v01_A
ECA,TUR,Türkiye,2012,HICES,2012,National,1,0.368286652,0.662626521,1.088915739,1.088915739,0.662626521,0.368286652,14-Dec-25,1,1,N,,,,,2,2012,1.088915739,0.662626521,0,0,0,0,CPI_v12_M_v01_A
ECA,TUR,Türkiye,2013,HICES,2013,National,1,0.395882684,0.712277691,1.170509123,1.170509123,0.712277691,0.395882684,14-Dec-25,1,1,N,,,,,2,2013,1.170509123,0.712277691,0,0,0,0,CPI_v12_M_v01_A
ECA,TUR,Türkiye,2014,HICES,2014,National,1,0.430936425,0.775346875,1.274152767,1.274152767,0.775346875,0.430936425,14-Dec-25,1,1,N,,,,,2,2014,1.274152767,0.775346875,0,0,0,0,CPI_v12_M_v01_A
ECA,TUR,Türkiye,2015,HICES,2015,National,1,0.463992918,0.834822581,1.371891132,1.371891132,0.834822581,0.463992918,14-Dec-25,1,1,N,,,,,2,2015,1.371891132,0.834822581,0,0,0,0,CPI_v12_M_v01_A
ECA,TUR,Türkiye,2016,HICES,2016,National,1,0.500068973,0.899731127,1.478557459,1.478557459,0.899731127,0.500068973,14-Dec-25,1,1,N,,,,,2,2016,1.478557459,0.899731127,0,0,0,0,CPI_v12_M_v01_A
ECA,TUR,Türkiye,2017,HICES,2017,National,1,0.555798236,1,1.643332563,1.643332563,1,0.555798236,14-Dec-25,1,1,N,,,,,2,2017,1.643332563,1,0,0,0,0,CPI_v12_M_v01_A
ECA,TUR,Türkiye,2018,HICES,2018,National,1,0.6465738,1.16332467,1.911729312,1.911729312,1.16332467,0.6465738,14-Dec-25,1,1,N,,,,,2,2018,1.911729312,1.16332467,0,0,0,0,CPI_v12_M_v01_A
ECA,TUR,Türkiye,2018,SILC-C,2017,National,1,0.555798236,1,1.643332563,1.643332563,1,0.555798236,14-Dec-25,2,1,N,,,,,2,2017,1.643332563,1,0,0,0,0,CPI_v12_M_v01_A
ECA,TUR,Türkiye,2019,HICES,2019,National,1,0.744703152,1.339880379,2.201869058,2.201869058,1.339880379,0.744703152,14-Dec-25,1,1,N,,,,,2,2019,2.201869058,1.339880379,0,0,0,0,CPI_v12_M_v01_A
ECA,TUR,Türkiye,2019,SILC-C,2018,National,1,0.6465738,1.16332467,1.911729312,1.911729312,1.16332467,0.6465738,14-Dec-25,2,1,N,,,,,2,2018,1.911729312,1.16332467,0,0,0,0,CPI_v12_M_v01_A
ECA,TUR,Türkiye,2020,SILC-C,2019,National,1,0.744703152,1.339880379,2.201869058,2.201869058,1.339880379,0.744703152,14-Dec-25,2,1,N,,,,,2,2019,2.201869058,1.339880379,0,0,0,0,CPI_v12_M_v01_A
ECA,TUR,Türkiye,2021,SILC-C,2020,National,1,0.836144941,1.504403733,2.472235642,2.472235642,1.504403733,0.836144941,14-Dec-25,2,1,N,,,,,2,2020,2.472235642,1.504403733,0,0,0,0,CPI_v12_M_v01_A
ECA,TUR,Türkiye,2022,SILC-C,2021,National,1,1,1.799214058,2.956707049,2.956707049,1.799214058,1,14-Dec-25,2,1,N,,,,,2,2021,2.956707049,1.799214058,0,0,0,0,CPI_v12_M_v01_A
ECA,TUR,Türkiye,2023,SILC-C,2022,National,1,1.723088249,3.1002046,5.094667171,5.094667171,3.1002046,1.723088249,14-Dec-25,2,1,N,,,,,2,,,,1,1,1,1,CPI_v12_M_v01_A
EAP,TUV,Tuvalu,2010,HIES,2010,National,1,0.748304003,0.855974368,0.995019126,0.995019126,0.855974368,0.748304003,14-Dec-25,0,1,N,,,,,2,2010,0.995019126,0.855974368,0,0,0,0,CPI_v12_M_v01_A
EAP,TWN,"Taiwan, China",1981,FIDES-LIS,1981,National,1,0.547,0.56711559,0.599721519,0.599721519,0.56711559,0.547,14-Dec-25,0,1,N,,,,,2,1981,0.599721519,0.56711559,0,0,0,0,CPI_v12_M_v01_A
EAP,TWN,"Taiwan, China",1986,FIDES-LIS,1986,National,1,0.57375,0.594849305,0.629049765,0.629049765,0.594849305,0.57375,14-Dec-25,0,1,N,,,,,2,1986,0.629049765,0.594849305,0,0,0,0,CPI_v12_M_v01_A
EAP,TWN,"Taiwan, China",1991,FIDES-LIS,1991,National,1,0.65809,0.682290857,0.72151871,0.72151871,0.682290857,0.65809,14-Dec-25,0,1,N,,,,,2,1991,0.72151871,0.682290857,0,0,0,0,CPI_v12_M_v01_A
EAP,TWN,"Taiwan, China",1995,FIDES-LIS,1995,National,1,0.76371,0.791794967,0.837318686,0.837318686,0.791794967,0.76371,14-Dec-25,0,1,N,,,,,2,1995,0.837318686,0.791794967,0,0,0,0,CPI_v12_M_v01_A
EAP,TWN,"Taiwan, China",1997,FIDES-LIS,1997,National,1,0.79433,0.823540999,0.870889934,0.870889934,0.823540999,0.79433,14-Dec-25,0,1,N,,,,,2,1997,0.870889934,0.823540999,0,0,0,0,CPI_v12_M_v01_A
EAP,TWN,"Taiwan, China",2000,FIDES-LIS,2000,National,1,0.81923,0.849356681,0.898189872,0.898189872,0.849356681,0.81923,14-Dec-25,0,1,N,,,,,2,2000,0.898189872,0.849356681,0,0,0,0,CPI_v12_M_v01_A
EAP,TWN,"Taiwan, China",2005,FIDES-LIS,2005,National,1,0.84753,0.878697397,0.929217511,0.929217511,0.878697397,0.84753,14-Dec-25,0,1,N,,,,,2,2005,0.929217511,0.878697397,0,0,0,0,CPI_v12_M_v01_A
EAP,TWN,"Taiwan, China",2007,FIDES-LIS,2007,National,1,0.86793,0.899847594,0.951583725,0.951583725,0.899847594,0.86793,14-Dec-25,0,1,N,,,,,2,2007,0.951583725,0.899847594,0,0,0,0,CPI_v12_M_v01_A
EAP,TWN,"Taiwan, China",2010,FIDES-LIS,2010,National,1,0.89931,0.932381574,0.985988225,0.985988225,0.932381574,0.89931,14-Dec-25,0,1,N,,,,,2,2010,0.985988225,0.932381574,0,0,0,0,CPI_v12_M_v01_A
EAP,TWN,"Taiwan, China",2013,FIDES-LIS,2013,National,1,0.93711,0.971571646,1.027431503,1.027431503,0.971571646,0.93711,14-Dec-25,0,1,N,,,,,2,2013,1.027431503,0.971571646,0,0,0,0,CPI_v12_M_v01_A
EAP,TWN,"Taiwan, China",2016,FIDES-LIS,2016,National,1,0.95857,0.993820825,1.050959883,1.050959883,0.993820825,0.95857,14-Dec-25,0,1,N,,,,,2,2016,1.050959883,0.993820825,0,0,0,0,CPI_v12_M_v01_A
EAP,TWN,"Taiwan, China",2017,FIDES-LIS,2017,National,1,0.96453,1,1.057494326,1.057494326,1,0.96453,14-Dec-25,0,1,N,,,,,2,2017,1.057494326,1,0,0,0,0,CPI_v12_M_v01_A
EAP,TWN,"Taiwan, China",2018,FIDES-LIS,2018,National,1,0.97755,1.013498803,1.071769233,1.071769233,1.013498803,0.97755,14-Dec-25,0,1,N,,,,,2,2018,1.071769233,1.013498803,0,0,0,0,CPI_v12_M_v01_A
EAP,TWN,"Taiwan, China",2019,FIDES-LIS,2019,National,1,0.98302,1.019169958,1.077766448,1.077766448,1.019169958,0.98302,14-Dec-25,0,1,N,,,,,2,2019,1.077766448,1.019169958,0,0,0,0,CPI_v12_M_v01_A
EAP,TWN,"Taiwan, China",2020,FIDES-LIS,2020,National,1,0.98068,1.016743906,1.075200912,1.075200912,1.016743906,0.98068,14-Dec-25,0,1,N,,,,,2,2020,1.075200912,1.016743906,0,0,0,0,CPI_v12_M_v01_A
EAP,TWN,"Taiwan, China",2021,FIDES-LIS,2021,National,1,1,1.036774388,1.096383032,1.096383032,1.036774388,1,14-Dec-25,0,1,N,,,,,2,2021,1.096383032,1.036774388,0,0,0,0,CPI_v12_M_v01_A
SSA,TZA,Tanzania,1991,HBS,1991.92,National,1,0.065515428,0.075136566,0.116706264,0.116706264,0.075136566,0.065515428,14-Dec-25,0,1,N,,,,,2,1991.92,0.116706264,0.075136566,0,0,0,0,CPI_v12_M_v01_A
SSA,TZA,Tanzania,2000,HBS,2000.33,National,1,0.261957586,0.300426846,0.466639573,0.466639573,0.300426846,0.261957586,14-Dec-25,1,1,N,,,,,2,2000.33,0.466639573,0.300426846,0,0,0,0,CPI_v12_M_v01_A
SSA,TZA,Tanzania,2007,HBS,2007,National,1,0.379293596,0.434994002,0.675656714,0.675656714,0.434994002,0.379293596,14-Dec-25,1,1,N,,,,,2,2007,0.675656714,0.434994002,0,0,0,0,CPI_v12_M_v01_A
SSA,TZA,Tanzania,2011,HBS,2011.77,National,1,0.630535836,0.723131922,1.123208447,1.123208447,0.723131922,0.630535836,14-Dec-25,1,1,N,,,,,2,2011.77,1.123208447,0.723131922,0,0,0,0,CPI_v12_M_v01_A
SSA,TZA,Tanzania,2018,HBS,2017.92,National,1,0.899983694,1.032149009,1.603190856,1.603190856,1.032149009,0.899983694,14-Dec-25,1,1,N,,,,,2,2017.92,1.603190856,1.032149009,0,0,0,0,CPI_v12_M_v01_A
SSA,UGA,Uganda,1989,HBS,1989,National,1,0.059782216,0.066633457,0.0953383,0.0953383,0.066633457,0.059782216,14-Dec-25,0,1,N,,,,,2,1989,0.0953383,0.066633457,0,0,0,0,CPI_v12_M_v01_A
SSA,UGA,Uganda,1992,NIHS,1992.23,National,1,0.159693348,0.177994737,0.254672597,0.254672597,0.177994737,0.159693348,14-Dec-25,1,1,N,,,,,2,1992.23,0.254672597,0.177994737,0,0,0,0,CPI_v12_M_v01_A
SSA,UGA,Uganda,1996,NIHS,1996.2,National,1,0.247822075,0.27622331,0.395216785,0.395216785,0.27622331,0.247822075,14-Dec-25,1,1,N,,,,,2,1996.2,0.395216785,0.27622331,0,0,0,0,CPI_v12_M_v01_A
SSA,UGA,Uganda,1999,NIHS,1999.55,National,1,0.284609377,0.31722656,0.45388371,0.45388371,0.31722656,0.284609377,14-Dec-25,1,1,N,,,,,2,1999.55,0.45388371,0.31722656,0,0,0,0,CPI_v12_M_v01_A
SSA,UGA,Uganda,2002,UNHS,2002.36,National,1,0.302585114,0.337262376,0.4825507,0.4825507,0.337262376,0.302585114,14-Dec-25,2,1,N,,,,,2,2002.36,0.4825507,0.337262376,0,0,0,0,CPI_v12_M_v01_A
SSA,UGA,Uganda,2005,UNHS,2005.33,National,1,0.367366261,0.409467658,0.585861095,0.585861095,0.409467658,0.367366261,14-Dec-25,2,1,N,,,,,2,2005.33,0.585861095,0.409467658,0,0,0,0,CPI_v12_M_v01_A
SSA,UGA,Uganda,2009,UNHS,2009.4,National,1,0.525602083,0.585837831,0.838209288,0.838209288,0.585837831,0.525602083,14-Dec-25,2,1,N,,,,,2,2009.4,0.838209288,0.585837831,0,0,0,0,CPI_v12_M_v01_A
SSA,UGA,Uganda,2012,UNHS,2012.45,National,1,0.72215405,0.804915309,1.151662545,1.151662545,0.804915309,0.72215405,14-Dec-25,2,1,N,,,,,2,2012.45,1.151662545,0.804915309,0,0,0,0,CPI_v12_M_v01_A
SSA,UGA,Uganda,2016,UNHS,2016.5,National,1,0.874967105,0.975241249,1.395362724,1.395362724,0.975241249,0.874967105,14-Dec-25,2,1,N,,,,,2,2016.5,1.395362724,0.975241249,0,0,0,0,CPI_v12_M_v01_A
SSA,UGA,Uganda,2019,UNHS,2019.64,National,1,0.967133392,1.0779701,1.542345852,1.542345852,1.0779701,0.967133392,14-Dec-25,2,1,N,,,,,2,2019.64,1.542345852,1.0779701,0,0,0,0,CPI_v12_M_v01_A
ECA,UKR,Ukraine,1992,HS,1992,National,1,1.32716E-05,1.78487E-05,3.89028E-05,3.890280015,1.784867899,1.327164447,14-Dec-25,0,0.00001,N,,,,,2,1992,3.890280015,1.784867899,0,0,0,0,CPI_v12_M_v01_A
ECA,UKR,Ukraine,1993,HS,1993,National,1,0.000641673,0.000862968,0.001880917,1.88091721,0.862968407,0.641672692,14-Dec-25,0,0.001,N,,,,,2,1993,1.88091721,0.862968407,0,0,0,0,CPI_v12_M_v01_A
ECA,UKR,Ukraine,1995,HIES,1995,National,1,0.03032192,0.040779137,0.088881795,0.088881795,0.040779137,0.03032192,14-Dec-25,1,1,N,,,,,2,1995,0.088881795,0.040779137,0,0,0,0,CPI_v12_M_v01_A
ECA,UKR,Ukraine,1996,HIES,1996,National,1,0.054678154,0.073535184,0.160276543,16.02765426,7.353518375,5.46781538,14-Dec-25,2,0.01,N,,,,,2,1996,16.02765426,7.353518375,0,0,0,0,CPI_v12_M_v01_A
ECA,UKR,Ukraine,1999,HLCS,1999,National,1,0.086000618,0.115659926,0.252091205,0.252091205,0.115659926,0.086000618,14-Dec-25,3,1,N,,,,,2,1999,0.252091205,0.115659926,0,0,0,0,CPI_v12_M_v01_A
ECA,UKR,Ukraine,2002,HLCS,2002,National,1,0.12437566,0.167269492,0.364578894,0.364578894,0.167269492,0.12437566,14-Dec-25,4,1,N,,,,,2,2002,0.364578894,0.167269492,0,0,0,0,CPI_v12_M_v01_A
ECA,UKR,Ukraine,2003,HLCS,2003,National,1,0.130848749,0.175974975,0.383553276,0.383553276,0.175974975,0.130848749,14-Dec-25,4,1,N,,,,,2,2003,0.383553276,0.175974975,0,0,0,0,CPI_v12_M_v01_A
ECA,UKR,Ukraine,2004,HLCS,2004,National,1,0.142695508,0.191907364,0.418279349,0.418279349,0.191907364,0.142695508,14-Dec-25,4,1,N,,,,,2,2004,0.418279349,0.191907364,0,0,0,0,CPI_v12_M_v01_A
ECA,UKR,Ukraine,2005,HLCS,2005,National,1,0.161802482,0.217603822,0.474287089,0.474287089,0.217603822,0.161802482,14-Dec-25,4,1,N,,,,,2,2005,0.474287089,0.217603822,0,0,0,0,CPI_v12_M_v01_A
ECA,UKR,Ukraine,2006,HLCS,2006,National,1,0.176449692,0.237302463,0.517222047,0.517222047,0.237302463,0.176449692,14-Dec-25,4,1,N,,,,,2,2006,0.517222047,0.237302463,0,0,0,0,CPI_v12_M_v01_A
ECA,UKR,Ukraine,2007,HLCS,2007,National,1,0.199103669,0.267769189,0.583627015,0.583627015,0.267769189,0.199103669,14-Dec-25,4,1,N,,,,,2,2007,0.583627015,0.267769189,0,0,0,0,CPI_v12_M_v01_A
ECA,UKR,Ukraine,2008,HLCS,2008,National,1,0.249330479,0.33531788,0.730855458,0.730855458,0.33531788,0.249330479,14-Dec-25,4,1,N,,,,,2,2008,0.730855458,0.33531788,0,0,0,0,CPI_v12_M_v01_A
ECA,UKR,Ukraine,2009,HLCS,2009,National,1,0.288927132,0.388570357,0.846924019,0.846924019,0.388570357,0.288927132,14-Dec-25,4,1,N,,,,,2,2009,0.846924019,0.388570357,0,0,0,0,CPI_v12_M_v01_A
ECA,UKR,Ukraine,2010,HLCS,2010,National,1,0.316008083,0.424990803,0.926305654,0.926305654,0.424990803,0.316008083,14-Dec-25,4,1,N,,,,,2,2010,0.926305654,0.424990803,0,0,0,0,CPI_v12_M_v01_A
ECA,UKR,Ukraine,2011,HLCS,2011,National,1,0.341148823,0.458801909,1,1,0.458801909,0.341148823,14-Dec-25,4,1,N,,,,,2,2011,1,0.458801909,0,0,0,0,CPI_v12_M_v01_A
ECA,UKR,Ukraine,2012,HLCS,2012,National,1,0.343089035,0.461411249,1.00568729,1.00568729,0.461411249,0.343089035,14-Dec-25,4,1,N,,,,,2,2012,1.00568729,0.461411249,0,0,0,0,CPI_v12_M_v01_A
ECA,UKR,Ukraine,2013,HLCS,2013,National,1,0.342269215,0.460308695,1.003284176,1.003284176,0.460308695,0.342269215,14-Dec-25,4,1,N,,,,,2,2013,1.003284176,0.460308695,0,0,0,0,CPI_v12_M_v01_A
ECA,UKR,Ukraine,2014,HLCS,2014,National,1,0.383587456,0.515876489,1.124399177,1.124399177,0.515876489,0.383587456,14-Dec-25,4,1,N,,,,,2,2014,1.124399177,0.515876489,0,0,0,0,CPI_v12_M_v01_A
ECA,UKR,Ukraine,2015,HLCS,2015,National,1,0.57039406,0.767107686,1.671980151,1.671980151,0.767107686,0.57039406,14-Dec-25,4,1,N,,,,,2,2015,1.671980151,0.767107686,0,0,0,0,CPI_v12_M_v01_A
ECA,UKR,Ukraine,2016,HLCS,2016,National,1,0.64975131,0.873833125,1.904597839,1.904597839,0.873833125,0.64975131,14-Dec-25,4,1,N,,,,,2,2016,1.904597839,0.873833125,0,0,0,0,CPI_v12_M_v01_A
ECA,UKR,Ukraine,2017,HLCS,2017,National,1,0.743564523,1,2.179589883,2.179589883,1,0.743564523,14-Dec-25,4,1,N,,,,,2,2017,2.179589883,1,0,0,0,0,CPI_v12_M_v01_A
ECA,UKR,Ukraine,2018,HLCS,2018,National,1,0.824998662,1.109518592,2.418295498,2.418295498,1.109518592,0.824998662,14-Dec-25,4,1,N,,,,,2,2018,2.418295498,1.109518592,0,0,0,0,CPI_v12_M_v01_A
ECA,UKR,Ukraine,2019,HLCS,2019,National,1,0.890063943,1.197023145,2.609019537,2.609019537,1.197023145,0.890063943,14-Dec-25,4,1,N,,,,,2,2019,2.609019537,1.197023145,0,0,0,0,CPI_v12_M_v01_A
ECA,UKR,Ukraine,2020,HLCS,2020,National,1,0.914384839,1.229731666,2.680310697,2.680310697,1.229731666,0.914384839,14-Dec-25,4,1,N,,,,,2,2020,2.680310697,1.229731666,0,0,0,0,CPI_v12_M_v01_A
LAC,URY,Uruguay,1981,ENH,1981,National,1,0.000104406,0.000143335,0.000231791,0.000231791,0.000143335,0.000104406,14-Dec-25,0,1,U,,,,,2,1981,0.000231791,0.000143335,0,0,0,0,CPI_v12_M_v01_A
LAC,URY,Uruguay,1989,ENH,1989,National,1,0.004186059,0.005746875,0.009293437,0.009293437,0.005746875,0.004186059,14-Dec-25,1,1,U,,,,,2,1989,0.009293437,0.005746875,0,0,0,0,CPI_v12_M_v01_A
LAC,URY,Uruguay,1992,ECH,1992,National,1,0.022913782,0.031457422,0.050870703,0.050870703,0.031457422,0.022913782,14-Dec-25,2,1,U,,,,,2,1992,0.050870703,0.031457422,0,0,0,0,CPI_v12_M_v01_A
LAC,URY,Uruguay,1995,ECH,1995,National,1,0.080212418,0.110120444,0.17807894,0.17807894,0.110120444,0.080212418,14-Dec-25,2,1,U,,,,,2,1995,0.17807894,0.110120444,0,0,0,0,CPI_v12_M_v01_A
LAC,URY,Uruguay,1996,ECH,1996,National,1,0.108641956,0.149150229,0.241195128,0.241195128,0.149150229,0.108641956,14-Dec-25,2,1,U,,,,,2,1996,0.241195128,0.149150229,0,0,0,0,CPI_v12_M_v01_A
LAC,URY,Uruguay,1997,ECH,1997,National,1,0.13507221,0.185435276,0.299872721,0.299872721,0.185435276,0.13507221,14-Dec-25,2,1,U,,,,,2,1997,0.299872721,0.185435276,0,0,0,0,CPI_v12_M_v01_A
LAC,URY,Uruguay,1998,ECH,1998,National,1,0.155561328,0.213563973,0.345360447,0.345360447,0.213563973,0.155561328,14-Dec-25,2,1,U,,,,,2,1998,0.345360447,0.213563973,0,0,0,0,CPI_v12_M_v01_A
LAC,URY,Uruguay,2000,ECH,2000,National,1,0.176036267,0.241673205,0.390816694,0.390816694,0.241673205,0.176036267,14-Dec-25,2,1,U,,,,,2,2000,0.390816694,0.241673205,0,0,0,0,CPI_v12_M_v01_A
LAC,URY,Uruguay,2001,ECH,2001,National,1,0.184926701,0.253878529,0.410554275,0.410554275,0.253878529,0.184926701,14-Dec-25,2,1,U,,,,,2,2001,0.410554275,0.253878529,0,0,0,0,CPI_v12_M_v01_A
LAC,URY,Uruguay,2002,ECH,2002,National,1,0.191562623,0.262988723,0.425286633,0.425286633,0.262988723,0.191562623,14-Dec-25,2,1,U,,,,,2,2002,0.425286633,0.262988723,0,0,0,0,CPI_v12_M_v01_A
LAC,URY,Uruguay,2003,ECH,2003,National,1,0.241332039,0.331315179,0.535779311,0.535779311,0.331315179,0.241332039,14-Dec-25,2,1,U,,,,,2,2003,0.535779311,0.331315179,0,0,0,0,CPI_v12_M_v01_A
LAC,URY,Uruguay,2004,ECH,2004,National,1,0.265833906,0.364952818,0.590175706,0.590175706,0.364952818,0.265833906,14-Dec-25,2,1,U,,,,,2,2004,0.590175706,0.364952818,0,0,0,0,CPI_v12_M_v01_A
LAC,URY,Uruguay,2005,ECH,2005,National,1,0.286011079,0.392653259,0.634970886,0.634970886,0.392653259,0.286011079,14-Dec-25,2,1,U,,,,,2,2005,0.634970886,0.392653259,0,0,0,0,CPI_v12_M_v01_A
LAC,URY,Uruguay,2006,ECH,2006,National,1,0.300021403,0.411887476,0.666075092,0.666075092,0.411887476,0.300021403,14-Dec-25,3,1,N,,,,,2,2006,0.666075092,0.411887476,0,0,0,0,CPI_v12_M_v01_A
LAC,URY,Uruguay,2007,ECH,2007,National,1,0.319163505,0.438166908,0.708572318,0.708572318,0.438166908,0.319163505,14-Dec-25,3,1,N,,,,,2,2007,0.708572318,0.438166908,0,0,0,0,CPI_v12_M_v01_A
LAC,URY,Uruguay,2008,ECH,2008,National,1,0.3463136,0.475440197,0.768848026,0.768848026,0.475440197,0.3463136,14-Dec-25,3,1,N,,,,,2,2008,0.768848026,0.475440197,0,0,0,0,CPI_v12_M_v01_A
LAC,URY,Uruguay,2009,ECH,2009,National,1,0.37817428,0.51918046,0.839581664,0.839581664,0.51918046,0.37817428,14-Dec-25,3,1,N,,,,,2,2009,0.839581664,0.51918046,0,0,0,0,CPI_v12_M_v01_A
LAC,URY,Uruguay,2010,ECH,2010,National,1,0.400485321,0.549810402,0.889114225,0.889114225,0.549810402,0.400485321,14-Dec-25,3,1,N,,,,,2,2010,0.889114225,0.549810402,0,0,0,0,CPI_v12_M_v01_A
LAC,URY,Uruguay,2011,ECH,2011,National,1,0.428234945,0.58790676,0.950720942,0.950720942,0.58790676,0.428234945,14-Dec-25,3,1,N,,,,,2,2011,0.950720942,0.58790676,0,0,0,0,CPI_v12_M_v01_A
LAC,URY,Uruguay,2012,ECH,2012,National,1,0.465063151,0.638466742,1.032482943,1.032482943,0.638466742,0.465063151,14-Dec-25,3,1,N,,,,,2,2012,1.032482943,0.638466742,0,0,0,0,CPI_v12_M_v01_A
LAC,URY,Uruguay,2013,ECH,2013,National,1,0.499835828,0.686204771,1.109681484,1.109681484,0.686204771,0.499835828,14-Dec-25,3,1,N,,,,,2,2013,1.109681484,0.686204771,0,0,0,0,CPI_v12_M_v01_A
LAC,URY,Uruguay,2014,ECH,2014,National,1,0.542445205,0.744701493,1.204278217,1.204278217,0.744701493,0.542445205,14-Dec-25,3,1,N,,,,,2,2014,1.204278217,0.744701493,0,0,0,0,CPI_v12_M_v01_A
LAC,URY,Uruguay,2015,ECH,2015,National,1,0.587238581,0.80619654,1.303723628,1.303723628,0.80619654,0.587238581,14-Dec-25,3,1,N,,,,,2,2015,1.303723628,0.80619654,0,0,0,0,CPI_v12_M_v01_A
LAC,URY,Uruguay,2016,ECH,2016,National,1,0.642652183,0.882271675,1.426746918,1.426746918,0.882271675,0.642652183,14-Dec-25,3,1,N,,,,,2,2016,1.426746918,0.882271675,0,0,0,0,CPI_v12_M_v01_A
LAC,URY,Uruguay,2017,ECH,2017,National,1,0.694725552,0.953761137,1.542354585,1.542354585,0.953761137,0.694725552,14-Dec-25,3,1,N,,,,,2,2017,1.542354585,0.953761137,0,0,0,0,CPI_v12_M_v01_A
LAC,URY,Uruguay,2018,ECH,2018,National,1,0.740246927,1.016255626,1.643416221,1.643416221,1.016255626,0.740246927,14-Dec-25,3,1,N,,,,,2,2018,1.643416221,1.016255626,0,0,0,0,CPI_v12_M_v01_A
LAC,URY,Uruguay,2019,ECH,2019,National,1,0.799172055,1.097151596,1.774235422,1.774235422,1.097151596,0.799172055,14-Dec-25,3,1,N,,,,,2,2019,1.774235422,1.097151596,0,0,0,0,CPI_v12_M_v01_A
LAC,URY,Uruguay,2020,ECH,2020,National,1,0.869402586,1.193568305,1.930153657,1.930153657,1.193568305,0.869402586,14-Dec-25,4,1,N,,,,,2,2020,1.930153657,1.193568305,0,0,0,0,CPI_v12_M_v01_A
LAC,URY,Uruguay,2021,ECH-S2,2021,National,1,0.951238284,1.305917287,2.111836429,2.111836429,1.305917287,0.951238284,14-Dec-25,5,1,N,,,,,2,2021,2.111836429,1.305917287,0,0,0,0,CPI_v12_M_v01_A
LAC,URY,Uruguay,2022,ECH,2022,National,1,1.026950223,1.409859202,2.279923891,2.279923891,1.409859202,1.026950223,14-Dec-25,6,1,N,,,,,2,2022,2.279923891,1.409859202,0,0,0,0,CPI_v12_M_v01_A
LAC,URY,Uruguay,2023,ECH,2023,National,1,1.112143567,1.526817763,2.469060947,2.469060947,1.526817763,1.112143567,14-Dec-25,6,1,N,,,,,2,,,,1,1,1,1,CPI_v12_M_v01_A
NAC,USA,United States,1963,CPS-LIS,1963,National,1,0.113020002,0.124939019,0.136147921,0.136147921,0.124939019,0.113020002,14-Dec-25,0,1,N,,,,,2,1963,0.136147921,0.124939019,0,0,0,0,CPI_v12_M_v01_A
NAC,USA,United States,1964,CPS-LIS,1964,National,1,0.114465428,0.126536878,0.137889132,0.137889132,0.126536878,0.114465428,14-Dec-25,0,1,N,,,,,2,1964,0.137889132,0.126536878,0,0,0,0,CPI_v12_M_v01_A
NAC,USA,United States,1965,CPS-LIS,1965,National,1,0.116279894,0.128542697,0.140074903,0.140074903,0.128542697,0.116279894,14-Dec-25,0,1,N,,,,,2,1965,0.140074903,0.128542697,0,0,0,0,CPI_v12_M_v01_A
NAC,USA,United States,1966,CPS-LIS,1966,National,1,0.119785821,0.132418357,0.144298268,0.144298268,0.132418357,0.119785821,14-Dec-25,0,1,N,,,,,2,1966,0.144298268,0.132418357,0,0,0,0,CPI_v12_M_v01_A
NAC,USA,United States,1967,CPS-LIS,1967,National,1,0.123107224,0.136090032,0.148299348,0.148299348,0.136090032,0.123107224,14-Dec-25,0,1,N,,,,,2,1967,0.148299348,0.136090032,0,0,0,0,CPI_v12_M_v01_A
NAC,USA,United States,1968,CPS-LIS,1968,National,1,0.128366114,0.141903522,0.154634394,0.154634394,0.141903522,0.128366114,14-Dec-25,0,1,N,,,,,2,1968,0.154634394,0.141903522,0,0,0,0,CPI_v12_M_v01_A
NAC,USA,United States,1969,CPS-LIS,1969,National,1,0.135377975,0.14965485,0.163081132,0.163081132,0.14965485,0.135377975,14-Dec-25,0,1,N,,,,,2,1969,0.163081132,0.14965485,0,0,0,0,CPI_v12_M_v01_A
NAC,USA,United States,1970,CPS-LIS,1970,National,1,0.143281675,0.158392068,0.17260221,0.17260221,0.158392068,0.143281675,14-Dec-25,0,1,N,,,,,2,1970,0.17260221,0.158392068,0,0,0,0,CPI_v12_M_v01_A
NAC,USA,United States,1971,CPS-LIS,1971,National,1,0.149432427,0.165191474,0.180011625,0.180011625,0.165191474,0.149432427,14-Dec-25,0,1,N,,,,,2,1971,0.180011625,0.165191474,0,0,0,0,CPI_v12_M_v01_A
NAC,USA,United States,1972,CPS-LIS,1972,National,1,0.154322269,0.170596996,0.185902103,0.185902103,0.170596996,0.154322269,14-Dec-25,0,1,N,,,,,2,1972,0.185902103,0.170596996,0,0,0,0,CPI_v12_M_v01_A
NAC,USA,United States,1973,CPS-LIS,1973,National,1,0.163855926,0.181136066,0.197386686,0.197386686,0.181136066,0.163855926,14-Dec-25,0,1,N,,,,,2,1973,0.197386686,0.181136066,0,0,0,0,CPI_v12_M_v01_A
NAC,USA,United States,1974,CPS-LIS,1974,National,1,0.181969891,0.201160319,0.219207414,0.219207414,0.201160319,0.181969891,14-Dec-25,0,1,N,,,,,2,1974,0.219207414,0.201160319,0,0,0,0,CPI_v12_M_v01_A
NAC,USA,United States,1975,CPS-LIS,1975,National,1,0.198607664,0.219552701,0.239249868,0.239249868,0.219552701,0.198607664,14-Dec-25,0,1,N,,,,,2,1975,0.239249868,0.219552701,0,0,0,0,CPI_v12_M_v01_A
NAC,USA,United States,1976,CPS-LIS,1976,National,1,0.210017291,0.232165579,0.252994311,0.252994311,0.232165579,0.210017291,14-Dec-25,0,1,N,,,,,2,1976,0.252994311,0.232165579,0,0,0,0,CPI_v12_M_v01_A
NAC,USA,United States,1977,CPS-LIS,1977,National,1,0.223671965,0.247260267,0.269443218,0.269443218,0.247260267,0.223671965,14-Dec-25,0,1,N,,,,,2,1977,0.269443218,0.247260267,0,0,0,0,CPI_v12_M_v01_A
NAC,USA,United States,1978,CPS-LIS,1978,National,1,0.240740289,0.266128605,0.29000433,0.29000433,0.266128605,0.240740289,14-Dec-25,0,1,N,,,,,2,1978,0.29000433,0.266128605,0,0,0,0,CPI_v12_M_v01_A
NAC,USA,United States,1979,CPS-LIS,1979,National,1,0.267834325,0.29607996,0.32264277,0.32264277,0.29607996,0.267834325,14-Dec-25,0,1,N,,,,,2,1979,0.32264277,0.29607996,0,0,0,0,CPI_v12_M_v01_A
NAC,USA,United States,1980,CPS-LIS,1980,National,1,0.304123743,0.336196438,0.366358296,0.366358296,0.336196438,0.304123743,14-Dec-25,0,1,N,,,,,2,1980,0.366358296,0.336196438,0,0,0,0,CPI_v12_M_v01_A
NAC,USA,United States,1981,CPS-LIS,1981,National,1,0.335554079,0.370941396,0.404220399,0.404220399,0.370941396,0.335554079,14-Dec-25,0,1,N,,,,,2,1981,0.404220399,0.370941396,0,0,0,0,CPI_v12_M_v01_A
NAC,USA,United States,1982,CPS-LIS,1982,National,1,0.356128315,0.393685377,0.429004856,0.429004856,0.393685377,0.356128315,14-Dec-25,0,1,N,,,,,2,1982,0.429004856,0.393685377,0,0,0,0,CPI_v12_M_v01_A
NAC,USA,United States,1983,CPS-LIS,1983,National,1,0.367568715,0.406332276,0.44278637,0.44278637,0.406332276,0.367568715,14-Dec-25,0,1,N,,,,,2,1983,0.44278637,0.406332276,0,0,0,0,CPI_v12_M_v01_A
NAC,USA,United States,1984,CPS-LIS,1984,National,1,0.383376145,0.423806747,0.461828564,0.461828564,0.423806747,0.383376145,14-Dec-25,0,1,N,,,,,2,1984,0.461828564,0.423806747,0,0,0,0,CPI_v12_M_v01_A
NAC,USA,United States,1985,CPS-LIS,1985,National,1,0.396969286,0.438833412,0.478203345,0.478203345,0.438833412,0.396969286,14-Dec-25,0,1,N,,,,,2,1985,0.478203345,0.438833412,0,0,0,0,CPI_v12_M_v01_A
NAC,USA,United States,1986,CPS-LIS,1986,National,1,0.404503953,0.44716268,0.487279873,0.487279873,0.44716268,0.404503953,14-Dec-25,0,1,N,,,,,2,1986,0.487279873,0.44716268,0,0,0,0,CPI_v12_M_v01_A
NAC,USA,United States,1987,CPS-LIS,1987,National,1,0.419327244,0.463549226,0.505136538,0.505136538,0.463549226,0.419327244,14-Dec-25,0,1,N,,,,,2,1987,0.505136538,0.463549226,0,0,0,0,CPI_v12_M_v01_A
NAC,USA,United States,1988,CPS-LIS,1988,National,1,0.436426343,0.482451584,0.525734721,0.525734721,0.482451584,0.436426343,14-Dec-25,0,1,N,,,,,2,1988,0.525734721,0.482451584,0,0,0,0,CPI_v12_M_v01_A
NAC,USA,United States,1989,CPS-LIS,1989,National,1,0.457492663,0.505739545,0.551111961,0.551111961,0.505739545,0.457492663,14-Dec-25,0,1,N,,,,,2,1989,0.551111961,0.505739545,0,0,0,0,CPI_v12_M_v01_A
NAC,USA,United States,1990,CPS-LIS,1990,National,1,0.482187916,0.533039143,0.580860743,0.580860743,0.533039143,0.482187916,14-Dec-25,0,1,N,,,,,2,1990,0.580860743,0.533039143,0,0,0,0,CPI_v12_M_v01_A
NAC,USA,United States,1991,CPS-LIS,1991,National,1,0.502608386,0.555613143,0.605459969,0.605459969,0.555613143,0.502608386,14-Dec-25,0,1,N,,,,,2,1991,0.605459969,0.555613143,0,0,0,0,CPI_v12_M_v01_A
NAC,USA,United States,1992,CPS-LIS,1992,National,1,0.517831485,0.57244166,0.623798256,0.623798256,0.57244166,0.517831485,14-Dec-25,0,1,N,,,,,2,1992,0.623798256,0.57244166,0,0,0,0,CPI_v12_M_v01_A
NAC,USA,United States,1993,CPS-LIS,1993,National,1,0.533116071,0.589338149,0.642210613,0.642210613,0.589338149,0.533116071,14-Dec-25,0,1,N,,,,,2,1993,0.642210613,0.589338149,0,0,0,0,CPI_v12_M_v01_A
NAC,USA,United States,1994,CPS-LIS,1994,National,1,0.547016803,0.604704843,0.65895593,0.65895593,0.604704843,0.547016803,14-Dec-25,0,1,N,,,,,2,1994,0.65895593,0.604704843,0,0,0,0,CPI_v12_M_v01_A
NAC,USA,United States,1995,CPS-LIS,1995,National,1,0.562362908,0.621669338,0.677442394,0.677442394,0.621669338,0.562362908,14-Dec-25,0,1,N,,,,,2,1995,0.677442394,0.621669338,0,0,0,0,CPI_v12_M_v01_A
NAC,USA,United States,1996,CPS-LIS,1996,National,1,0.578846916,0.639891739,0.697299618,0.697299618,0.639891739,0.578846916,14-Dec-25,0,1,N,,,,,2,1996,0.697299618,0.639891739,0,0,0,0,CPI_v12_M_v01_A
NAC,USA,United States,1997,CPS-LIS,1997,National,1,0.592378538,0.654850398,0.713600292,0.713600292,0.654850398,0.592378538,14-Dec-25,0,1,N,,,,,2,1997,0.713600292,0.654850398,0,0,0,0,CPI_v12_M_v01_A
NAC,USA,United States,1998,CPS-LIS,1998,National,1,0.601573922,0.665015521,0.724677379,0.724677379,0.665015521,0.601573922,14-Dec-25,0,1,N,,,,,2,1998,0.724677379,0.665015521,0,0,0,0,CPI_v12_M_v01_A
NAC,USA,United States,1999,CPS-LIS,1999,National,1,0.614736558,0.67956628,0.740533559,0.740533559,0.67956628,0.614736558,14-Dec-25,0,1,N,,,,,2,1999,0.740533559,0.67956628,0,0,0,0,CPI_v12_M_v01_A
NAC,USA,United States,2000,CPS-LIS,2000,National,1,0.635495287,0.702514211,0.765540264,0.765540264,0.702514211,0.635495287,14-Dec-25,0,1,N,,,,,2,2000,0.765540264,0.702514211,0,0,0,0,CPI_v12_M_v01_A
NAC,USA,United States,2001,CPS-LIS,2001,National,1,0.653455487,0.722368482,0.787175761,0.787175761,0.722368482,0.653455487,14-Dec-25,0,1,N,,,,,2,2001,0.787175761,0.722368482,0,0,0,0,CPI_v12_M_v01_A
NAC,USA,United States,2002,CPS-ASEC-LIS,2002,National,1,0.663819472,0.733825447,0.799660587,0.799660587,0.733825447,0.663819472,14-Dec-25,1,1,N,,,,,2,2002,0.799660587,0.733825447,0,0,0,0,CPI_v12_M_v01_A
NAC,USA,United States,2003,CPS-ASEC-LIS,2003,National,1,0.678888806,0.750483982,0.817813643,0.817813643,0.750483982,0.678888806,14-Dec-25,1,1,N,,,,,2,2003,0.817813643,0.750483982,0,0,0,0,CPI_v12_M_v01_A
NAC,USA,United States,2004,CPS-ASEC-LIS,2004,National,1,0.69706432,0.770576275,0.839708515,0.839708515,0.770576275,0.69706432,14-Dec-25,1,1,N,,,,,2,2004,0.839708515,0.770576275,0,0,0,0,CPI_v12_M_v01_A
NAC,USA,United States,2005,CPS-ASEC-LIS,2005,National,1,0.720713916,0.796719942,0.868197661,0.868197661,0.796719942,0.720713916,14-Dec-25,1,1,N,,,,,2,2005,0.868197661,0.796719942,0,0,0,0,CPI_v12_M_v01_A
NAC,USA,United States,2006,CPS-ASEC-LIS,2006,National,1,0.743963766,0.822421706,0.896205259,0.896205259,0.822421706,0.743963766,14-Dec-25,1,1,N,,,,,2,2006,0.896205259,0.822421706,0,0,0,0,CPI_v12_M_v01_A
NAC,USA,United States,2007,CPS-ASEC-LIS,2007,National,1,0.765186584,0.845882668,0.92177102,0.92177102,0.845882668,0.765186584,14-Dec-25,1,1,N,,,,,2,2007,0.92177102,0.845882668,0,0,0,0,CPI_v12_M_v01_A
NAC,USA,United States,2008,CPS-ASEC-LIS,2008,National,1,0.794562903,0.878356996,0.957158782,0.957158782,0.878356996,0.794562903,14-Dec-25,1,1,N,,,,,2,2008,0.957158782,0.878356996,0,0,0,0,CPI_v12_M_v01_A
NAC,USA,United States,2009,CPS-ASEC-LIS,2009,National,1,0.791737852,0.875234016,0.953755624,0.953755624,0.875234016,0.791737852,14-Dec-25,1,1,N,,,,,2,2009,0.953755624,0.875234016,0,0,0,0,CPI_v12_M_v01_A
NAC,USA,United States,2010,CPS-ASEC-LIS,2010,National,1,0.804722687,0.889588223,0.969397619,0.969397619,0.889588223,0.804722687,14-Dec-25,1,1,N,,,,,2,2010,0.969397619,0.889588223,0,0,0,0,CPI_v12_M_v01_A
NAC,USA,United States,2011,CPS-ASEC-LIS,2011,National,1,0.830126535,0.917671146,1,1,0.917671146,0.830126535,14-Dec-25,1,1,N,,,,,2,2011,1,0.917671146,0,0,0,0,CPI_v12_M_v01_A
NAC,USA,United States,2012,CPS-ASEC-LIS,2012,National,1,0.847304619,0.936660819,1.020693332,1.020693332,0.936660819,0.847304619,14-Dec-25,1,1,N,,,,,2,2012,1.020693332,0.936660819,0,0,0,0,CPI_v12_M_v01_A
NAC,USA,United States,2013,CPS-ASEC-LIS,2013,National,1,0.859716204,0.950381322,1.035644769,1.035644769,0.950381322,0.859716204,14-Dec-25,1,1,N,,,,,2,2013,1.035644769,0.950381322,0,0,0,0,CPI_v12_M_v01_A
NAC,USA,United States,2014,CPS-ASEC-LIS,2014,National,1,0.873662738,0.965798648,1.05244526,1.05244526,0.965798648,0.873662738,14-Dec-25,1,1,N,,,,,2,2014,1.05244526,0.965798648,0,0,0,0,CPI_v12_M_v01_A
NAC,USA,United States,2015,CPS-ASEC-LIS,2015,National,1,0.874699155,0.966944364,1.053693765,1.053693765,0.966944364,0.874699155,14-Dec-25,1,1,N,,,,,2,2015,1.053693765,0.966944364,0,0,0,0,CPI_v12_M_v01_A
NAC,USA,United States,2016,CPS-ASEC-LIS,2016,National,1,0.885734192,0.97914315,1.066986964,1.066986964,0.97914315,0.885734192,14-Dec-25,1,1,N,,,,,2,2016,1.066986964,0.97914315,0,0,0,0,CPI_v12_M_v01_A
NAC,USA,United States,2017,CPS-ASEC-LIS,2017,National,1,0.904601326,1,1.089714987,1.089714987,1,0.904601326,14-Dec-25,1,1,N,,,,,2,2017,1.089714987,1,0,0,0,0,CPI_v12_M_v01_A
NAC,USA,United States,2018,CPS-ASEC-LIS,2018,National,1,0.926696942,1.024425805,1.116332152,1.116332152,1.024425805,0.926696942,14-Dec-25,1,1,N,,,,,2,2018,1.116332152,1.024425805,0,0,0,0,CPI_v12_M_v01_A
NAC,USA,United States,2019,CPS-ASEC-LIS,2019,National,1,0.943490628,1.042990543,1.136562425,1.136562425,1.042990543,0.943490628,14-Dec-25,1,1,N,,,,,2,2019,1.136562425,1.042990543,0,0,0,0,CPI_v12_M_v01_A
NAC,USA,United States,2020,CPS-ASEC-LIS,2020,National,1,0.955129367,1.055856696,1.150582865,1.150582865,1.055856696,0.955129367,14-Dec-25,1,1,N,,,,,2,2020,1.150582865,1.055856696,0,0,0,0,CPI_v12_M_v01_A
NAC,USA,United States,2021,CPS-ASEC-LIS,2021,National,1,1,1.105459356,1.204635628,1.204635628,1.105459356,1,14-Dec-25,1,1,N,,,,,2,2021,1.204635628,1.105459356,0,0,0,0,CPI_v12_M_v01_A
NAC,USA,United States,2022,CPS-ASEC-LIS,2022,National,1,1.080028072,1.193927138,1.301040295,1.301040295,1.193927138,1.080028072,14-Dec-25,1,1,N,,,,,2,2022,1.301040295,1.193927138,0,0,0,0,CPI_v12_M_v01_A
NAC,USA,United States,2023,CPS-ASEC-LIS,2023,National,1,1.124485636,1.243073168,1.35459546,1.35459546,1.243073168,1.124485636,14-Dec-25,1,1,N,,,,,2,,,,1,1,1,1,CPI_v12_M_v01_A
ECA,UZB,Uzbekistan,1998,HBS,1998,National,1,0.044944223,0.075684461,0.140236277,0.140236277,0.075684461,0.044944223,14-Dec-25,0,1,N,,,,,2,1998,0.140236277,0.075684461,0,0,0,0,CPI_v12_M_v01_A
ECA,UZB,Uzbekistan,2000,HBS,2000,National,1,0.072535055,0.122146435,0.226325998,0.226325998,0.122146435,0.072535055,14-Dec-25,0,1,N,,,,,2,2000,0.226325998,0.122146435,0,0,0,0,CPI_v12_M_v01_A
ECA,UZB,Uzbekistan,2002,HBS,2002,National,1,0.117488096,0.197845744,0.366589788,0.366589788,0.197845744,0.117488096,14-Dec-25,0,1,N,,,,,2,2002,0.366589788,0.197845744,0,0,0,0,CPI_v12_M_v01_A
ECA,UZB,Uzbekistan,2003,HBS,2003,National,1,0.132169699,0.222569038,0.412399755,0.412399755,0.222569038,0.132169699,14-Dec-25,0,1,N,,,,,2,2003,0.412399755,0.222569038,0,0,0,0,CPI_v12_M_v01_A
ECA,UZB,Uzbekistan,2021,HBS,2021,National,1,1,1.683964177,3.120229212,3.120229212,1.683964177,1,14-Dec-25,1,1,N,,,,,2,,,,1,1,1,1,CPI_v12_M_v01_A
ECA,UZB,Uzbekistan,2022,HBS,2022,National,1,1.114466376,1.876721454,3.477390543,3.477390543,1.876721454,1.114466376,14-Dec-25,1,1,N,,,,,2,2022,3.477390543,1.876721454,0,0,0,0,CPI_v12_M_v01_A
ECA,UZB,Uzbekistan,2023,HBS,2023,National,1,1.225364522,2.063469959,3.823418178,3.823418178,2.063469959,1.225364522,14-Dec-25,1,1,N,,,,,2,,,,1,1,1,1,CPI_v12_M_v01_A
LAC,VEN,"Venezuela, RB",1981,EHM,1981,National,1,6.69E-14,3.63E-06,0.000424634,0.424633904,0.003631014,6.69E-11,14-Dec-25,0,0.001,N,,,,,2,1981,0.424633904,0.003630991,0,0,0,0,CPI_v12_M_v01_A
LAC,VEN,"Venezuela, RB",1987,EHM,1987,National,1,1.39E-13,7.52E-06,0.000879609,0.879609448,0.007521477,1.39E-10,14-Dec-25,0,0.001,N,,,,,2,1987,0.879609448,0.00752143,0,0,0,0,CPI_v12_M_v01_A
LAC,VEN,"Venezuela, RB",1989,EHM,1989,National,1,3.31E-13,1.7963E-05,0.002100703,2.10070333,0.017962962,3.31E-10,14-Dec-25,1,0.001,N,,,,,2,1989,2.10070333,0.017962851,0,0,0,0,CPI_v12_M_v01_A
LAC,VEN,"Venezuela, RB",1992,EHM,1992,National,1,,,0.00592048,5.920479941,0.050625259,9.32E-10,14-Dec-25,1,0.001,N,,,,,2,1992,5.920479941,0.050625259,0,0,0,0,CPI_v12_M_v01_A
LAC,VEN,"Venezuela, RB",1995,EHM,1995,National,1,,,0.023117815,23.11781467,0.197677447,3.64E-09,14-Dec-25,1,0.001,N,,,,,2,1995,23.11781467,0.197677447,0,0,0,0,CPI_v12_M_v01_A
LAC,VEN,"Venezuela, RB",1998,EHM,1998,National,1,,,0.083992209,83.99220882,0.718206526,1.32E-08,14-Dec-25,1,0.001,N,,,,,2,1998,83.99220882,0.718206526,0,0,0,0,CPI_v12_M_v01_A
LAC,VEN,"Venezuela, RB",1999,EHM,1999,National,1,,,0.100814409,100.8144088,0.862050985,1.59E-08,14-Dec-25,1,0.001,N,,,,,2,1999,100.8144088,0.862050985,0,0,0,0,CPI_v12_M_v01_A
LAC,VEN,"Venezuela, RB",2001,EHM,2001,National,1,,,0.128399625,128.3996251,1.097928605,2.02E-08,14-Dec-25,2,0.001,N,,,,,2,2001,128.3996251,1.097928605,0,0,0,0,CPI_v12_M_v01_A
LAC,VEN,"Venezuela, RB",2002,EHM,2002,National,1,,,0.1684802,168.4802004,1.440652427,2.65E-08,14-Dec-25,2,0.001,N,,,,,2,2002,168.4802004,1.440652427,0,0,0,0,CPI_v12_M_v01_A
LAC,VEN,"Venezuela, RB",2003,EHM,2003,National,1,,,0.214111742,214.1117425,1.830841848,3.37E-08,14-Dec-25,2,0.001,N,,,,,2,2003,214.1117425,1.830841848,0,0,0,0,CPI_v12_M_v01_A
LAC,VEN,"Venezuela, RB",2004,EHM,2004,National,1,,,0.255188966,255.1889659,2.182087878,4.02E-08,14-Dec-25,2,0.001,N,,,,,2,2004,255.1889659,2.182087878,0,0,0,0,CPI_v12_M_v01_A
LAC,VEN,"Venezuela, RB",2005,EHM,2005,National,1,,,0.291829875,291.8298754,2.495399561,4.60E-08,14-Dec-25,2,0.001,N,,,,,2,2005,291.8298754,2.495399561,0,0,0,0,CPI_v12_M_v01_A
LAC,VEN,"Venezuela, RB",2006,EHM,2006,National,1,,,0.34134247,341.3424699,2.91877536,5.38E-08,14-Dec-25,2,0.001,N,,,,,2,2006,341.3424699,2.91877536,0,0,0,0,CPI_v12_M_v01_A
EAP,VNM,Viet Nam,1992,VLSS,1992.77,National,1,0.178018905,0.19916445,0.257823962,0.257823962,0.19916445,0.178018905,14-Dec-25,0,1,N,,,,,2,1992.77,0.259932267,0.200793079,1,0,1,0,CPI_v12_M_v01_A
EAP,VNM,Viet Nam,1997,VLSS,1997.92,National,1,0.272176598,0.304506436,0.394192115,0.394192115,0.304506436,0.272176598,14-Dec-25,0,1,N,,,,,2,1997.92,0.394192115,0.304506436,0,0,0,0,CPI_v12_M_v01_A
EAP,VNM,Viet Nam,2002,VHLSS,2002,National,1,0.284100159,0.317846308,0.411460953,0.411460953,0.317846308,0.284100159,14-Dec-25,1,1,N,,,,,2,2002,0.411460953,0.317846308,0,0,0,0,CPI_v12_M_v01_A
EAP,VNM,Viet Nam,2004,VHLSS,2004,National,1,0.304483082,0.340650368,0.440981448,0.440981448,0.340650368,0.304483082,14-Dec-25,1,1,N,,,,,2,2004,0.440981448,0.340650368,0,0,0,0,CPI_v12_M_v01_A
EAP,VNM,Viet Nam,2006,VHLSS,2006,National,1,0.363372991,0.406535373,0.526271432,0.526271432,0.406535373,0.363372991,14-Dec-25,1,1,N,,,,,2,2006,0.526271432,0.406535373,0,0,0,0,CPI_v12_M_v01_A
EAP,VNM,Viet Nam,2008,VHLSS,2008,National,1,0.441508377,0.493951881,0.639434552,0.639434552,0.493951881,0.441508377,14-Dec-25,1,1,N,,,,,2,2008,0.639434552,0.493951881,0,0,0,0,CPI_v12_M_v01_A
EAP,VNM,Viet Nam,2010,VHLSS,2010,National,1,0.558213879,0.624519964,0.808458594,0.808458594,0.624519964,0.558213879,14-Dec-25,2,1,N,,,,,2,2010,0.808458594,0.624519964,0,0,0,0,CPI_v12_M_v01_A
EAP,VNM,Viet Nam,2012,VHLSS,2012,National,1,0.734252183,0.821468551,1.06341406,1.06341406,0.821468551,0.734252183,14-Dec-25,2,1,N,,,,,2,2012,1.06341406,0.821468551,0,0,0,0,CPI_v12_M_v01_A
EAP,VNM,Viet Nam,2014,VHLSS,2014,National,1,0.82900488,0.927476218,1.200643955,1.200643955,0.927476218,0.82900488,14-Dec-25,2,1,N,,,,,2,2014,1.200643955,0.927476218,0,0,0,0,CPI_v12_M_v01_A
EAP,VNM,Viet Nam,2016,VHLSS,2016,National,1,0.843457484,0.943645539,1.221575594,1.221575594,0.943645539,0.843457484,14-Dec-25,2,1,N,,,,,2,2016,1.221575594,0.943645539,0,0,0,0,CPI_v12_M_v01_A
EAP,VNM,Viet Nam,2018,VHLSS,2018,National,1,0.910971615,1.019179173,1.319356,1.319356,1.019179173,0.910971615,14-Dec-25,2,1,N,,,,,2,2018,1.319356,1.019179173,0,0,0,0,CPI_v12_M_v01_A
EAP,VNM,Viet Nam,2020,VHLSS,2020,National,1,0.994371725,1.112485764,1.440143996,1.440143996,1.112485764,0.994371725,14-Dec-25,2,1,N,,,,,2,2020,1.440143996,1.112485764,0,0,0,0,CPI_v12_M_v01_A
EAP,VNM,Viet Nam,2022,VHLSS,2022,National,1,1.003835124,1.12307325,1.453849794,1.453849794,1.12307325,1.003835124,14-Dec-25,2,1,N,,,,,2,2022,1.453849794,1.12307325,0,0,0,0,CPI_v12_M_v01_A
EAP,VUT,Vanuatu,2010,HIES,2010,National,1,0.791998445,0.897790269,0.991337759,0.991337759,0.897790269,0.791998445,14-Dec-25,0,1,N,,,,,2,2010,0.991337759,0.897790269,0,0,0,0,CPI_v12_M_v01_A
EAP,VUT,Vanuatu,2019,NSDP,2019.21,National,1,0.938047251,1.063347661,1.174145814,1.174145814,1.063347661,0.938047251,14-Dec-25,1,1,N,,,,,2,2019.21,1.174145814,1.063347661,0,0,0,0,CPI_v12_M_v01_A
EAP,WSM,Samoa,2002,HIES,2002,National,1,0.539793742,0.576582074,0.612124509,0.612124509,0.576582074,0.539793742,14-Dec-25,0,1,N,,,,,2,2002,0.612124509,0.576582074,0,0,0,0,CPI_v12_M_v01_A
EAP,WSM,Samoa,2008,HIES,2008,National,1,0.782040985,0.835339089,0.886832167,0.886832167,0.835339089,0.782040985,14-Dec-25,0,1,N,,,,,2,2008,0.886832167,0.835339089,0,0,0,0,CPI_v12_M_v01_A
EAP,WSM,Samoa,2013,HIES,2013.25,National,1,0.904474902,0.966117193,1.025671868,1.025671868,0.966117193,0.904474902,14-Dec-25,0,1,N,,,,,2,2013.25,1.025671868,0.966117193,0,0,0,0,CPI_v12_M_v01_A
ECA,XKX,Kosovo,2003,HBS,2003,National,1,0.722730833,0.776576338,0.823263876,0.823263876,0.776576338,0.722730833,14-Dec-25,0,1,N,,,,,2,2003,0.823263876,0.776576338,0,0,0,0,CPI_v12_M_v01_A
ECA,XKX,Kosovo,2005,HBS,2005,National,1,0.705323019,0.757871593,0.803434607,0.803434607,0.757871593,0.705323019,14-Dec-25,0,1,N,,,,,2,2005,0.803434607,0.757871593,0,0,0,0,CPI_v12_M_v01_A
ECA,XKX,Kosovo,2006,HBS,2006,National,1,0.709707639,0.762582879,0.808429135,0.808429135,0.762582879,0.709707639,14-Dec-25,0,1,N,,,,,2,2006,0.808429135,0.762582879,0,0,0,0,CPI_v12_M_v01_A
ECA,XKX,Kosovo,2009,HBS,2009,National,1,0.790372607,0.849257617,0.900314732,0.900314732,0.849257617,0.790372607,14-Dec-25,0,1,N,,,,,2,2009,0.900314732,0.849257617,0,0,0,0,CPI_v12_M_v01_A
ECA,XKX,Kosovo,2010,HBS,2010,National,1,0.817881575,0.878816082,0.931650242,0.931650242,0.878816082,0.817881575,14-Dec-25,0,1,N,,,,,2,2010,0.931650242,0.878816082,0,0,0,0,CPI_v12_M_v01_A
ECA,XKX,Kosovo,2011,HBS,2011,National,1,0.877884787,0.943289704,1,1,0.943289704,0.877884787,14-Dec-25,0,1,N,,,,,2,2011,1,0.943289704,0,0,0,0,CPI_v12_M_v01_A
ECA,XKX,Kosovo,2012,HBS,2012,National,1,0.899627675,0.966652499,1.024767359,1.024767359,0.966652499,0.899627675,14-Dec-25,1,1,N,,,,,2,2012,1.024767359,0.966652499,0,0,0,0,CPI_v12_M_v01_A
ECA,XKX,Kosovo,2013,HBS,2013,National,1,0.915527045,0.983736418,1.042878358,1.042878358,0.983736418,0.915527045,14-Dec-25,1,1,N,,,,,2,2013,1.042878358,0.983736418,0,0,0,0,CPI_v12_M_v01_A
ECA,XKX,Kosovo,2014,HBS,2014,National,1,0.919454277,0.98795624,1.047351874,1.047351874,0.98795624,0.919454277,14-Dec-25,1,1,N,,,,,2,2014,1.047351874,0.98795624,0,0,0,0,CPI_v12_M_v01_A
ECA,XKX,Kosovo,2015,HBS,2015,National,1,0.914517423,0.982651576,1.041728295,1.041728295,0.982651576,0.914517423,14-Dec-25,1,1,N,,,,,2,2015,1.041728295,0.982651576,0,0,0,0,CPI_v12_M_v01_A
ECA,XKX,Kosovo,2016,HBS,2016,National,1,0.917015583,0.985335856,1.044573954,1.044573954,0.985335856,0.917015583,14-Dec-25,1,1,N,,,,,2,2016,1.044573954,0.985335856,0,0,0,0,CPI_v12_M_v01_A
ECA,XKX,Kosovo,2017,HBS,2017,National,1,0.930662959,1,1.060119702,1.060119702,1,0.930662959,14-Dec-25,1,1,N,,,,,2,2017,1.060119702,1,0,0,0,0,CPI_v12_M_v01_A
ECA,XKX,Kosovo,2018,SILC-C,2017,National,1,0.930662959,1,1.060119702,1.060119702,1,0.930662959,14-Dec-25,2,1,N,,,,,2,,,,1,1,1,1,CPI_v12_M_v01_A
ECA,XKX,Kosovo,2019,SILC-C,2018,National,1,0.940470274,1.010537989,1.071291231,1.071291231,1.010537989,0.940470274,14-Dec-25,2,1,N,,,,,2,,,,1,1,1,1,CPI_v12_M_v01_A
ECA,XKX,Kosovo,2020,SILC-C,2019,National,1,0.965637143,1.03757986,1.099958852,1.099958852,1.03757986,0.965637143,14-Dec-25,2,1,N,,,,,2,,,,1,1,1,1,CPI_v12_M_v01_A
ECA,XKX,Kosovo,2021,SILC-C,2020,National,1,0.967551307,1.039636636,1.10213928,1.10213928,1.039636636,0.967551307,14-Dec-25,2,1,N,,,,,2,,,,1,1,1,1,CPI_v12_M_v01_A
ECA,XKX,Kosovo,2022,SILC-C,2021,National,1,1,1.074502848,1.139101639,1.139101639,1.074502848,1,14-Dec-25,2,1,N,,,,,2,,,,1,1,1,1,CPI_v12_M_v01_A
MNA,YEM,"Yemen, Rep.",1998,HBS,1998,National,1,0.040658795,0.100554522,0.255790196,0.255790196,0.100554522,0.040658795,14-Dec-25,0,1,N,,,,,2,1998,0.255790196,0.100554522,0,0,0,0,CPI_v12_M_v01_A
MNA,YEM,"Yemen, Rep.",2005,HBS,2005.25,National,1,0.081896524,0.202540821,0.515222539,0.515222539,0.202540821,0.081896524,14-Dec-25,1,1,N,,,,,2,2005.25,0.515222539,0.202540821,0,0,0,0,CPI_v12_M_v01_A
MNA,YEM,"Yemen, Rep.",2014,HBS,2014,National,1,0.209534107,0.51820527,1.318208513,1.318208513,0.51820527,0.209534107,14-Dec-25,1,1,N,,,,,2,2014,1.318208513,0.51820527,0,0,0,0,CPI_v12_M_v01_A
SSA,ZAF,South Africa,1993,KIDS,1993,National,1,0.213554679,0.250919243,0.34901668,0.34901668,0.250919243,0.213554679,14-Dec-25,0,1,N,,,,,2,1993,0.34901668,0.250919243,0,0,0,0,CPI_v12_M_v01_A
SSA,ZAF,South Africa,2000,HIES,2000.75,National,1,0.363994436,0.42768067,0.594883382,0.594883382,0.42768067,0.363994436,14-Dec-25,2,1,N,,,,,2,2000.75,0.594883382,0.42768067,0,0,0,0,CPI_v12_M_v01_A
SSA,ZAF,South Africa,2005,IES,2005,National,1,0.445254343,0.523158205,0.727688072,0.727688072,0.523158205,0.445254343,14-Dec-25,3,1,N,,,,,2,2005,0.727688072,0.523158205,0,0,0,0,CPI_v12_M_v01_A
SSA,ZAF,South Africa,2008,LCS,2008.67,National,1,0.547413093,0.643191146,0.894648159,0.894648159,0.643191146,0.547413093,14-Dec-25,3,1,N,,,,,2,2008.67,0.894648159,0.643191146,0,0,0,0,CPI_v12_M_v01_A
SSA,ZAF,South Africa,2010,IES,2010,National,1,0.611020941,0.717928132,0.998603736,0.998603736,0.717928132,0.611020941,14-Dec-25,3,1,N,,,,,2,2010,0.998603736,0.717928132,0,0,0,0,CPI_v12_M_v01_A
SSA,ZAF,South Africa,2014,LCS,2014.83,National,1,0.760700567,0.893796432,1.243228141,1.243228141,0.893796432,0.760700567,14-Dec-25,3,1,N,,,,,2,2014.83,1.243228141,0.893796432,0,0,0,0,CPI_v12_M_v01_A
SSA,ZMB,Zambia,1991,HBS,1991,National,1,0.001429636,0.002368799,4.03E-06,4.03E-06,0.002368799,0.001429636,14-Dec-25,0,1,N,,,,,2,1991,4.03E-06,0.002368799,0,0,0,0,CPI_v12_M_v01_A
SSA,ZMB,Zambia,1993,HBS,1993,National,1,10.76199415,17.83181199,0.030317281,0.030317281,17.83181199,10.76199415,14-Dec-25,1,1,N,,,,,2,1993,0.030317281,17.83181199,0,0,0,0,CPI_v12_M_v01_A
SSA,ZMB,Zambia,1996,LCMS-I,1996,National,1,0.032119672,0.053219872,9.04833E-05,9.04833E-05,0.053219872,0.032119672,14-Dec-25,2,1,N,,,,,2,1996,9.04833E-05,0.053219872,0,0,0,0,CPI_v12_M_v01_A
SSA,ZMB,Zambia,1998,LCMS-II,1998,National,1,0.049737191,0.082410771,0.000140113,0.000140113,0.082410771,0.049737191,14-Dec-25,3,1,N,,,,,2,1998,0.000140113,0.082410771,0,0,0,0,CPI_v12_M_v01_A
SSA,ZMB,Zambia,2002,LCMS-III,2002.83,National,1,0.138876856,0.230108468,0.000391226,0.000391226,0.230108468,0.138876856,14-Dec-25,3,1,N,,,,,2,2002.83,0.000391226,0.230108468,0,0,0,0,CPI_v12_M_v01_A
SSA,ZMB,Zambia,2004,LCMS-IV,2004.67,National,1,0.189626876,0.31419742,0.000534192,0.000534192,0.31419742,0.189626876,14-Dec-25,3,1,N,,,,,2,2004.67,0.000534192,0.31419742,0,0,0,0,CPI_v12_M_v01_A
SSA,ZMB,Zambia,2006,LCMS-V,2006.5,National,1,0.229473838,0.380220828,0.000646444,0.000646444,0.380220828,0.229473838,14-Dec-25,3,1,N,,,,,2,2006.5,0.000646444,0.380220828,0,0,0,0,CPI_v12_M_v01_A
SSA,ZMB,Zambia,2010,LCMS-VI,2010,National,1,0.3335346,0.552641656,0.00093959,0.00093959,0.552641656,0.3335346,14-Dec-25,4,1,N,,,,,2,2010,0.00093959,0.552641656,0,0,0,0,CPI_v12_M_v01_A
SSA,ZMB,Zambia,2015,LCMS-VII,2015,National,1,0.480430136,0.796036473,0.001353405,0.001353405,0.796036473,0.480430136,14-Dec-25,4,1,N,,,,,2,2015,0.001353405,0.796036473,0,0,0,0,CPI_v12_M_v01_A
SSA,ZMB,Zambia,2022,LCMS-VIII,2022,National,1,1109.932059,1839.073644,3.126755333,0.003126755,1.839073644,1.109932059,14-Dec-25,4,1000,N,,,,,2,2022,0.003126755,1.839073644,0,0,0,0,CPI_v12_M_v01_A
SSA,ZWE,Zimbabwe,2011,ICES,2011,National,1,0.713404278,1.087868706,1,1,1.087868706,0.713404278,14-Dec-25,0,1,N,,,,,2,2011,1,0.98064342,1,0,0,0,CPI_v12_M_v01_A
SSA,ZWE,Zimbabwe,2017,PICES,2017,National,1,0.655781598,1,0.919228575,0.919228575,1,0.655781598,14-Dec-25,0,1,N,,,,,2,2017,1.019738653,1,0,0,1,0,CPI_v12_M_v01_A
SSA,ZWE,Zimbabwe,2019,PICES,2019,National,1,0.655781598,1,0.919228575,0.919228575,1,0.655781598,14-Dec-25,0,1,N,,,,,2,2019,1.019738653,1,0,0,1,0,CPI_v12_M_v01_A
